{"type":"FeatureCollection","features":[{"type":"Feature","id":"0-0","properties":{"NomSistExp":"Turia","Subsistema":"Alto Turia - Guadalaviar","Superf km2":808.19,"Area km2":808.19,"id":"0-0"},"geometry":{"type":"Polygon","coordinates":[[[-1.47989,40.26441],[-1.4804,40.2644],[-1.48075,40.26371],[-1.48151,40.26335],[-1.4841,40.26278],[-1.48878,40.26222],[-1.49318,40.26226],[-1.49392,40.26248],[-1.49404,40.26262],[-1.49308,40.26361],[-1.49254,40.26455],[-1.49308,40.26566],[-1.4936,40.2661],[-1.49481,40.26622],[-1.49569,40.26608],[-1.49667,40.26711],[-1.49794,40.26778],[-1.49819,40.26963],[-1.49768,40.27066],[-1.49796,40.27091],[-1.49937,40.27125],[-1.49958,40.27144],[-1.49959,40.27244],[-1.49932,40.27321],[-1.4998,40.27384],[-1.49985,40.27423],[-1.49955,40.27519],[-1.49952,40.27658],[-1.50036,40.27777],[-1.50208,40.27706],[-1.50425,40.27695],[-1.50483,40.2771],[-1.5057,40.27695],[-1.50661,40.2771],[-1.50731,40.27743],[-1.50761,40.2779],[-1.5074,40.2787],[-1.5075,40.27958],[-1.50787,40.27959],[-1.50912,40.27905],[-1.51025,40.27939],[-1.51112,40.28172],[-1.51113,40.28362],[-1.51136,40.2842],[-1.51139,40.28482],[-1.51037,40.28663],[-1.50936,40.28765],[-1.5084,40.28927],[-1.5083,40.29147],[-1.50862,40.29217],[-1.50898,40.2925],[-1.51147,40.29368],[-1.51218,40.29263],[-1.51266,40.29236],[-1.51344,40.29014],[-1.5139,40.2893],[-1.51444,40.28875],[-1.51574,40.28777],[-1.51657,40.28749],[-1.51768,40.28742],[-1.51954,40.28782],[-1.52118,40.2888],[-1.52432,40.28962],[-1.52482,40.29044],[-1.52669,40.29054],[-1.52716,40.29107],[-1.528,40.29161],[-1.52896,40.2916],[-1.52959,40.29107],[-1.53057,40.29069],[-1.53255,40.2909],[-1.53523,40.29159],[-1.53642,40.29227],[-1.53649,40.29272],[-1.53631,40.29323],[-1.53652,40.29409],[-1.53687,40.29459],[-1.5383,40.2949],[-1.5404,40.29499],[-1.5422,40.29605],[-1.54418,40.29632],[-1.54459,40.296],[-1.54477,40.29554],[-1.54561,40.29517],[-1.54601,40.29471],[-1.54638,40.29364],[-1.54735,40.2928],[-1.54767,40.29184],[-1.54748,40.29133],[-1.54808,40.28973],[-1.54901,40.28523],[-1.54992,40.28175],[-1.55042,40.27872],[-1.55073,40.27826],[-1.55232,40.2769],[-1.55314,40.27667],[-1.55382,40.27693],[-1.55438,40.2774],[-1.55514,40.27884],[-1.5561,40.27967],[-1.55659,40.28086],[-1.55775,40.28103],[-1.55839,40.28157],[-1.5591,40.28168],[-1.5574,40.28238],[-1.55704,40.28297],[-1.55698,40.28417],[-1.55724,40.28517],[-1.55728,40.28691],[-1.55798,40.28759],[-1.55818,40.28811],[-1.5597,40.28986],[-1.56003,40.29112],[-1.56008,40.29206],[-1.56024,40.29234],[-1.56015,40.29295],[-1.55977,40.29315],[-1.55944,40.29405],[-1.55947,40.29504],[-1.56014,40.29544],[-1.5605,40.29624],[-1.56116,40.29701],[-1.56283,40.29822],[-1.56403,40.29867],[-1.56411,40.299],[-1.56508,40.29983],[-1.56641,40.30151],[-1.56768,40.30234],[-1.56779,40.30364],[-1.56808,40.30461],[-1.56884,40.30565],[-1.56909,40.30786],[-1.56953,40.30932],[-1.57005,40.31053],[-1.57082,40.31168],[-1.5708,40.31271],[-1.57177,40.31356],[-1.57276,40.31396],[-1.57496,40.3165],[-1.57541,40.31757],[-1.57589,40.31801],[-1.57644,40.31902],[-1.57716,40.31953],[-1.57891,40.31997],[-1.58024,40.32002],[-1.58219,40.31963],[-1.58444,40.31837],[-1.58464,40.31809],[-1.58511,40.31825],[-1.58588,40.31794],[-1.58594,40.31704],[-1.58533,40.31663],[-1.5859,40.31601],[-1.5881,40.31606],[-1.58936,40.31655],[-1.58963,40.31732],[-1.59047,40.31848],[-1.59123,40.31878],[-1.59309,40.31857],[-1.59483,40.31877],[-1.59556,40.31843],[-1.59664,40.31838],[-1.60085,40.31902],[-1.60162,40.3187],[-1.60302,40.31868],[-1.60436,40.31844],[-1.6052,40.31825],[-1.60558,40.31796],[-1.60702,40.31792],[-1.61065,40.31739],[-1.61371,40.31746],[-1.61243,40.31679],[-1.61088,40.31629],[-1.60961,40.3156],[-1.60871,40.31453],[-1.60888,40.31362],[-1.61052,40.31114],[-1.61105,40.3106],[-1.61324,40.30981],[-1.61733,40.30863],[-1.62327,40.30725],[-1.62378,40.30756],[-1.62449,40.30831],[-1.62617,40.30941],[-1.62752,40.30993],[-1.62889,40.31006],[-1.62945,40.31042],[-1.63262,40.3102],[-1.63325,40.31054],[-1.63297,40.31085],[-1.63261,40.3119],[-1.63261,40.31373],[-1.63351,40.31449],[-1.63418,40.31474],[-1.63537,40.31488],[-1.63697,40.31583],[-1.63701,40.31797],[-1.63716,40.31856],[-1.63756,40.31894],[-1.63745,40.3191],[-1.64006,40.31921],[-1.64073,40.31999],[-1.64141,40.32047],[-1.64547,40.32127],[-1.64757,40.3221],[-1.64977,40.32221],[-1.65091,40.32264],[-1.65187,40.32261],[-1.65251,40.32234],[-1.65398,40.3225],[-1.65581,40.323],[-1.65635,40.32333],[-1.65805,40.3239],[-1.65843,40.32424],[-1.65953,40.32436],[-1.6602,40.32462],[-1.66127,40.3256],[-1.66222,40.326],[-1.66279,40.32655],[-1.66427,40.32714],[-1.66545,40.32804],[-1.666,40.32852],[-1.66619,40.32904],[-1.66676,40.32973],[-1.66773,40.33057],[-1.66772,40.33154],[-1.66614,40.33268],[-1.66794,40.3344],[-1.66845,40.33565],[-1.66994,40.33624],[-1.67083,40.33736],[-1.67086,40.33782],[-1.67034,40.33881],[-1.67126,40.34059],[-1.67244,40.34156],[-1.67368,40.34212],[-1.6748,40.34299],[-1.67497,40.3444],[-1.67542,40.34513],[-1.6758,40.34637],[-1.67687,40.34702],[-1.67742,40.34862],[-1.67647,40.35208],[-1.6761,40.35279],[-1.67422,40.35406],[-1.67412,40.35475],[-1.67462,40.35593],[-1.67473,40.35679],[-1.67503,40.35732],[-1.6754,40.35778],[-1.67745,40.35885],[-1.67779,40.35957],[-1.67796,40.36047],[-1.68009,40.36111],[-1.68224,40.36276],[-1.68328,40.36318],[-1.68402,40.36369],[-1.68515,40.36355],[-1.68621,40.36305],[-1.68703,40.36164],[-1.68853,40.36053],[-1.68943,40.36041],[-1.69048,40.36003],[-1.69142,40.36007],[-1.69249,40.36041],[-1.69392,40.35937],[-1.69406,40.35894],[-1.69404,40.3578],[-1.69327,40.35699],[-1.69321,40.35623],[-1.69333,40.3554],[-1.694,40.35492],[-1.6948,40.35469],[-1.69691,40.35465],[-1.69892,40.35406],[-1.69932,40.35414],[-1.69981,40.35483],[-1.70009,40.35491],[-1.70163,40.35393],[-1.70256,40.35448],[-1.70496,40.35458],[-1.70601,40.35509],[-1.70633,40.35582],[-1.70693,40.35604],[-1.70719,40.35651],[-1.70756,40.35677],[-1.70764,40.3584],[-1.70811,40.35902],[-1.70827,40.3597],[-1.70957,40.3606],[-1.70959,40.36094],[-1.70907,40.36195],[-1.70904,40.3623],[-1.70936,40.36281],[-1.71037,40.36371],[-1.7104,40.36455],[-1.71016,40.36472],[-1.709,40.36485],[-1.70718,40.36649],[-1.70566,40.36654],[-1.70393,40.36694],[-1.70128,40.36646],[-1.70006,40.36646],[-1.69938,40.36671],[-1.69919,40.36726],[-1.6994,40.36923],[-1.69845,40.37063],[-1.69771,40.37128],[-1.6971,40.37262],[-1.69716,40.37291],[-1.69831,40.37421],[-1.69968,40.37429],[-1.70193,40.37391],[-1.70277,40.3743],[-1.70453,40.37478],[-1.7076,40.37512],[-1.70885,40.37659],[-1.70958,40.37689],[-1.71121,40.37692],[-1.71212,40.37674],[-1.7129,40.3769],[-1.71448,40.37653],[-1.71488,40.37662],[-1.7159,40.37742],[-1.71643,40.37765],[-1.71807,40.37766],[-1.719,40.37727],[-1.72032,40.3773],[-1.72098,40.37787],[-1.72296,40.37823],[-1.72331,40.37843],[-1.72482,40.38044],[-1.72639,40.38105],[-1.72733,40.38099],[-1.73023,40.38202],[-1.73147,40.38221],[-1.73179,40.38278],[-1.73267,40.38318],[-1.73282,40.38401],[-1.73353,40.38454],[-1.73374,40.38548],[-1.73517,40.38597],[-1.73547,40.38678],[-1.73608,40.38715],[-1.73671,40.38786],[-1.73706,40.38853],[-1.73709,40.39082],[-1.739,40.39246],[-1.73893,40.39274],[-1.7379,40.39365],[-1.73812,40.39479],[-1.73783,40.39567],[-1.73791,40.39652],[-1.73851,40.3974],[-1.73923,40.39783],[-1.73968,40.39861],[-1.74085,40.39959],[-1.74108,40.40038],[-1.74196,40.40128],[-1.74262,40.40176],[-1.74407,40.40193],[-1.74557,40.40382],[-1.74533,40.40464],[-1.74542,40.40635],[-1.74454,40.40684],[-1.74424,40.40744],[-1.7431,40.40829],[-1.74233,40.40855],[-1.7405,40.40858],[-1.74,40.40882],[-1.7397,40.40913],[-1.73956,40.40977],[-1.73927,40.41023],[-1.73853,40.41087],[-1.73828,40.41143],[-1.73778,40.4118],[-1.73636,40.41209],[-1.73319,40.41238],[-1.73088,40.414],[-1.72974,40.41346],[-1.72928,40.4134],[-1.72617,40.41385],[-1.72512,40.41456],[-1.72459,40.41521],[-1.72441,40.41589],[-1.7239,40.41654],[-1.72379,40.41897],[-1.72332,40.41931],[-1.72295,40.41991],[-1.72294,40.42068],[-1.72325,40.42197],[-1.72443,40.42385],[-1.72598,40.42514],[-1.72641,40.42651],[-1.72758,40.42861],[-1.72844,40.4293],[-1.73002,40.42969],[-1.73064,40.43012],[-1.73096,40.43051],[-1.73096,40.43136],[-1.73014,40.43223],[-1.73001,40.43323],[-1.72964,40.43426],[-1.72741,40.43603],[-1.72727,40.43748],[-1.72679,40.43809],[-1.72695,40.43884],[-1.72664,40.43921],[-1.72533,40.43988],[-1.72283,40.43992],[-1.72197,40.4403],[-1.71858,40.44079],[-1.71761,40.44126],[-1.7172,40.44338],[-1.71782,40.44445],[-1.71828,40.44494],[-1.71832,40.44536],[-1.71814,40.44564],[-1.71672,40.44595],[-1.71639,40.44616],[-1.7157,40.44716],[-1.71538,40.44806],[-1.71544,40.4485],[-1.71613,40.44888],[-1.71667,40.44942],[-1.71629,40.45005],[-1.71632,40.4508],[-1.71438,40.45352],[-1.71443,40.45391],[-1.71511,40.45453],[-1.7151,40.45479],[-1.71449,40.45463],[-1.71239,40.45356],[-1.71097,40.45354],[-1.70965,40.45404],[-1.70346,40.45833],[-1.70231,40.45856],[-1.69968,40.45819],[-1.69862,40.45831],[-1.69756,40.45817],[-1.69615,40.45834],[-1.69519,40.45868],[-1.69333,40.4589],[-1.692,40.45875],[-1.69097,40.45923],[-1.68964,40.46017],[-1.68826,40.46027],[-1.68776,40.4606],[-1.68652,40.46076],[-1.68567,40.46139],[-1.68534,40.4619],[-1.68521,40.46291],[-1.68498,40.46341],[-1.68512,40.46416],[-1.68489,40.46493],[-1.68413,40.46566],[-1.68395,40.46658],[-1.68365,40.46689],[-1.68305,40.46714],[-1.68056,40.46712],[-1.6791,40.46669],[-1.6784,40.46667],[-1.67738,40.46752],[-1.67521,40.46871],[-1.67516,40.46917],[-1.67592,40.47035],[-1.67622,40.4711],[-1.67621,40.4716],[-1.67587,40.47256],[-1.6756,40.47282],[-1.67335,40.47342],[-1.67248,40.47406],[-1.67313,40.47477],[-1.67342,40.47545],[-1.67334,40.47617],[-1.67407,40.4766],[-1.67435,40.47707],[-1.67367,40.47801],[-1.67217,40.47912],[-1.66978,40.48021],[-1.66859,40.48032],[-1.6677,40.48086],[-1.66702,40.48101],[-1.66562,40.48197],[-1.66384,40.48285],[-1.66264,40.48296],[-1.66158,40.48331],[-1.65988,40.48334],[-1.6576,40.48366],[-1.65604,40.48352],[-1.65459,40.48389],[-1.65357,40.48397],[-1.6526,40.48452],[-1.65011,40.48531],[-1.64873,40.48605],[-1.64753,40.48616],[-1.64686,40.48649],[-1.64596,40.48662],[-1.64449,40.4876],[-1.64385,40.48738],[-1.64285,40.48632],[-1.6423,40.48608],[-1.64044,40.48707],[-1.63887,40.48721],[-1.6374,40.48811],[-1.63693,40.48859],[-1.63632,40.48882],[-1.63541,40.48829],[-1.63471,40.4882],[-1.63194,40.48843],[-1.63096,40.48867],[-1.62967,40.49058],[-1.62902,40.4908],[-1.62809,40.49061],[-1.62678,40.49063],[-1.62548,40.4913],[-1.62455,40.49235],[-1.62435,40.49567],[-1.62281,40.49675],[-1.62216,40.49692],[-1.6199,40.49816],[-1.61919,40.49809],[-1.61846,40.49753],[-1.61594,40.49788],[-1.61208,40.49787],[-1.61121,40.49825],[-1.61043,40.49822],[-1.61014,40.49753],[-1.60944,40.49723],[-1.60828,40.49564],[-1.60816,40.49382],[-1.60576,40.49234],[-1.60522,40.49111],[-1.60198,40.4917],[-1.60074,40.49226],[-1.59853,40.49231],[-1.5967,40.49269],[-1.59419,40.49266],[-1.59216,40.49213],[-1.59182,40.49185],[-1.5903,40.48938],[-1.58982,40.48889],[-1.58841,40.4864],[-1.58842,40.48576],[-1.58952,40.48392],[-1.58934,40.48364],[-1.58846,40.48369],[-1.587,40.48488],[-1.5854,40.48472],[-1.58465,40.48507],[-1.58353,40.48516],[-1.58294,40.48538],[-1.58227,40.48608],[-1.58201,40.48664],[-1.5811,40.48699],[-1.58059,40.48751],[-1.58009,40.48775],[-1.57631,40.48771],[-1.57456,40.48741],[-1.57274,40.48658],[-1.57229,40.48659],[-1.57189,40.48681],[-1.57158,40.48713],[-1.57136,40.48786],[-1.56955,40.48926],[-1.56929,40.48981],[-1.56855,40.49045],[-1.56825,40.49092],[-1.5682,40.49139],[-1.56842,40.4919],[-1.56851,40.4929],[-1.56898,40.4937],[-1.56907,40.49471],[-1.56946,40.49539],[-1.56934,40.49575],[-1.56951,40.49639],[-1.5693,40.49717],[-1.57236,40.49723],[-1.57271,40.49795],[-1.5731,40.49993],[-1.57445,40.50086],[-1.57521,40.50196],[-1.5741,40.50268],[-1.57302,40.50305],[-1.57116,40.50442],[-1.57086,40.50489],[-1.57096,40.5052],[-1.57146,40.50558],[-1.57262,40.50574],[-1.57285,40.50592],[-1.57315,40.50697],[-1.57318,40.50918],[-1.57451,40.51023],[-1.57404,40.51103],[-1.57388,40.51189],[-1.57309,40.5132],[-1.5737,40.51375],[-1.57477,40.51417],[-1.57502,40.51454],[-1.57481,40.5147],[-1.5737,40.5148],[-1.57252,40.51534],[-1.56962,40.51562],[-1.56775,40.5163],[-1.56666,40.51704],[-1.56508,40.51717],[-1.56392,40.51778],[-1.56366,40.51903],[-1.56303,40.51967],[-1.56236,40.51984],[-1.562,40.52018],[-1.56194,40.52156],[-1.56219,40.5223],[-1.56219,40.52299],[-1.56192,40.52365],[-1.56182,40.52473],[-1.56132,40.52541],[-1.56251,40.52712],[-1.56316,40.52771],[-1.56271,40.52876],[-1.56238,40.53038],[-1.56271,40.53096],[-1.5637,40.53178],[-1.56404,40.53258],[-1.56362,40.53326],[-1.56173,40.53422],[-1.56085,40.53513],[-1.56075,40.53634],[-1.56107,40.53741],[-1.56133,40.53767],[-1.56415,40.53885],[-1.56423,40.54052],[-1.56495,40.54171],[-1.56495,40.54202],[-1.56404,40.54336],[-1.56269,40.54423],[-1.56244,40.54463],[-1.56248,40.54494],[-1.5622,40.5452],[-1.56186,40.54537],[-1.56126,40.54529],[-1.56022,40.54545],[-1.55974,40.54579],[-1.55886,40.54592],[-1.55806,40.54644],[-1.5568,40.54681],[-1.55593,40.54774],[-1.5553,40.54793],[-1.55476,40.54841],[-1.5541,40.54858],[-1.55257,40.54989],[-1.55238,40.55149],[-1.55205,40.552],[-1.5515,40.55241],[-1.55076,40.55268],[-1.54955,40.55278],[-1.54895,40.55322],[-1.54842,40.55395],[-1.54755,40.55409],[-1.54522,40.55494],[-1.54484,40.55548],[-1.54425,40.55593],[-1.54308,40.5563],[-1.54268,40.55661],[-1.54062,40.55728],[-1.53941,40.55738],[-1.53848,40.5578],[-1.53787,40.55878],[-1.53768,40.56037],[-1.53642,40.5612],[-1.53614,40.56167],[-1.53471,40.56196],[-1.5334,40.56185],[-1.53264,40.5628],[-1.53073,40.56405],[-1.52961,40.565],[-1.52844,40.56549],[-1.52592,40.56534],[-1.52513,40.56635],[-1.52352,40.56693],[-1.52303,40.56783],[-1.52261,40.56827],[-1.52226,40.56923],[-1.52219,40.57114],[-1.52284,40.57234],[-1.52351,40.57295],[-1.52373,40.57368],[-1.52494,40.57412],[-1.5252,40.57459],[-1.52617,40.57529],[-1.52611,40.57666],[-1.52551,40.57734],[-1.52494,40.57761],[-1.52329,40.57777],[-1.52235,40.5776],[-1.51968,40.57755],[-1.51953,40.57714],[-1.51817,40.57578],[-1.51672,40.57464],[-1.5157,40.57407],[-1.51521,40.57354],[-1.51445,40.57329],[-1.51408,40.5726],[-1.51351,40.57214],[-1.5115,40.57201],[-1.50989,40.5714],[-1.50879,40.57127],[-1.50819,40.57045],[-1.50756,40.57001],[-1.50433,40.5696],[-1.50411,40.56888],[-1.50342,40.56842],[-1.50297,40.56773],[-1.50179,40.5666],[-1.50024,40.56597],[-1.4995,40.56524],[-1.49905,40.56518],[-1.49889,40.56453],[-1.49819,40.56385],[-1.4981,40.56232],[-1.4971,40.56142],[-1.49697,40.56006],[-1.49634,40.5591],[-1.49572,40.55882],[-1.4919,40.55788],[-1.49047,40.55798],[-1.48862,40.55704],[-1.48828,40.55668],[-1.48828,40.55588],[-1.4884,40.55562],[-1.48908,40.55523],[-1.48906,40.55466],[-1.48851,40.55425],[-1.48761,40.55411],[-1.48697,40.55377],[-1.48545,40.55385],[-1.48467,40.55345],[-1.4843,40.55283],[-1.48399,40.55291],[-1.48382,40.55397],[-1.48244,40.55581],[-1.48193,40.55739],[-1.4807,40.55848],[-1.47975,40.55865],[-1.47877,40.5592],[-1.47642,40.5593],[-1.47532,40.56012],[-1.4748,40.56093],[-1.47057,40.564],[-1.46598,40.56402],[-1.46509,40.5639],[-1.46249,40.56181],[-1.46194,40.5609],[-1.4615,40.55887],[-1.45729,40.55865],[-1.45643,40.55774],[-1.45586,40.55683],[-1.4558,40.55455],[-1.45557,40.55392],[-1.45553,40.5526],[-1.45423,40.55117],[-1.4534,40.54961],[-1.45357,40.54899],[-1.45362,40.5474],[-1.45329,40.54641],[-1.4518,40.54543],[-1.45051,40.54498],[-1.45005,40.54428],[-1.44938,40.54367],[-1.4492,40.54292],[-1.44848,40.54196],[-1.44871,40.54115],[-1.4485,40.54052],[-1.44847,40.53929],[-1.44799,40.53833],[-1.44963,40.53737],[-1.44977,40.53648],[-1.44964,40.53596],[-1.44735,40.53566],[-1.44613,40.53603],[-1.44452,40.53605],[-1.44356,40.53624],[-1.44195,40.53617],[-1.43877,40.534],[-1.43694,40.5335],[-1.43574,40.53335],[-1.43468,40.53259],[-1.43264,40.53166],[-1.43021,40.53116],[-1.42937,40.53126],[-1.42674,40.53056],[-1.42647,40.52978],[-1.42493,40.52826],[-1.42433,40.52729],[-1.42433,40.52388],[-1.42373,40.52215],[-1.42274,40.52191],[-1.42136,40.52125],[-1.4205,40.52046],[-1.41805,40.51983],[-1.41777,40.5196],[-1.41758,40.51885],[-1.41698,40.51811],[-1.41664,40.51791],[-1.41552,40.51779],[-1.41518,40.51758],[-1.4151,40.51714],[-1.41561,40.51658],[-1.4157,40.5161],[-1.41567,40.51534],[-1.41536,40.51496],[-1.41444,40.5143],[-1.41366,40.51407],[-1.41329,40.51338],[-1.41272,40.51291],[-1.41158,40.51248],[-1.41084,40.51252],[-1.40961,40.51193],[-1.40821,40.51195],[-1.40618,40.51313],[-1.40557,40.51273],[-1.40538,40.51176],[-1.40471,40.51108],[-1.40546,40.51063],[-1.40577,40.51023],[-1.40581,40.50853],[-1.40534,40.50689],[-1.40565,40.50591],[-1.40691,40.50428],[-1.40765,40.50363],[-1.40781,40.50301],[-1.40829,40.50244],[-1.40846,40.50115],[-1.40909,40.5005],[-1.40977,40.50012],[-1.41059,40.49871],[-1.41193,40.49756],[-1.41094,40.49653],[-1.41043,40.49528],[-1.40953,40.49491],[-1.40884,40.49436],[-1.40857,40.4939],[-1.40849,40.49311],[-1.40805,40.49237],[-1.40788,40.49148],[-1.40615,40.49069],[-1.40583,40.49004],[-1.40527,40.48942],[-1.40461,40.48902],[-1.4043,40.48852],[-1.40434,40.48825],[-1.40511,40.48731],[-1.40517,40.48639],[-1.40501,40.48581],[-1.40542,40.48536],[-1.40558,40.48451],[-1.40612,40.48333],[-1.40611,40.48257],[-1.40562,40.48063],[-1.40567,40.47917],[-1.40664,40.47838],[-1.40822,40.47825],[-1.40945,40.47754],[-1.40963,40.47662],[-1.4104,40.47567],[-1.41051,40.47452],[-1.41106,40.47298],[-1.41116,40.47003],[-1.4113,40.46961],[-1.41164,40.46941],[-1.41277,40.46933],[-1.41346,40.4691],[-1.41404,40.46864],[-1.4143,40.46816],[-1.41544,40.46824],[-1.41669,40.46768],[-1.41902,40.46717],[-1.41945,40.46688],[-1.42008,40.46567],[-1.42021,40.46399],[-1.42055,40.46348],[-1.42123,40.4631],[-1.42136,40.46275],[-1.42138,40.46153],[-1.42114,40.46088],[-1.4211,40.45979],[-1.42029,40.45884],[-1.42035,40.45814],[-1.42087,40.45751],[-1.42085,40.45724],[-1.42059,40.45698],[-1.41925,40.45656],[-1.41825,40.4556],[-1.41673,40.45487],[-1.41534,40.45475],[-1.41428,40.45447],[-1.414,40.45423],[-1.41385,40.45355],[-1.41359,40.45328],[-1.41206,40.45293],[-1.41137,40.45299],[-1.41027,40.45373],[-1.40871,40.45419],[-1.40724,40.45408],[-1.40575,40.4546],[-1.40383,40.45465],[-1.40308,40.455],[-1.40226,40.4551],[-1.401,40.45634],[-1.3984,40.45636],[-1.39734,40.45655],[-1.39591,40.45633],[-1.39427,40.45647],[-1.39213,40.45508],[-1.39107,40.45387],[-1.39016,40.45366],[-1.38957,40.4529],[-1.38756,40.45173],[-1.38584,40.45123],[-1.38569,40.45094],[-1.38566,40.44984],[-1.3853,40.44942],[-1.38495,40.44923],[-1.38375,40.44908],[-1.38233,40.44821],[-1.38147,40.44634],[-1.38196,40.44525],[-1.38186,40.44473],[-1.38099,40.44497],[-1.38019,40.44487],[-1.37944,40.44522],[-1.37742,40.44551],[-1.37548,40.44632],[-1.37436,40.44632],[-1.37381,40.44609],[-1.37347,40.44573],[-1.37322,40.44432],[-1.37345,40.4437],[-1.37344,40.4427],[-1.37247,40.44221],[-1.37227,40.44148],[-1.37204,40.4412],[-1.3715,40.44091],[-1.36841,40.44056],[-1.3654,40.4396],[-1.36453,40.43905],[-1.36339,40.43887],[-1.36279,40.43798],[-1.36261,40.43723],[-1.36191,40.43656],[-1.36108,40.43451],[-1.36111,40.4338],[-1.35896,40.43368],[-1.35821,40.43309],[-1.35633,40.43297],[-1.35556,40.43256],[-1.35171,40.43248],[-1.35048,40.43203],[-1.34898,40.43222],[-1.34691,40.43217],[-1.34625,40.43159],[-1.34538,40.43112],[-1.34324,40.43048],[-1.3424,40.42961],[-1.34259,40.42882],[-1.34241,40.42839],[-1.34152,40.42859],[-1.34097,40.42909],[-1.34032,40.42926],[-1.33944,40.42979],[-1.33835,40.43004],[-1.33745,40.42998],[-1.33705,40.42965],[-1.33472,40.42902],[-1.33417,40.42861],[-1.33345,40.42672],[-1.33244,40.42584],[-1.33143,40.42401],[-1.33125,40.42392],[-1.32853,40.42408],[-1.32579,40.42469],[-1.32511,40.42461],[-1.32444,40.42403],[-1.32303,40.42398],[-1.32225,40.42424],[-1.32182,40.42461],[-1.3211,40.4248],[-1.31902,40.4243],[-1.31864,40.42398],[-1.31565,40.42277],[-1.31364,40.4225],[-1.31256,40.42308],[-1.31197,40.42314],[-1.31157,40.42301],[-1.31114,40.42214],[-1.31094,40.42203],[-1.3066,40.42186],[-1.3052,40.42075],[-1.30474,40.41977],[-1.30445,40.41947],[-1.30404,40.41924],[-1.30275,40.41906],[-1.30276,40.41721],[-1.30229,40.41676],[-1.30223,40.41646],[-1.30233,40.41609],[-1.30307,40.41538],[-1.30298,40.41499],[-1.30314,40.41454],[-1.30318,40.41323],[-1.30287,40.41254],[-1.30254,40.41226],[-1.30155,40.41188],[-1.30049,40.41111],[-1.29984,40.41092],[-1.29932,40.41042],[-1.29844,40.41028],[-1.29803,40.41005],[-1.29692,40.40844],[-1.29714,40.40783],[-1.29631,40.40756],[-1.29598,40.40714],[-1.29519,40.40691],[-1.29245,40.40685],[-1.29142,40.40664],[-1.29044,40.4072],[-1.28957,40.40678],[-1.28896,40.4059],[-1.28797,40.4061],[-1.28164,40.40627],[-1.28077,40.40664],[-1.2793,40.40679],[-1.27926,40.40591],[-1.28006,40.40497],[-1.28052,40.40367],[-1.2813,40.40273],[-1.28135,40.40226],[-1.28114,40.40148],[-1.28225,40.40004],[-1.28252,40.39873],[-1.28184,40.39857],[-1.28135,40.39815],[-1.2803,40.39812],[-1.28022,40.39785],[-1.27947,40.39755],[-1.27876,40.39682],[-1.27672,40.39597],[-1.27633,40.39565],[-1.27489,40.39547],[-1.27451,40.39398],[-1.27374,40.39419],[-1.27209,40.39417],[-1.27057,40.39379],[-1.26961,40.39383],[-1.26826,40.39283],[-1.26694,40.39219],[-1.26575,40.39092],[-1.26366,40.39071],[-1.26129,40.39103],[-1.26056,40.39086],[-1.25844,40.39079],[-1.25779,40.39058],[-1.25645,40.39096],[-1.25433,40.391],[-1.25322,40.39131],[-1.25269,40.39081],[-1.25137,40.39038],[-1.25044,40.38922],[-1.24913,40.38869],[-1.24508,40.38854],[-1.24325,40.3878],[-1.24246,40.38727],[-1.24107,40.38785],[-1.24069,40.3875],[-1.23975,40.38752],[-1.23926,40.38654],[-1.2389,40.38627],[-1.23572,40.38614],[-1.23478,40.38578],[-1.23389,40.38563],[-1.23148,40.38457],[-1.23056,40.38456],[-1.22988,40.38494],[-1.2288,40.38496],[-1.22811,40.38392],[-1.22687,40.38372],[-1.22539,40.3826],[-1.22509,40.38223],[-1.22505,40.38175],[-1.22346,40.38145],[-1.22135,40.38049],[-1.22055,40.37946],[-1.21969,40.37911],[-1.21991,40.3782],[-1.22035,40.37752],[-1.21985,40.37704],[-1.21733,40.3766],[-1.21648,40.37612],[-1.216,40.37515],[-1.21564,40.37489],[-1.21307,40.37458],[-1.21164,40.37501],[-1.21045,40.37393],[-1.20963,40.37395],[-1.20938,40.37368],[-1.20873,40.37166],[-1.20719,40.37037],[-1.20688,40.36985],[-1.20673,40.36916],[-1.20546,40.36758],[-1.20545,40.36701],[-1.20597,40.36623],[-1.20596,40.36576],[-1.20565,40.36533],[-1.20474,40.36474],[-1.2043,40.36396],[-1.20298,40.36285],[-1.20415,40.36189],[-1.20515,40.3613],[-1.20549,40.36073],[-1.20636,40.36023],[-1.20636,40.35946],[-1.20735,40.35896],[-1.20738,40.35849],[-1.20715,40.3579],[-1.20723,40.35744],[-1.20758,40.35695],[-1.20852,40.3564],[-1.20879,40.35588],[-1.20925,40.3556],[-1.20875,40.35473],[-1.20892,40.35428],[-1.2088,40.3537],[-1.2093,40.35307],[-1.20926,40.35229],[-1.20894,40.35186],[-1.20806,40.35171],[-1.20772,40.35148],[-1.20789,40.35086],[-1.20781,40.3505],[-1.20677,40.35031],[-1.20745,40.34979],[-1.2094,40.3494],[-1.21009,40.34869],[-1.21102,40.34805],[-1.21261,40.3477],[-1.21353,40.34723],[-1.2136,40.34635],[-1.21345,40.34585],[-1.21393,40.34468],[-1.21363,40.3435],[-1.21319,40.34312],[-1.21318,40.34274],[-1.21448,40.34192],[-1.21658,40.33976],[-1.21815,40.33856],[-1.2185,40.33805],[-1.21857,40.33729],[-1.21832,40.33654],[-1.2183,40.335],[-1.21754,40.33442],[-1.2169,40.33365],[-1.21691,40.33284],[-1.21703,40.33237],[-1.21807,40.33128],[-1.21841,40.33054],[-1.21852,40.32961],[-1.21901,40.32904],[-1.2192,40.32813],[-1.2214,40.32644],[-1.22222,40.32502],[-1.22354,40.32401],[-1.22468,40.32193],[-1.22556,40.32148],[-1.22682,40.32118],[-1.22762,40.32036],[-1.23015,40.31847],[-1.23156,40.31623],[-1.23288,40.31536],[-1.2334,40.31439],[-1.23383,40.31396],[-1.23419,40.31315],[-1.23424,40.31185],[-1.23586,40.31212],[-1.23613,40.31229],[-1.23629,40.3121],[-1.23795,40.31198],[-1.23826,40.3122],[-1.23869,40.3129],[-1.2391,40.31304],[-1.24129,40.31305],[-1.24194,40.31275],[-1.24257,40.31281],[-1.24358,40.31246],[-1.24564,40.31334],[-1.24707,40.31318],[-1.24773,40.3134],[-1.24963,40.31344],[-1.25008,40.31366],[-1.25049,40.31261],[-1.2512,40.3118],[-1.25167,40.31089],[-1.25275,40.31019],[-1.2529,40.3092],[-1.25341,40.3087],[-1.25354,40.30754],[-1.25388,40.30681],[-1.25439,40.3063],[-1.2545,40.30524],[-1.25488,40.305],[-1.25639,40.30467],[-1.25764,40.30398],[-1.25812,40.30352],[-1.25938,40.30315],[-1.25994,40.30275],[-1.26029,40.30175],[-1.25986,40.30069],[-1.25989,40.29981],[-1.26028,40.29904],[-1.26114,40.2988],[-1.26371,40.29904],[-1.2639,40.29916],[-1.26417,40.29985],[-1.26566,40.29993],[-1.26644,40.29967],[-1.26675,40.29937],[-1.26739,40.29911],[-1.26772,40.29923],[-1.26783,40.29952],[-1.26966,40.29911],[-1.27108,40.29931],[-1.27183,40.29874],[-1.27291,40.29848],[-1.27402,40.29851],[-1.27495,40.29893],[-1.27696,40.29895],[-1.27853,40.29795],[-1.2797,40.29782],[-1.28019,40.29749],[-1.28184,40.29744],[-1.28227,40.29726],[-1.28744,40.29733],[-1.28932,40.29759],[-1.29119,40.2976],[-1.29226,40.29741],[-1.29494,40.29745],[-1.29527,40.29667],[-1.29562,40.2964],[-1.29963,40.29561],[-1.30018,40.2952],[-1.30067,40.29445],[-1.30164,40.29366],[-1.30149,40.29285],[-1.30164,40.29223],[-1.30312,40.29189],[-1.30555,40.29066],[-1.30685,40.29064],[-1.30685,40.29024],[-1.30657,40.29011],[-1.30654,40.28897],[-1.30583,40.28807],[-1.3057,40.28693],[-1.30522,40.28605],[-1.30502,40.28405],[-1.3055,40.28309],[-1.30384,40.27968],[-1.30274,40.2786],[-1.30373,40.27805],[-1.30472,40.27792],[-1.30642,40.2773],[-1.30819,40.27632],[-1.30893,40.27615],[-1.31008,40.2753],[-1.31043,40.27473],[-1.31051,40.27425],[-1.31145,40.27487],[-1.31243,40.27525],[-1.314,40.27645],[-1.31494,40.27695],[-1.31701,40.27686],[-1.31797,40.27713],[-1.31919,40.27796],[-1.32113,40.27798],[-1.3224,40.27708],[-1.3222,40.27643],[-1.32257,40.2761],[-1.32446,40.27562],[-1.32528,40.27559],[-1.32653,40.2759],[-1.32711,40.27636],[-1.3277,40.27734],[-1.32784,40.27803],[-1.32849,40.27895],[-1.32997,40.27841],[-1.33188,40.27836],[-1.33338,40.278],[-1.33596,40.27867],[-1.33609,40.27885],[-1.338,40.2796],[-1.338,40.28045],[-1.33828,40.28165],[-1.33908,40.28344],[-1.33892,40.28488],[-1.33846,40.28538],[-1.33843,40.28653],[-1.33956,40.28796],[-1.34012,40.28797],[-1.34014,40.28819],[-1.34248,40.2889],[-1.34316,40.28972],[-1.34438,40.29015],[-1.34548,40.29133],[-1.34645,40.29194],[-1.34704,40.29256],[-1.34912,40.29303],[-1.35091,40.29307],[-1.35091,40.2952],[-1.3512,40.29564],[-1.35163,40.29594],[-1.35208,40.29685],[-1.35305,40.29768],[-1.35319,40.29883],[-1.3537,40.2992],[-1.35358,40.30025],[-1.35292,40.30096],[-1.352,40.30134],[-1.35221,40.30218],[-1.3527,40.30306],[-1.3527,40.30529],[-1.3543,40.30671],[-1.3547,40.30876],[-1.35527,40.30966],[-1.35712,40.31101],[-1.35603,40.31229],[-1.3567,40.31268],[-1.3579,40.31281],[-1.3583,40.31305],[-1.36024,40.31525],[-1.36083,40.31547],[-1.36194,40.31558],[-1.36268,40.31596],[-1.36502,40.31612],[-1.36638,40.3177],[-1.36662,40.31826],[-1.36806,40.31933],[-1.36821,40.31967],[-1.37009,40.31887],[-1.37105,40.31863],[-1.37365,40.31848],[-1.37497,40.31883],[-1.37667,40.31891],[-1.37805,40.31918],[-1.37927,40.31962],[-1.38001,40.3204],[-1.38071,40.32062],[-1.3813,40.32137],[-1.38186,40.32154],[-1.38218,40.32183],[-1.38365,40.32221],[-1.38594,40.32349],[-1.38735,40.32391],[-1.38786,40.32383],[-1.38999,40.32408],[-1.39127,40.32477],[-1.3916,40.32523],[-1.39163,40.32751],[-1.39269,40.328],[-1.393,40.32845],[-1.39246,40.32954],[-1.39261,40.33025],[-1.3915,40.33123],[-1.39144,40.33238],[-1.39228,40.33257],[-1.39305,40.33245],[-1.39389,40.3327],[-1.39416,40.33339],[-1.39458,40.3337],[-1.39501,40.33451],[-1.396,40.33477],[-1.39688,40.33523],[-1.39861,40.3366],[-1.3995,40.33878],[-1.39949,40.34144],[-1.39997,40.34255],[-1.40006,40.34355],[-1.40025,40.34404],[-1.40005,40.34476],[-1.40039,40.34554],[-1.40228,40.34717],[-1.40666,40.34583],[-1.40757,40.34509],[-1.40792,40.34427],[-1.40796,40.34342],[-1.40824,40.34346],[-1.40827,40.34386],[-1.40883,40.34388],[-1.40915,40.34445],[-1.40966,40.34468],[-1.41124,40.34587],[-1.41313,40.3462],[-1.41432,40.34619],[-1.41512,40.34598],[-1.41646,40.34512],[-1.4165,40.34387],[-1.41708,40.34339],[-1.41718,40.34001],[-1.41771,40.33914],[-1.41805,40.33817],[-1.41815,40.33627],[-1.41855,40.33485],[-1.41885,40.3344],[-1.41978,40.33369],[-1.42108,40.33333],[-1.42139,40.33289],[-1.42156,40.33219],[-1.42189,40.33177],[-1.42285,40.33161],[-1.42402,40.33093],[-1.42469,40.33],[-1.42514,40.3287],[-1.42575,40.32782],[-1.42682,40.32758],[-1.42937,40.32577],[-1.43116,40.32536],[-1.43175,40.32564],[-1.43215,40.32547],[-1.43422,40.32389],[-1.43481,40.32322],[-1.43503,40.3227],[-1.4359,40.32178],[-1.43683,40.32115],[-1.43757,40.32097],[-1.4388,40.32011],[-1.43905,40.31984],[-1.43923,40.31893],[-1.44091,40.31765],[-1.44124,40.31707],[-1.44369,40.31761],[-1.44428,40.31815],[-1.4446,40.31823],[-1.4477,40.31739],[-1.44779,40.31692],[-1.44819,40.31661],[-1.44814,40.31566],[-1.44931,40.31453],[-1.45065,40.31368],[-1.45105,40.31272],[-1.45078,40.31165],[-1.45085,40.31081],[-1.4531,40.30905],[-1.45328,40.30814],[-1.45379,40.30713],[-1.45385,40.30629],[-1.45329,40.30485],[-1.45334,40.30282],[-1.45362,40.30209],[-1.4536,40.30138],[-1.45019,40.29871],[-1.4519,40.2971],[-1.45241,40.29613],[-1.45311,40.29566],[-1.45324,40.29509],[-1.45407,40.29437],[-1.45497,40.29257],[-1.45511,40.29195],[-1.45559,40.29123],[-1.45571,40.29045],[-1.45608,40.28964],[-1.45678,40.28882],[-1.45657,40.28701],[-1.4558,40.28546],[-1.4558,40.28461],[-1.456,40.28449],[-1.4561,40.2841],[-1.45558,40.28233],[-1.45559,40.28123],[-1.45852,40.28128],[-1.46005,40.28152],[-1.46147,40.28132],[-1.46658,40.28137],[-1.46703,40.28129],[-1.46839,40.28049],[-1.46869,40.28008],[-1.46941,40.27967],[-1.46938,40.27946],[-1.46858,40.27872],[-1.46881,40.27848],[-1.46895,40.27711],[-1.46932,40.27631],[-1.47022,40.27564],[-1.47299,40.27509],[-1.47413,40.27447],[-1.47435,40.27374],[-1.47481,40.27324],[-1.4753,40.27211],[-1.47584,40.27171],[-1.47639,40.2716],[-1.47644,40.26974],[-1.47674,40.26913],[-1.47703,40.269],[-1.47704,40.2683],[-1.47677,40.26809],[-1.47679,40.26744],[-1.47731,40.26674],[-1.47749,40.26605],[-1.47803,40.26541],[-1.47889,40.26487],[-1.47957,40.26468],[-1.47959,40.2644],[-1.47989,40.26441]]]}},{"type":"Feature","id":"1-0","properties":{"NomSistExp":"Júcar","Subsistema":"Mancha Oriental","Superf km2":7875.2,"Area km2":7875.2,"id":"1-0"},"geometry":{"type":"Polygon","coordinates":[[[-2.20441,39.37523],[-2.2053,39.3748],[-2.20603,39.37479],[-2.20677,39.37506],[-2.20848,39.37609],[-2.20994,39.376],[-2.21046,39.37618],[-2.21165,39.37702],[-2.21648,39.37905],[-2.21949,39.3801],[-2.2205,39.38112],[-2.22139,39.38156],[-2.22336,39.38167],[-2.2249,39.38201],[-2.22858,39.38238],[-2.22926,39.38261],[-2.23048,39.38356],[-2.23062,39.3847],[-2.23155,39.38572],[-2.23209,39.38613],[-2.23334,39.38662],[-2.23421,39.3866],[-2.23499,39.38607],[-2.23574,39.3858],[-2.23926,39.38579],[-2.24046,39.38561],[-2.2409,39.38588],[-2.24111,39.38661],[-2.24297,39.3875],[-2.24371,39.38843],[-2.24464,39.38862],[-2.24593,39.38957],[-2.24663,39.38987],[-2.24847,39.39033],[-2.24997,39.39041],[-2.25234,39.39082],[-2.25423,39.39086],[-2.2552,39.39111],[-2.25596,39.39212],[-2.25608,39.39298],[-2.25655,39.394],[-2.25661,39.39682],[-2.25694,39.3971],[-2.25787,39.39744],[-2.25837,39.39824],[-2.25895,39.39869],[-2.2605,39.39907],[-2.26164,39.39963],[-2.263,39.39976],[-2.2634,39.40008],[-2.26455,39.40023],[-2.26541,39.40078],[-2.26678,39.4009],[-2.26743,39.40124],[-2.26891,39.4011],[-2.27043,39.40151],[-2.27366,39.40182],[-2.27412,39.40231],[-2.27434,39.40288],[-2.27516,39.4033],[-2.27642,39.40346],[-2.27785,39.40424],[-2.27914,39.40433],[-2.28133,39.40494],[-2.28286,39.4051],[-2.28308,39.40535],[-2.28266,39.40603],[-2.28272,39.40632],[-2.28391,39.40698],[-2.28567,39.40734],[-2.28689,39.40805],[-2.28716,39.40831],[-2.2875,39.40967],[-2.28746,39.41023],[-2.2871,39.41103],[-2.28498,39.41209],[-2.28475,39.41282],[-2.28423,39.41325],[-2.28325,39.41351],[-2.28237,39.41323],[-2.28203,39.41271],[-2.28096,39.41268],[-2.28,39.41316],[-2.27936,39.41457],[-2.27948,39.41506],[-2.28085,39.41572],[-2.28204,39.41606],[-2.28244,39.41637],[-2.28328,39.4178],[-2.28304,39.41894],[-2.28324,39.42037],[-2.2825,39.42065],[-2.28118,39.42159],[-2.27875,39.4224],[-2.27672,39.42329],[-2.27608,39.42424],[-2.27591,39.4256],[-2.27386,39.42717],[-2.27122,39.42795],[-2.27056,39.4283],[-2.2691,39.42842],[-2.26858,39.42892],[-2.26765,39.42941],[-2.26604,39.42962],[-2.2646,39.42924],[-2.26387,39.4296],[-2.26298,39.42972],[-2.26184,39.43027],[-2.26077,39.43052],[-2.25889,39.4305],[-2.25827,39.43013],[-2.25726,39.43027],[-2.25632,39.43007],[-2.25405,39.43],[-2.25332,39.4295],[-2.25293,39.42876],[-2.25236,39.4283],[-2.2502,39.42819],[-2.2494,39.42801],[-2.2486,39.42819],[-2.24769,39.42816],[-2.24656,39.42759],[-2.2453,39.42721],[-2.24453,39.42668],[-2.24237,39.42573],[-2.24205,39.42579],[-2.24075,39.42673],[-2.23979,39.42711],[-2.23928,39.42808],[-2.239,39.4283],[-2.23868,39.42832],[-2.23805,39.42797],[-2.23682,39.4277],[-2.23569,39.42797],[-2.23454,39.42855],[-2.23345,39.42829],[-2.23163,39.42758],[-2.22944,39.42613],[-2.22823,39.42628],[-2.2271,39.42621],[-2.22683,39.42529],[-2.22607,39.42449],[-2.22246,39.42444],[-2.22178,39.42481],[-2.22063,39.42495],[-2.21797,39.42671],[-2.21695,39.42772],[-2.21503,39.42894],[-2.21448,39.42941],[-2.21423,39.4299],[-2.21363,39.43011],[-2.21356,39.43054],[-2.21428,39.43144],[-2.21423,39.43172],[-2.21216,39.43166],[-2.21165,39.43256],[-2.21124,39.43284],[-2.21101,39.43349],[-2.20947,39.43455],[-2.20881,39.43567],[-2.20884,39.43614],[-2.20936,39.43716],[-2.20898,39.43907],[-2.20783,39.43999],[-2.20666,39.44034],[-2.20642,39.44061],[-2.20649,39.44114],[-2.2072,39.44159],[-2.20791,39.4429],[-2.21005,39.44425],[-2.21026,39.44542],[-2.2113,39.44568],[-2.21263,39.44705],[-2.21371,39.44718],[-2.21492,39.448],[-2.21671,39.44842],[-2.2168,39.45009],[-2.21729,39.45118],[-2.2174,39.4522],[-2.21784,39.45284],[-2.21492,39.45536],[-2.21299,39.45631],[-2.21168,39.45591],[-2.20932,39.45592],[-2.20785,39.45636],[-2.20642,39.45714],[-2.20515,39.45728],[-2.20344,39.45804],[-2.20246,39.45828],[-2.19989,39.45831],[-2.19847,39.45873],[-2.19437,39.45872],[-2.1931,39.45913],[-2.19068,39.45918],[-2.18829,39.45978],[-2.18566,39.4597],[-2.18463,39.45897],[-2.18418,39.45899],[-2.18305,39.45856],[-2.18232,39.45777],[-2.1817,39.45735],[-2.18009,39.45767],[-2.17887,39.45773],[-2.17819,39.45805],[-2.1777,39.45797],[-2.17656,39.45816],[-2.17553,39.45852],[-2.17419,39.45817],[-2.17326,39.45983],[-2.1717,39.46142],[-2.17048,39.46164],[-2.16946,39.46148],[-2.16851,39.46167],[-2.16595,39.46167],[-2.16327,39.46197],[-2.16348,39.46241],[-2.16427,39.46321],[-2.1642,39.46473],[-2.16334,39.46587],[-2.16265,39.46624],[-2.16214,39.46674],[-2.16118,39.46712],[-2.15996,39.46812],[-2.1615,39.4696],[-2.1614,39.46999],[-2.16158,39.47048],[-2.16159,39.47117],[-2.16124,39.47208],[-2.15976,39.47328],[-2.15856,39.47392],[-2.15621,39.47425],[-2.1547,39.47474],[-2.1545,39.47609],[-2.15379,39.47698],[-2.15418,39.47748],[-2.15452,39.47885],[-2.1545,39.47953],[-2.15422,39.48026],[-2.15426,39.48104],[-2.15459,39.48133],[-2.15526,39.48149],[-2.15643,39.48216],[-2.15704,39.48313],[-2.15731,39.48402],[-2.15727,39.48428],[-2.15704,39.48447],[-2.15603,39.48471],[-2.15696,39.48555],[-2.15732,39.48666],[-2.15721,39.48831],[-2.15674,39.48958],[-2.15673,39.49038],[-2.15698,39.49062],[-2.15798,39.49072],[-2.159,39.49109],[-2.16089,39.49118],[-2.16202,39.49175],[-2.16384,39.49223],[-2.16553,39.49234],[-2.16724,39.49313],[-2.16937,39.49375],[-2.16964,39.49399],[-2.16957,39.4945],[-2.17023,39.4951],[-2.1721,39.4977],[-2.17249,39.49793],[-2.17477,39.49848],[-2.17596,39.49938],[-2.17618,39.50151],[-2.17754,39.50165],[-2.17813,39.50186],[-2.17879,39.50265],[-2.18089,39.50306],[-2.1816,39.50379],[-2.18222,39.50406],[-2.18458,39.50414],[-2.18497,39.50429],[-2.18558,39.50591],[-2.18536,39.50639],[-2.18524,39.50739],[-2.18448,39.50824],[-2.18474,39.50854],[-2.18544,39.5088],[-2.18484,39.5092],[-2.18489,39.51015],[-2.18292,39.51321],[-2.18295,39.51367],[-2.18366,39.51463],[-2.18298,39.51571],[-2.18337,39.51723],[-2.18278,39.51969],[-2.18225,39.52086],[-2.18221,39.52265],[-2.18243,39.52345],[-2.18236,39.5237],[-2.18021,39.52511],[-2.17944,39.52586],[-2.17816,39.52668],[-2.17746,39.52741],[-2.17629,39.52808],[-2.17475,39.52822],[-2.17411,39.52848],[-2.17365,39.52825],[-2.17287,39.52871],[-2.17147,39.53004],[-2.17123,39.53053],[-2.16973,39.53094],[-2.16748,39.5328],[-2.16651,39.53333],[-2.16543,39.53437],[-2.16378,39.53496],[-2.16244,39.53595],[-2.16146,39.53646],[-2.16116,39.53678],[-2.16103,39.53763],[-2.16076,39.53789],[-2.15991,39.53797],[-2.15887,39.53757],[-2.15789,39.53752],[-2.15838,39.53804],[-2.15869,39.5389],[-2.15703,39.54125],[-2.15698,39.5424],[-2.15757,39.54481],[-2.15814,39.54617],[-2.15926,39.54691],[-2.15947,39.54724],[-2.15917,39.54761],[-2.15839,39.54799],[-2.15792,39.54845],[-2.15724,39.54869],[-2.1569,39.54919],[-2.15686,39.55035],[-2.15632,39.55038],[-2.15621,39.55077],[-2.15491,39.55079],[-2.15459,39.55101],[-2.1537,39.55079],[-2.15123,39.5507],[-2.15071,39.54997],[-2.14973,39.54974],[-2.14946,39.54898],[-2.14823,39.54821],[-2.14722,39.54696],[-2.14645,39.5467],[-2.14516,39.54661],[-2.14365,39.54602],[-2.14147,39.54593],[-2.14045,39.54555],[-2.13865,39.54526],[-2.13634,39.54526],[-2.1344,39.54572],[-2.13377,39.54615],[-2.13329,39.54691],[-2.13205,39.54728],[-2.13091,39.54784],[-2.12859,39.54794],[-2.12754,39.54844],[-2.12694,39.54919],[-2.12544,39.54899],[-2.12429,39.54921],[-2.12434,39.55041],[-2.12616,39.55173],[-2.12636,39.55246],[-2.12676,39.55297],[-2.12584,39.55357],[-2.12544,39.5543],[-2.12539,39.55515],[-2.12562,39.55573],[-2.12565,39.55629],[-2.12513,39.55701],[-2.12459,39.55826],[-2.12474,39.55881],[-2.12469,39.55944],[-2.12399,39.55998],[-2.12302,39.5602],[-2.12217,39.56004],[-2.1217,39.56021],[-2.12126,39.56156],[-2.12117,39.56249],[-2.12082,39.56308],[-2.11935,39.56419],[-2.11775,39.56475],[-2.11553,39.56664],[-2.11435,39.56666],[-2.1132,39.56587],[-2.11241,39.56564],[-2.11222,39.56524],[-2.11272,39.56454],[-2.11262,39.5643],[-2.11238,39.56422],[-2.11169,39.56426],[-2.11087,39.5647],[-2.11027,39.56569],[-2.10933,39.5657],[-2.10903,39.56548],[-2.10869,39.56488],[-2.1087,39.56282],[-2.10857,39.56246],[-2.10757,39.56236],[-2.10648,39.5625],[-2.10518,39.56232],[-2.103,39.56151],[-2.10201,39.56165],[-2.10152,39.56217],[-2.10128,39.56297],[-2.09978,39.56353],[-2.09965,39.56433],[-2.09867,39.56538],[-2.09616,39.56608],[-2.09427,39.56591],[-2.0936,39.56616],[-2.09253,39.56692],[-2.09174,39.56696],[-2.09098,39.56668],[-2.09021,39.56614],[-2.08758,39.56555],[-2.08714,39.56528],[-2.0869,39.565],[-2.08675,39.56408],[-2.08603,39.56291],[-2.08625,39.56216],[-2.0862,39.56182],[-2.08556,39.56116],[-2.08533,39.56235],[-2.08417,39.56371],[-2.08297,39.56436],[-2.08143,39.56488],[-2.07997,39.56586],[-2.07964,39.56659],[-2.07585,39.56799],[-2.07551,39.56834],[-2.07531,39.56923],[-2.07438,39.56964],[-2.07304,39.57078],[-2.07172,39.57095],[-2.07099,39.57166],[-2.06975,39.57226],[-2.06949,39.57319],[-2.0692,39.57351],[-2.06533,39.57605],[-2.06486,39.57673],[-2.06489,39.57789],[-2.06627,39.57939],[-2.06753,39.57968],[-2.0679,39.58031],[-2.06954,39.58137],[-2.0707,39.58174],[-2.0713,39.58228],[-2.07221,39.58247],[-2.07183,39.58294],[-2.07174,39.58353],[-2.07175,39.58477],[-2.072,39.58552],[-2.072,39.58816],[-2.0726,39.58989],[-2.07307,39.59069],[-2.07313,39.5935],[-2.07373,39.59447],[-2.07447,39.59526],[-2.07388,39.59837],[-2.07632,39.59844],[-2.07647,39.59872],[-2.07622,39.59935],[-2.07628,39.59989],[-2.07707,39.60078],[-2.07855,39.60196],[-2.07895,39.60219],[-2.08063,39.60253],[-2.08128,39.60288],[-2.08236,39.603],[-2.08282,39.60334],[-2.08342,39.6034],[-2.08337,39.60433],[-2.08289,39.60489],[-2.08275,39.60552],[-2.08243,39.60604],[-2.08211,39.60624],[-2.08025,39.60609],[-2.07965,39.60635],[-2.0785,39.60734],[-2.07864,39.60835],[-2.0782,39.60885],[-2.0781,39.60922],[-2.07821,39.60957],[-2.07913,39.61004],[-2.07868,39.61071],[-2.07866,39.61201],[-2.07881,39.61247],[-2.07868,39.61336],[-2.0792,39.61396],[-2.08026,39.61406],[-2.07959,39.61471],[-2.07937,39.61523],[-2.07898,39.61561],[-2.07893,39.61629],[-2.0811,39.61952],[-2.0812,39.6203],[-2.0815,39.62105],[-2.08224,39.62177],[-2.08236,39.62405],[-2.08317,39.6247],[-2.08402,39.62501],[-2.08302,39.62506],[-2.08234,39.62531],[-2.08152,39.6261],[-2.08091,39.62646],[-2.08041,39.62757],[-2.07996,39.62807],[-2.07954,39.62915],[-2.0785,39.62964],[-2.07789,39.63053],[-2.07775,39.63115],[-2.07745,39.6316],[-2.07496,39.63314],[-2.07473,39.63519],[-2.07329,39.63537],[-2.07234,39.63585],[-2.07206,39.63639],[-2.07118,39.63729],[-2.07029,39.6378],[-2.06995,39.63838],[-2.06849,39.63905],[-2.06651,39.63913],[-2.06587,39.63955],[-2.06574,39.63996],[-2.0658,39.64052],[-2.06655,39.6413],[-2.06588,39.64236],[-2.06369,39.64286],[-2.06211,39.64266],[-2.06113,39.64294],[-2.05935,39.64403],[-2.05828,39.64501],[-2.05713,39.6457],[-2.05553,39.64626],[-2.05503,39.64684],[-2.05436,39.64724],[-2.05389,39.64787],[-2.05278,39.64794],[-2.05175,39.64768],[-2.05047,39.64649],[-2.04904,39.64623],[-2.04806,39.64505],[-2.04738,39.64456],[-2.04585,39.64475],[-2.04423,39.64423],[-2.04337,39.64367],[-2.04266,39.64375],[-2.04244,39.64397],[-2.04238,39.64436],[-2.04261,39.64495],[-2.04291,39.64694],[-2.04273,39.64716],[-2.04155,39.64736],[-2.04138,39.64865],[-2.04096,39.64909],[-2.04061,39.64982],[-2.04054,39.65127],[-2.04075,39.65265],[-2.04022,39.65361],[-2.04039,39.6541],[-2.03965,39.6559],[-2.0396,39.65637],[-2.03989,39.6568],[-2.04151,39.6581],[-2.04198,39.65976],[-2.04295,39.66043],[-2.04291,39.66065],[-2.04225,39.66103],[-2.0419,39.66153],[-2.04183,39.66264],[-2.04152,39.66346],[-2.04158,39.66443],[-2.04236,39.66488],[-2.04267,39.66547],[-2.04344,39.66506],[-2.04415,39.66503],[-2.04665,39.66549],[-2.04892,39.66535],[-2.05029,39.66619],[-2.05199,39.666],[-2.05379,39.66842],[-2.0554,39.66892],[-2.0568,39.66833],[-2.05798,39.66836],[-2.05903,39.66936],[-2.06039,39.66967],[-2.06041,39.6706],[-2.06074,39.67133],[-2.06169,39.67158],[-2.06248,39.67232],[-2.06315,39.67257],[-2.06451,39.67283],[-2.06592,39.67289],[-2.06659,39.67314],[-2.06675,39.67346],[-2.06678,39.67469],[-2.06701,39.67527],[-2.06698,39.6762],[-2.06677,39.67674],[-2.06702,39.67785],[-2.06804,39.67882],[-2.06826,39.67961],[-2.06878,39.67986],[-2.07027,39.67993],[-2.07159,39.68054],[-2.07482,39.68082],[-2.07483,39.6816],[-2.07537,39.68242],[-2.07452,39.6835],[-2.07447,39.68533],[-2.07455,39.68571],[-2.0751,39.68654],[-2.07577,39.68679],[-2.07657,39.68774],[-2.07754,39.6879],[-2.07869,39.68846],[-2.08036,39.68875],[-2.08132,39.68836],[-2.08235,39.68832],[-2.08304,39.68887],[-2.08329,39.68964],[-2.08452,39.69043],[-2.08484,39.69095],[-2.08488,39.69171],[-2.08392,39.69109],[-2.08302,39.69102],[-2.08207,39.69141],[-2.08089,39.69153],[-2.08002,39.69205],[-2.0793,39.69195],[-2.07747,39.69215],[-2.07603,39.69276],[-2.07493,39.69274],[-2.07346,39.69234],[-2.07176,39.6927],[-2.06822,39.69297],[-2.06753,39.69329],[-2.06681,39.69295],[-2.0653,39.69293],[-2.06381,39.69378],[-2.06172,39.69333],[-2.05909,39.69332],[-2.05742,39.69355],[-2.05611,39.69444],[-2.05489,39.69561],[-2.05468,39.69612],[-2.0541,39.6968],[-2.05275,39.69791],[-2.05242,39.69902],[-2.05247,39.70107],[-2.05276,39.70153],[-2.05326,39.70193],[-2.05377,39.70192],[-2.05489,39.7023],[-2.0552,39.70259],[-2.05526,39.70292],[-2.05445,39.70377],[-2.05434,39.70492],[-2.0541,39.70549],[-2.05409,39.70605],[-2.05435,39.70679],[-2.05429,39.70792],[-2.05262,39.70908],[-2.05229,39.70951],[-2.05234,39.70985],[-2.05292,39.71076],[-2.05399,39.71151],[-2.05398,39.71165],[-2.05373,39.71188],[-2.05293,39.71204],[-2.0523,39.71255],[-2.05215,39.71316],[-2.05174,39.71384],[-2.05155,39.71519],[-2.05048,39.71658],[-2.05015,39.71752],[-2.05053,39.71866],[-2.05274,39.72016],[-2.05322,39.72022],[-2.0528,39.72132],[-2.05349,39.72274],[-2.05326,39.72336],[-2.05324,39.72451],[-2.05335,39.72478],[-2.05409,39.7253],[-2.05033,39.72646],[-2.04921,39.72755],[-2.04905,39.72816],[-2.04883,39.72833],[-2.04695,39.72807],[-2.04628,39.72737],[-2.04604,39.72689],[-2.04535,39.72679],[-2.04513,39.72696],[-2.04489,39.72763],[-2.04377,39.72822],[-2.04301,39.7282],[-2.04274,39.72845],[-2.04252,39.72918],[-2.04156,39.7298],[-2.04146,39.73213],[-2.04304,39.73219],[-2.04462,39.73278],[-2.04533,39.73263],[-2.04602,39.73269],[-2.04684,39.73334],[-2.0471,39.73389],[-2.04827,39.73434],[-2.04843,39.73465],[-2.04771,39.73475],[-2.04659,39.73573],[-2.04569,39.73615],[-2.04304,39.7367],[-2.04161,39.73723],[-2.04081,39.73726],[-2.04084,39.73797],[-2.04107,39.73865],[-2.04082,39.73988],[-2.04114,39.74062],[-2.04208,39.74149],[-2.04116,39.74214],[-2.04066,39.74289],[-2.03962,39.74353],[-2.03955,39.74422],[-2.04005,39.7451],[-2.04005,39.74572],[-2.0394,39.74713],[-2.03723,39.74884],[-2.03683,39.74989],[-2.03594,39.74988],[-2.03461,39.75033],[-2.03292,39.75249],[-2.03215,39.75298],[-2.03084,39.75299],[-2.02927,39.75275],[-2.0282,39.75317],[-2.02776,39.75297],[-2.02425,39.75294],[-2.02289,39.75333],[-2.0219,39.75338],[-2.02101,39.75333],[-2.01918,39.7529],[-2.01729,39.75324],[-2.01699,39.75368],[-2.01688,39.75469],[-2.01634,39.75614],[-2.01682,39.75707],[-2.01696,39.7577],[-2.01733,39.75819],[-2.0158,39.75835],[-2.01482,39.75894],[-2.01485,39.76039],[-2.01521,39.76088],[-2.01583,39.76107],[-2.01616,39.7615],[-2.01641,39.76288],[-2.01569,39.76404],[-2.01554,39.76489],[-2.01505,39.76546],[-2.015,39.7666],[-2.01163,39.76549],[-2.00995,39.76541],[-2.00921,39.76503],[-2.00895,39.76511],[-2.00836,39.766],[-2.00788,39.76736],[-2.0064,39.76938],[-2.0057,39.76997],[-2.00562,39.7703],[-2.00589,39.77103],[-2.00639,39.77139],[-2.00654,39.77223],[-2.00695,39.77254],[-2.00712,39.77344],[-2.00864,39.77475],[-2.00904,39.77533],[-2.00623,39.77616],[-2.00511,39.77603],[-2.00365,39.77646],[-2.00203,39.77772],[-2.00174,39.7784],[-2.00164,39.77957],[-2.00114,39.78036],[-2.00111,39.78114],[-2.00157,39.78172],[-2.00174,39.78263],[-2.00271,39.78346],[-2.00297,39.78393],[-2.00252,39.78517],[-2.00242,39.78633],[-2.00193,39.7869],[-2.00162,39.78757],[-2.00141,39.78872],[-2.00056,39.78915],[-1.99814,39.78962],[-1.99764,39.78959],[-1.99739,39.78889],[-1.99713,39.78863],[-1.99561,39.78846],[-1.99494,39.78811],[-1.99416,39.78798],[-1.99357,39.78723],[-1.99262,39.78683],[-1.99191,39.7861],[-1.99099,39.78561],[-1.98829,39.7852],[-1.98836,39.78471],[-1.9881,39.78424],[-1.98492,39.78172],[-1.98381,39.78145],[-1.98313,39.782],[-1.98278,39.782],[-1.98216,39.78128],[-1.98145,39.77967],[-1.98064,39.77902],[-1.97872,39.77883],[-1.9784,39.77852],[-1.97835,39.77822],[-1.97678,39.77793],[-1.97567,39.77738],[-1.97446,39.77811],[-1.97313,39.77851],[-1.97285,39.77875],[-1.9724,39.77982],[-1.97175,39.78023],[-1.97146,39.78061],[-1.96752,39.78251],[-1.96702,39.78289],[-1.96683,39.78352],[-1.96606,39.78219],[-1.96611,39.7805],[-1.96684,39.77962],[-1.96702,39.77894],[-1.96743,39.77849],[-1.96765,39.77798],[-1.96834,39.77738],[-1.96942,39.77574],[-1.97101,39.77448],[-1.97141,39.77344],[-1.97135,39.77304],[-1.97091,39.7727],[-1.97027,39.77162],[-1.96839,39.77178],[-1.96726,39.77099],[-1.96549,39.77085],[-1.96408,39.77023],[-1.96077,39.77032],[-1.95963,39.76953],[-1.95896,39.76929],[-1.95819,39.76925],[-1.95717,39.76925],[-1.9568,39.76959],[-1.95582,39.76993],[-1.95418,39.77114],[-1.95269,39.7716],[-1.95131,39.77077],[-1.94977,39.77076],[-1.94938,39.77097],[-1.94793,39.77097],[-1.9477,39.7714],[-1.94681,39.7714],[-1.94628,39.771],[-1.94547,39.77072],[-1.94502,39.77032],[-1.94187,39.76974],[-1.94062,39.76926],[-1.94034,39.76902],[-1.94014,39.7685],[-1.93944,39.76798],[-1.93965,39.76724],[-1.9396,39.76691],[-1.93854,39.76615],[-1.93631,39.76699],[-1.93463,39.76684],[-1.93418,39.7676],[-1.93404,39.76835],[-1.93331,39.7678],[-1.93299,39.76701],[-1.933,39.76588],[-1.93174,39.76504],[-1.93075,39.76458],[-1.9307,39.7636],[-1.93092,39.76283],[-1.9305,39.76233],[-1.93037,39.76171],[-1.9299,39.7609],[-1.92982,39.7599],[-1.92941,39.75937],[-1.92728,39.75884],[-1.92488,39.75922],[-1.92417,39.75887],[-1.9227,39.7585],[-1.92193,39.75796],[-1.92077,39.75759],[-1.92045,39.7573],[-1.91895,39.75665],[-1.91807,39.75549],[-1.91799,39.75492],[-1.9175,39.75505],[-1.91636,39.75472],[-1.91583,39.75472],[-1.91496,39.75549],[-1.91408,39.75562],[-1.91347,39.75591],[-1.91261,39.75583],[-1.91194,39.7564],[-1.91093,39.75663],[-1.91072,39.75646],[-1.91058,39.75561],[-1.91008,39.75518],[-1.90766,39.75434],[-1.90658,39.75358],[-1.9056,39.7532],[-1.90514,39.75178],[-1.90454,39.75104],[-1.90285,39.75097],[-1.90199,39.7514],[-1.89954,39.75133],[-1.89856,39.75086],[-1.89802,39.75039],[-1.89753,39.74964],[-1.89611,39.74871],[-1.89506,39.74843],[-1.89341,39.74829],[-1.89296,39.74739],[-1.89195,39.74601],[-1.89188,39.74544],[-1.89206,39.74531],[-1.89204,39.74511],[-1.89145,39.74473],[-1.89121,39.74416],[-1.89026,39.74332],[-1.89007,39.74258],[-1.88942,39.74195],[-1.88934,39.74106],[-1.88955,39.74043],[-1.88941,39.7397],[-1.89101,39.73832],[-1.89033,39.7374],[-1.8902,39.73678],[-1.88989,39.73626],[-1.88829,39.73506],[-1.88831,39.73451],[-1.88907,39.73314],[-1.88917,39.73258],[-1.88853,39.73237],[-1.8873,39.73229],[-1.88606,39.7318],[-1.8853,39.73126],[-1.88435,39.73087],[-1.88356,39.72968],[-1.88196,39.72893],[-1.87913,39.72901],[-1.87855,39.72871],[-1.87745,39.72859],[-1.87601,39.72802],[-1.87505,39.72786],[-1.87392,39.72706],[-1.87263,39.72679],[-1.87252,39.72615],[-1.87168,39.7255],[-1.86986,39.72532],[-1.8679,39.72323],[-1.86655,39.7227],[-1.86343,39.72308],[-1.86201,39.72245],[-1.86099,39.72239],[-1.86029,39.72213],[-1.85951,39.72154],[-1.85885,39.72142],[-1.85872,39.72102],[-1.85551,39.72098],[-1.85402,39.72075],[-1.85227,39.72075],[-1.85173,39.72095],[-1.85113,39.72095],[-1.8506,39.72083],[-1.85016,39.72035],[-1.84953,39.72007],[-1.8477,39.71959],[-1.8465,39.71955],[-1.84639,39.719],[-1.84547,39.71877],[-1.84502,39.71829],[-1.84403,39.7177],[-1.84334,39.71681],[-1.84269,39.71702],[-1.84205,39.71699],[-1.84054,39.71616],[-1.83915,39.71605],[-1.83735,39.71546],[-1.83702,39.71557],[-1.83693,39.71585],[-1.83333,39.71559],[-1.83017,39.71623],[-1.82927,39.71517],[-1.82888,39.71502],[-1.82866,39.7147],[-1.82821,39.71463],[-1.82819,39.71379],[-1.82765,39.71328],[-1.82736,39.71327],[-1.82732,39.71298],[-1.82658,39.71252],[-1.82612,39.71176],[-1.82545,39.71115],[-1.82526,39.71063],[-1.82474,39.7102],[-1.82401,39.71],[-1.82316,39.70945],[-1.82167,39.7096],[-1.81964,39.70907],[-1.81909,39.70882],[-1.81859,39.70831],[-1.81704,39.70791],[-1.81626,39.70739],[-1.81431,39.70726],[-1.81346,39.70705],[-1.81338,39.70649],[-1.8127,39.70584],[-1.8124,39.70511],[-1.81276,39.70458],[-1.81126,39.7036],[-1.8105,39.70275],[-1.81008,39.70253],[-1.80949,39.70259],[-1.80894,39.70305],[-1.8088,39.70362],[-1.8086,39.70319],[-1.80856,39.70202],[-1.80825,39.70164],[-1.80784,39.70141],[-1.80589,39.70105],[-1.8055,39.70051],[-1.80493,39.70035],[-1.80409,39.69979],[-1.80284,39.6994],[-1.80114,39.69809],[-1.80083,39.69771],[-1.80077,39.69654],[-1.80047,39.69557],[-1.80003,39.69484],[-1.79992,39.69398],[-1.799,39.69318],[-1.798,39.69282],[-1.79636,39.69169],[-1.79585,39.69118],[-1.79386,39.69106],[-1.79304,39.69085],[-1.79268,39.69049],[-1.79169,39.69031],[-1.79091,39.68978],[-1.78996,39.68961],[-1.78918,39.68909],[-1.78822,39.68892],[-1.78667,39.68808],[-1.78681,39.68637],[-1.78783,39.68525],[-1.78794,39.68433],[-1.78817,39.68383],[-1.78821,39.68336],[-1.78789,39.6817],[-1.78658,39.68007],[-1.7863,39.67938],[-1.78621,39.67807],[-1.78592,39.67775],[-1.78513,39.67725],[-1.78482,39.67757],[-1.78444,39.67769],[-1.78268,39.67739],[-1.78201,39.67669],[-1.78141,39.6755],[-1.78153,39.6739],[-1.78015,39.67321],[-1.77888,39.67283],[-1.77782,39.67207],[-1.77629,39.67188],[-1.77617,39.67015],[-1.77574,39.66932],[-1.76757,39.66907],[-1.76744,39.6682],[-1.76629,39.66593],[-1.7647,39.66505],[-1.76395,39.66406],[-1.76218,39.66272],[-1.76181,39.66215],[-1.76112,39.66192],[-1.75842,39.66177],[-1.7579,39.66128],[-1.75674,39.66081],[-1.75548,39.66065],[-1.75378,39.65984],[-1.75178,39.65929],[-1.75041,39.65829],[-1.74912,39.65833],[-1.74762,39.65729],[-1.74585,39.65766],[-1.7415,39.65789],[-1.73921,39.65833],[-1.73903,39.65868],[-1.73852,39.65873],[-1.73853,39.65958],[-1.73878,39.66032],[-1.73872,39.66273],[-1.73791,39.6635],[-1.73821,39.66384],[-1.73921,39.6643],[-1.73962,39.66559],[-1.74007,39.66609],[-1.74041,39.66688],[-1.73931,39.66782],[-1.73916,39.66832],[-1.73889,39.66857],[-1.73833,39.66887],[-1.73685,39.66912],[-1.73638,39.66947],[-1.73587,39.66953],[-1.73495,39.66942],[-1.73386,39.66845],[-1.7329,39.6688],[-1.73115,39.66857],[-1.73059,39.66865],[-1.73008,39.67022],[-1.72935,39.67179],[-1.72954,39.67324],[-1.72979,39.67373],[-1.72793,39.67344],[-1.7264,39.67294],[-1.72607,39.67266],[-1.72569,39.67179],[-1.72542,39.67153],[-1.72428,39.67144],[-1.72323,39.67171],[-1.72126,39.67266],[-1.71943,39.67326],[-1.71858,39.67487],[-1.71704,39.67524],[-1.71551,39.6765],[-1.714,39.67626],[-1.71202,39.67637],[-1.711,39.67586],[-1.70953,39.67548],[-1.7088,39.6751],[-1.70671,39.67505],[-1.7063,39.67484],[-1.70505,39.67476],[-1.70456,39.67436],[-1.70392,39.67308],[-1.70403,39.67148],[-1.7031,39.67143],[-1.70255,39.67174],[-1.70207,39.6708],[-1.70121,39.66989],[-1.7003,39.66996],[-1.69936,39.66972],[-1.69821,39.66915],[-1.69723,39.66909],[-1.69726,39.66874],[-1.69752,39.66852],[-1.69758,39.6678],[-1.69813,39.66775],[-1.69815,39.66685],[-1.69761,39.66618],[-1.6978,39.66511],[-1.69669,39.6635],[-1.6955,39.66284],[-1.69077,39.66173],[-1.68798,39.66005],[-1.6864,39.65994],[-1.68606,39.65976],[-1.68581,39.65937],[-1.68574,39.65836],[-1.68527,39.65756],[-1.68522,39.65698],[-1.68529,39.6552],[-1.68566,39.65417],[-1.68616,39.65365],[-1.68198,39.65359],[-1.68112,39.65339],[-1.67944,39.65332],[-1.679,39.65311],[-1.6784,39.65259],[-1.67747,39.65122],[-1.6767,39.65098],[-1.67554,39.6503],[-1.67199,39.64786],[-1.67199,39.64678],[-1.67046,39.64546],[-1.66982,39.64527],[-1.66905,39.64474],[-1.66789,39.64428],[-1.66566,39.64373],[-1.66567,39.64266],[-1.66534,39.64183],[-1.66489,39.64134],[-1.66391,39.6395],[-1.66291,39.63882],[-1.66286,39.63807],[-1.66175,39.63826],[-1.65963,39.638],[-1.65871,39.63759],[-1.65529,39.63752],[-1.65446,39.63734],[-1.65342,39.63768],[-1.65171,39.63743],[-1.65125,39.63684],[-1.64963,39.63667],[-1.64958,39.6364],[-1.65027,39.63559],[-1.65049,39.63485],[-1.65149,39.63426],[-1.65182,39.63363],[-1.64991,39.63065],[-1.64996,39.62957],[-1.65043,39.62922],[-1.65104,39.62834],[-1.65077,39.62747],[-1.64958,39.62651],[-1.64876,39.62659],[-1.64856,39.62644],[-1.64881,39.62552],[-1.64857,39.6247],[-1.64858,39.62302],[-1.64935,39.62241],[-1.65072,39.62218],[-1.65231,39.62216],[-1.65265,39.62198],[-1.653,39.62089],[-1.65303,39.61813],[-1.65284,39.61735],[-1.65316,39.61685],[-1.65417,39.61604],[-1.65425,39.61575],[-1.65421,39.61536],[-1.6538,39.61491],[-1.65347,39.61417],[-1.65346,39.61338],[-1.65503,39.61147],[-1.65567,39.61108],[-1.65479,39.61047],[-1.65443,39.60991],[-1.65436,39.60747],[-1.65309,39.60612],[-1.65266,39.60452],[-1.65197,39.60385],[-1.6518,39.60317],[-1.65141,39.60272],[-1.65156,39.60159],[-1.65041,39.59925],[-1.64975,39.59877],[-1.64895,39.59866],[-1.64743,39.59807],[-1.64634,39.59786],[-1.64509,39.59806],[-1.64296,39.59887],[-1.64249,39.59847],[-1.64051,39.59812],[-1.63959,39.59768],[-1.63899,39.59672],[-1.63892,39.59626],[-1.63929,39.59514],[-1.64039,39.59368],[-1.64043,39.59094],[-1.63886,39.59017],[-1.63743,39.58859],[-1.63746,39.58806],[-1.63686,39.5876],[-1.63578,39.58724],[-1.63522,39.58668],[-1.6323,39.58585],[-1.63129,39.58525],[-1.62918,39.58496],[-1.62708,39.58495],[-1.62632,39.58516],[-1.62622,39.58461],[-1.62514,39.5839],[-1.62412,39.5837],[-1.62307,39.58294],[-1.62125,39.58244],[-1.6191,39.58215],[-1.61706,39.58233],[-1.61729,39.58196],[-1.61744,39.58113],[-1.61824,39.58049],[-1.618,39.57936],[-1.61811,39.57773],[-1.61842,39.57748],[-1.61972,39.57706],[-1.62008,39.57625],[-1.62008,39.57568],[-1.61985,39.57505],[-1.62017,39.5744],[-1.62183,39.57265],[-1.62282,39.5707],[-1.62358,39.57047],[-1.62476,39.5695],[-1.62535,39.5681],[-1.62585,39.56797],[-1.62603,39.56776],[-1.62616,39.56682],[-1.62698,39.56551],[-1.62698,39.56442],[-1.62656,39.56344],[-1.62683,39.56293],[-1.62804,39.5616],[-1.629,39.56114],[-1.63075,39.56079],[-1.63107,39.56049],[-1.63193,39.56013],[-1.63269,39.55943],[-1.6337,39.55902],[-1.63452,39.55677],[-1.63504,39.55643],[-1.63414,39.55408],[-1.6337,39.55357],[-1.63364,39.55299],[-1.63371,39.55167],[-1.63405,39.55047],[-1.63483,39.54908],[-1.63497,39.548],[-1.63598,39.54734],[-1.63555,39.54647],[-1.63556,39.54382],[-1.63533,39.54303],[-1.63592,39.54058],[-1.6358,39.54032],[-1.63516,39.54007],[-1.63533,39.53942],[-1.6351,39.53882],[-1.63602,39.53807],[-1.63704,39.5379],[-1.63813,39.53717],[-1.6393,39.53673],[-1.64107,39.5364],[-1.64193,39.53617],[-1.6424,39.53583],[-1.64414,39.53549],[-1.64436,39.53528],[-1.64421,39.53477],[-1.64421,39.53379],[-1.64471,39.53234],[-1.6446,39.53165],[-1.6464,39.53074],[-1.64767,39.53038],[-1.64852,39.52982],[-1.64982,39.52957],[-1.65061,39.52883],[-1.6513,39.52659],[-1.6511,39.52529],[-1.65159,39.52449],[-1.65173,39.52387],[-1.65239,39.52331],[-1.65332,39.52294],[-1.6529,39.52212],[-1.65286,39.52058],[-1.65239,39.51978],[-1.65208,39.51873],[-1.65244,39.51629],[-1.65287,39.5161],[-1.65402,39.51623],[-1.65426,39.51575],[-1.65494,39.51513],[-1.65515,39.51462],[-1.6557,39.51414],[-1.65632,39.51372],[-1.65759,39.51336],[-1.65837,39.51285],[-1.65993,39.51233],[-1.66027,39.51199],[-1.66041,39.51113],[-1.66102,39.51025],[-1.66233,39.50997],[-1.66248,39.50853],[-1.66298,39.50774],[-1.66304,39.50703],[-1.66277,39.50607],[-1.66225,39.50606],[-1.66216,39.50585],[-1.66191,39.50583],[-1.6622,39.50488],[-1.66223,39.5035],[-1.66145,39.50186],[-1.66141,39.50148],[-1.66234,39.49841],[-1.66486,39.49707],[-1.66603,39.49594],[-1.66655,39.49453],[-1.66757,39.4932],[-1.66778,39.49269],[-1.66859,39.49181],[-1.66985,39.49114],[-1.67105,39.49081],[-1.6714,39.49055],[-1.6716,39.48989],[-1.67205,39.48951],[-1.6728,39.48718],[-1.67326,39.48668],[-1.67351,39.48606],[-1.67341,39.48566],[-1.67361,39.48478],[-1.67315,39.4842],[-1.67282,39.48275],[-1.67285,39.48169],[-1.67318,39.48094],[-1.6747,39.47969],[-1.67648,39.47921],[-1.67785,39.47763],[-1.67792,39.47456],[-1.6778,39.47412],[-1.67696,39.47396],[-1.67621,39.47359],[-1.67471,39.47351],[-1.67366,39.47324],[-1.67311,39.47299],[-1.67245,39.4722],[-1.67019,39.47212],[-1.66839,39.4717],[-1.66638,39.47154],[-1.66329,39.46883],[-1.66316,39.46746],[-1.66191,39.46588],[-1.66169,39.46516],[-1.66103,39.46476],[-1.66049,39.46421],[-1.65896,39.46454],[-1.65814,39.46428],[-1.65614,39.46245],[-1.65579,39.46174],[-1.65578,39.46161],[-1.65622,39.46151],[-1.65658,39.4611],[-1.65685,39.46041],[-1.65681,39.4601],[-1.6578,39.45948],[-1.65788,39.45803],[-1.65864,39.45764],[-1.66033,39.45756],[-1.6613,39.45711],[-1.66165,39.45675],[-1.66184,39.4554],[-1.66211,39.45524],[-1.66251,39.45528],[-1.66511,39.45397],[-1.66538,39.45251],[-1.66594,39.45212],[-1.66683,39.45201],[-1.66724,39.45171],[-1.66786,39.45051],[-1.66801,39.44929],[-1.66931,39.44841],[-1.66984,39.44746],[-1.67049,39.44729],[-1.6708,39.44702],[-1.67069,39.44638],[-1.67116,39.44569],[-1.67096,39.44508],[-1.67118,39.44433],[-1.67102,39.44367],[-1.6721,39.44239],[-1.6715,39.44076],[-1.67107,39.4402],[-1.67157,39.43906],[-1.67167,39.43797],[-1.67188,39.43742],[-1.67149,39.43707],[-1.67036,39.43722],[-1.67003,39.43713],[-1.66996,39.43697],[-1.67133,39.43552],[-1.67137,39.43408],[-1.66988,39.43301],[-1.66895,39.43276],[-1.66862,39.43278],[-1.66784,39.4333],[-1.66735,39.43323],[-1.66714,39.43301],[-1.66705,39.43222],[-1.66676,39.43146],[-1.66599,39.43072],[-1.66541,39.42944],[-1.66554,39.42887],[-1.66651,39.42835],[-1.6673,39.42737],[-1.6683,39.4267],[-1.66863,39.42616],[-1.66864,39.42587],[-1.6679,39.42519],[-1.66739,39.42439],[-1.66679,39.42403],[-1.6648,39.42227],[-1.66456,39.42105],[-1.66382,39.42079],[-1.66319,39.41985],[-1.66148,39.41875],[-1.65938,39.42059],[-1.65784,39.42105],[-1.65675,39.42107],[-1.65463,39.42076],[-1.65329,39.41976],[-1.65235,39.4195],[-1.6509,39.41922],[-1.64975,39.41932],[-1.64886,39.41844],[-1.64837,39.41769],[-1.64746,39.41741],[-1.64586,39.41732],[-1.64429,39.41689],[-1.64327,39.41732],[-1.64272,39.41604],[-1.64275,39.41535],[-1.64303,39.41462],[-1.64303,39.41324],[-1.64269,39.41265],[-1.64201,39.41205],[-1.64192,39.41158],[-1.64206,39.41087],[-1.64304,39.41041],[-1.64312,39.40927],[-1.64143,39.40658],[-1.63783,39.40447],[-1.63523,39.40376],[-1.63413,39.40385],[-1.63357,39.40332],[-1.6312,39.40237],[-1.63045,39.40247],[-1.62952,39.40231],[-1.62871,39.40246],[-1.62777,39.40223],[-1.62648,39.4017],[-1.62551,39.40073],[-1.62418,39.40027],[-1.62493,39.39997],[-1.62523,39.39963],[-1.62441,39.39787],[-1.62398,39.39757],[-1.62364,39.39708],[-1.62365,39.39573],[-1.62341,39.3953],[-1.6234,39.39477],[-1.62394,39.39379],[-1.62408,39.392],[-1.6245,39.39156],[-1.62469,39.39089],[-1.62516,39.39039],[-1.62563,39.38948],[-1.62635,39.38878],[-1.62615,39.38814],[-1.62614,39.38655],[-1.6259,39.38588],[-1.62588,39.38421],[-1.62507,39.38309],[-1.62215,39.3828],[-1.61947,39.38229],[-1.61867,39.38154],[-1.61765,39.38113],[-1.61663,39.38031],[-1.61388,39.38024],[-1.61236,39.37979],[-1.60528,39.37966],[-1.6035,39.37913],[-1.60329,39.37818],[-1.60224,39.37705],[-1.6018,39.37678],[-1.60051,39.37668],[-1.59919,39.37629],[-1.59848,39.37624],[-1.59802,39.37631],[-1.59714,39.37686],[-1.59644,39.37687],[-1.59568,39.37659],[-1.59464,39.37582],[-1.59352,39.37552],[-1.59304,39.3756],[-1.59195,39.37633],[-1.59045,39.37613],[-1.59017,39.376],[-1.58963,39.37506],[-1.58758,39.37514],[-1.58643,39.37467],[-1.58593,39.37409],[-1.58551,39.37385],[-1.5848,39.37387],[-1.58408,39.37421],[-1.58349,39.37387],[-1.58247,39.37407],[-1.58181,39.37441],[-1.58073,39.37451],[-1.57961,39.37547],[-1.57895,39.37551],[-1.57817,39.37476],[-1.57715,39.37434],[-1.57656,39.37336],[-1.57649,39.37235],[-1.57626,39.37205],[-1.57364,39.37144],[-1.57245,39.36976],[-1.57118,39.36862],[-1.57104,39.36771],[-1.5705,39.36721],[-1.56966,39.36711],[-1.56795,39.36731],[-1.56672,39.36712],[-1.566,39.36746],[-1.56441,39.36753],[-1.56372,39.36785],[-1.562,39.36761],[-1.56181,39.36748],[-1.56199,39.36617],[-1.56027,39.36627],[-1.55934,39.366],[-1.5585,39.36543],[-1.55711,39.3651],[-1.55678,39.36489],[-1.55633,39.36392],[-1.55556,39.36289],[-1.55561,39.36234],[-1.55598,39.36183],[-1.55399,39.36169],[-1.55286,39.36089],[-1.55141,39.36075],[-1.55068,39.36037],[-1.5497,39.36036],[-1.54755,39.36106],[-1.5472,39.36155],[-1.5469,39.36246],[-1.54676,39.36354],[-1.54639,39.36402],[-1.54515,39.3644],[-1.54436,39.36514],[-1.54289,39.36579],[-1.54165,39.36595],[-1.5411,39.36692],[-1.54074,39.36718],[-1.54011,39.3672],[-1.54001,39.36741],[-1.53907,39.36743],[-1.53749,39.36782],[-1.53686,39.3676],[-1.53612,39.36652],[-1.53445,39.36639],[-1.53386,39.36586],[-1.53297,39.3655],[-1.53262,39.36493],[-1.53253,39.36385],[-1.53222,39.36355],[-1.53127,39.36307],[-1.52856,39.36231],[-1.52853,39.36165],[-1.5283,39.36104],[-1.52825,39.35878],[-1.52602,39.35676],[-1.52445,39.35653],[-1.52425,39.35558],[-1.52374,39.35515],[-1.52147,39.35412],[-1.52114,39.3529],[-1.52015,39.35245],[-1.51957,39.352],[-1.51841,39.34992],[-1.51842,39.34945],[-1.51928,39.34824],[-1.5191,39.34544],[-1.51943,39.34515],[-1.52032,39.34504],[-1.52067,39.34484],[-1.52161,39.3439],[-1.52163,39.34345],[-1.5196,39.34222],[-1.51883,39.34192],[-1.51725,39.34052],[-1.51637,39.33934],[-1.51646,39.33882],[-1.51618,39.33793],[-1.51432,39.3377],[-1.51263,39.33661],[-1.51198,39.33562],[-1.51069,39.33474],[-1.5105,39.33378],[-1.50949,39.33258],[-1.50868,39.32986],[-1.50858,39.32835],[-1.50776,39.32741],[-1.50658,39.32675],[-1.5054,39.32661],[-1.50449,39.32631],[-1.50549,39.3254],[-1.50582,39.32466],[-1.50581,39.32431],[-1.50524,39.32355],[-1.50336,39.3223],[-1.50249,39.32131],[-1.50139,39.31925],[-1.50153,39.31836],[-1.50131,39.31772],[-1.50028,39.31625],[-1.49999,39.31504],[-1.49999,39.31383],[-1.50051,39.31222],[-1.50105,39.31227],[-1.50149,39.31299],[-1.50277,39.31396],[-1.50602,39.31404],[-1.50634,39.31396],[-1.50664,39.31363],[-1.50677,39.30759],[-1.5062,39.3054],[-1.5055,39.30354],[-1.5054,39.30246],[-1.50485,39.3011],[-1.50413,39.29992],[-1.50396,39.29903],[-1.50222,39.29886],[-1.50158,39.29832],[-1.50186,39.29785],[-1.50279,39.29698],[-1.50375,39.29637],[-1.50401,39.29536],[-1.50501,39.29469],[-1.50505,39.29262],[-1.50394,39.28901],[-1.50356,39.28869],[-1.50351,39.28846],[-1.50427,39.28731],[-1.50472,39.28556],[-1.50549,39.28439],[-1.50654,39.28175],[-1.50696,39.28132],[-1.50744,39.28042],[-1.50842,39.28019],[-1.50876,39.27979],[-1.50911,39.2792],[-1.50917,39.27803],[-1.50825,39.27719],[-1.50622,39.27583],[-1.50477,39.2753],[-1.50422,39.27445],[-1.50302,39.27365],[-1.50249,39.27288],[-1.50149,39.27296],[-1.50122,39.2728],[-1.50129,39.27258],[-1.50191,39.27223],[-1.50255,39.27158],[-1.50287,39.27108],[-1.50284,39.27083],[-1.50212,39.27009],[-1.5022,39.26857],[-1.50259,39.26832],[-1.50396,39.26823],[-1.50505,39.26749],[-1.50527,39.26728],[-1.50575,39.26614],[-1.50713,39.26473],[-1.50668,39.26464],[-1.50572,39.26407],[-1.50239,39.26364],[-1.50173,39.26368],[-1.49982,39.26269],[-1.49925,39.26254],[-1.49887,39.26208],[-1.4987,39.26132],[-1.4979,39.25993],[-1.497,39.25927],[-1.49562,39.25914],[-1.4952,39.25891],[-1.4959,39.25863],[-1.49624,39.25823],[-1.49631,39.2564],[-1.49661,39.2554],[-1.49635,39.25423],[-1.49646,39.25272],[-1.49676,39.25226],[-1.49722,39.25201],[-1.49773,39.25206],[-1.49844,39.25255],[-1.49867,39.25244],[-1.4987,39.25223],[-1.49781,39.25165],[-1.49624,39.25112],[-1.49456,39.25101],[-1.49239,39.25038],[-1.49042,39.25031],[-1.48959,39.24992],[-1.48821,39.2498],[-1.48607,39.24872],[-1.48563,39.24873],[-1.48489,39.2491],[-1.48381,39.24912],[-1.48332,39.24904],[-1.48276,39.24867],[-1.48089,39.2486],[-1.47936,39.24834],[-1.47895,39.24774],[-1.47751,39.24637],[-1.47592,39.2465],[-1.47452,39.24609],[-1.47244,39.246],[-1.47136,39.24561],[-1.47088,39.24581],[-1.47034,39.24638],[-1.46803,39.24686],[-1.46673,39.24685],[-1.46524,39.24642],[-1.46416,39.24637],[-1.46366,39.24642],[-1.46307,39.24672],[-1.45998,39.24657],[-1.45829,39.24715],[-1.4554,39.24676],[-1.45436,39.24709],[-1.45347,39.24629],[-1.45202,39.24582],[-1.45093,39.2457],[-1.45029,39.24534],[-1.44775,39.24476],[-1.44678,39.24435],[-1.44493,39.24475],[-1.44226,39.24446],[-1.43877,39.24292],[-1.43732,39.24245],[-1.43682,39.24247],[-1.43628,39.2432],[-1.43503,39.24369],[-1.43408,39.243],[-1.43307,39.24198],[-1.43181,39.24182],[-1.43066,39.24135],[-1.42983,39.24078],[-1.42748,39.24069],[-1.42663,39.24048],[-1.42201,39.24072],[-1.42135,39.24166],[-1.42108,39.24341],[-1.42148,39.2449],[-1.42144,39.24544],[-1.42075,39.24576],[-1.41925,39.2458],[-1.41852,39.24597],[-1.41492,39.24565],[-1.41436,39.24518],[-1.41423,39.24457],[-1.414,39.24438],[-1.41147,39.24448],[-1.41086,39.24396],[-1.41019,39.24233],[-1.40953,39.24204],[-1.40765,39.24204],[-1.4065,39.24245],[-1.39847,39.24235],[-1.39565,39.24302],[-1.39404,39.24361],[-1.39286,39.24357],[-1.39245,39.24325],[-1.39205,39.24317],[-1.39002,39.24371],[-1.38948,39.24351],[-1.38891,39.24304],[-1.38751,39.24099],[-1.38739,39.23843],[-1.3871,39.2382],[-1.38637,39.238],[-1.3851,39.23704],[-1.38241,39.23694],[-1.38138,39.2371],[-1.38068,39.23674],[-1.37864,39.23614],[-1.37809,39.23589],[-1.37701,39.23441],[-1.37603,39.23371],[-1.37511,39.2337],[-1.37137,39.23451],[-1.37089,39.23443],[-1.37054,39.23341],[-1.37036,39.23195],[-1.37056,39.23101],[-1.37055,39.2303],[-1.3703,39.22946],[-1.37051,39.22784],[-1.36758,39.22686],[-1.36398,39.22651],[-1.36273,39.22625],[-1.36232,39.22593],[-1.36209,39.22529],[-1.36228,39.22508],[-1.36366,39.22489],[-1.36425,39.22468],[-1.36484,39.22423],[-1.36518,39.22343],[-1.36488,39.22284],[-1.36398,39.22288],[-1.35989,39.22131],[-1.35522,39.22125],[-1.35263,39.22184],[-1.35184,39.22182],[-1.3506,39.2211],[-1.35002,39.22012],[-1.34959,39.21877],[-1.34721,39.21789],[-1.34538,39.21647],[-1.34435,39.21595],[-1.34427,39.21568],[-1.34517,39.21589],[-1.3459,39.21585],[-1.34727,39.21488],[-1.34803,39.21463],[-1.34975,39.21442],[-1.35099,39.21482],[-1.35286,39.21458],[-1.35354,39.21426],[-1.35513,39.2142],[-1.35609,39.21365],[-1.3572,39.21333],[-1.35804,39.21279],[-1.35938,39.21232],[-1.36103,39.21209],[-1.36406,39.21209],[-1.37069,39.21067],[-1.37188,39.21087],[-1.37423,39.21089],[-1.37579,39.21045],[-1.37701,39.20988],[-1.38043,39.2096],[-1.38153,39.20865],[-1.38352,39.20746],[-1.38704,39.20752],[-1.39143,39.20868],[-1.39203,39.20864],[-1.39545,39.20765],[-1.39721,39.20913],[-1.39955,39.20919],[-1.40217,39.20855],[-1.40371,39.20787],[-1.40564,39.20626],[-1.40632,39.20654],[-1.40787,39.20623],[-1.40983,39.20615],[-1.41097,39.20555],[-1.41152,39.20499],[-1.41304,39.20461],[-1.41454,39.20375],[-1.41503,39.20323],[-1.41555,39.20301],[-1.41878,39.20358],[-1.41916,39.20313],[-1.41939,39.20239],[-1.42041,39.20189],[-1.4223,39.20193],[-1.42323,39.20251],[-1.4246,39.20273],[-1.42519,39.20266],[-1.42575,39.20289],[-1.4261,39.20323],[-1.42715,39.20352],[-1.42783,39.20347],[-1.42881,39.20292],[-1.42956,39.2031],[-1.43171,39.20314],[-1.4332,39.20276],[-1.4342,39.20313],[-1.43501,39.20315],[-1.43566,39.20288],[-1.43578,39.20249],[-1.4357,39.20215],[-1.43497,39.2014],[-1.43494,39.19881],[-1.4346,39.19831],[-1.43405,39.19806],[-1.43265,39.19794],[-1.43191,39.19767],[-1.43161,39.19737],[-1.43146,39.19668],[-1.43083,39.19619],[-1.42876,39.19687],[-1.42739,39.19761],[-1.42708,39.1976],[-1.42661,39.19687],[-1.42589,39.19644],[-1.42417,39.19486],[-1.42341,39.1927],[-1.42231,39.19184],[-1.4211,39.19163],[-1.4209,39.19099],[-1.42061,39.19085],[-1.41884,39.19085],[-1.41646,39.19163],[-1.41353,39.1923],[-1.41188,39.19201],[-1.41095,39.19142],[-1.40956,39.19118],[-1.4089,39.19164],[-1.40862,39.19256],[-1.40867,39.19284],[-1.40845,39.19305],[-1.40775,39.19331],[-1.40635,39.19328],[-1.40619,39.19306],[-1.40618,39.19226],[-1.4065,39.19069],[-1.40587,39.18935],[-1.40411,39.18787],[-1.40359,39.18708],[-1.40119,39.18578],[-1.40044,39.18473],[-1.39926,39.18413],[-1.39902,39.18365],[-1.39728,39.18238],[-1.39716,39.18187],[-1.3972,39.17834],[-1.39653,39.178],[-1.3962,39.1775],[-1.3948,39.17693],[-1.39421,39.17589],[-1.39242,39.17538],[-1.38941,39.17503],[-1.38888,39.174],[-1.38699,39.17292],[-1.38563,39.17192],[-1.38484,39.17191],[-1.38341,39.17251],[-1.38259,39.17249],[-1.38191,39.17225],[-1.3813,39.17196],[-1.38049,39.17094],[-1.37973,39.17033],[-1.37821,39.16994],[-1.3773,39.16933],[-1.3765,39.16928],[-1.37524,39.16947],[-1.3732,39.16903],[-1.3718,39.16961],[-1.37053,39.16959],[-1.36921,39.16869],[-1.36876,39.16788],[-1.36843,39.16764],[-1.36719,39.1675],[-1.36556,39.16672],[-1.36402,39.16737],[-1.36257,39.16833],[-1.36199,39.16788],[-1.36153,39.16688],[-1.36068,39.1662],[-1.35907,39.16546],[-1.35648,39.16529],[-1.3556,39.1647],[-1.3551,39.16343],[-1.35506,39.16288],[-1.35541,39.16212],[-1.35651,39.16099],[-1.3568,39.16047],[-1.35686,39.15999],[-1.35446,39.159],[-1.35392,39.15844],[-1.35326,39.15818],[-1.35184,39.15832],[-1.35053,39.1581],[-1.34967,39.15831],[-1.34992,39.15745],[-1.34972,39.15674],[-1.34999,39.1556],[-1.34895,39.15478],[-1.34827,39.15228],[-1.34798,39.15205],[-1.34726,39.15186],[-1.34627,39.15113],[-1.34329,39.15027],[-1.34071,39.14845],[-1.34017,39.14775],[-1.3396,39.14632],[-1.33951,39.14501],[-1.33877,39.1442],[-1.3381,39.14422],[-1.337,39.14459],[-1.33425,39.14485],[-1.33162,39.14543],[-1.33103,39.14521],[-1.32942,39.14518],[-1.32894,39.14536],[-1.32674,39.14558],[-1.32507,39.1456],[-1.32206,39.14635],[-1.31979,39.14534],[-1.3173,39.14479],[-1.31478,39.14475],[-1.31411,39.14496],[-1.31018,39.14476],[-1.30931,39.14531],[-1.30802,39.14555],[-1.30584,39.14365],[-1.30529,39.14295],[-1.3051,39.14243],[-1.3041,39.14146],[-1.30412,39.13963],[-1.30436,39.13893],[-1.30411,39.13752],[-1.30335,39.13619],[-1.30336,39.13414],[-1.30313,39.13347],[-1.3031,39.13217],[-1.30264,39.13137],[-1.3025,39.13068],[-1.30153,39.1291],[-1.30146,39.12787],[-1.301,39.12632],[-1.30103,39.12405],[-1.30129,39.12339],[-1.30131,39.12268],[-1.30023,39.1215],[-1.30037,39.11481],[-1.30013,39.11406],[-1.30012,39.11247],[-1.29993,39.1119],[-1.30012,39.11117],[-1.29968,39.1106],[-1.29953,39.10991],[-1.29898,39.109],[-1.29658,39.10673],[-1.29655,39.10414],[-1.29628,39.1034],[-1.2952,39.10259],[-1.29333,39.1024],[-1.29225,39.10252],[-1.29078,39.1023],[-1.29014,39.10239],[-1.28933,39.10183],[-1.28842,39.10178],[-1.28814,39.10158],[-1.28768,39.10155],[-1.28764,39.1008],[-1.28718,39.10029],[-1.28663,39.09915],[-1.28662,39.09844],[-1.28717,39.09766],[-1.28725,39.09583],[-1.28765,39.09441],[-1.28819,39.09378],[-1.28892,39.09381],[-1.28932,39.09347],[-1.28835,39.09341],[-1.28742,39.09304],[-1.28539,39.09266],[-1.28435,39.09189],[-1.28232,39.09107],[-1.28023,39.09001],[-1.27941,39.08994],[-1.27922,39.09016],[-1.27871,39.09016],[-1.2754,39.08711],[-1.27535,39.08657],[-1.27561,39.08567],[-1.27504,39.08393],[-1.27454,39.08311],[-1.27402,39.08306],[-1.27313,39.08228],[-1.27318,39.08044],[-1.27371,39.07958],[-1.27376,39.07888],[-1.27329,39.07801],[-1.27287,39.07663],[-1.2722,39.07557],[-1.27218,39.07473],[-1.27233,39.07458],[-1.27408,39.07424],[-1.27609,39.07319],[-1.27648,39.07242],[-1.27662,39.07156],[-1.27695,39.07105],[-1.27928,39.06904],[-1.27978,39.0688],[-1.28136,39.06875],[-1.28224,39.06822],[-1.28325,39.06804],[-1.28353,39.06779],[-1.28368,39.06718],[-1.28418,39.06652],[-1.2842,39.06575],[-1.28404,39.06529],[-1.28413,39.06503],[-1.28646,39.06429],[-1.28728,39.0635],[-1.28854,39.0629],[-1.28869,39.06071],[-1.2889,39.06016],[-1.28872,39.05961],[-1.28872,39.05892],[-1.28926,39.05796],[-1.28934,39.05747],[-1.28929,39.05689],[-1.28879,39.0562],[-1.28884,39.05514],[-1.28945,39.05395],[-1.29023,39.05302],[-1.2904,39.05242],[-1.29081,39.05211],[-1.29105,39.05163],[-1.29172,39.05124],[-1.29248,39.05011],[-1.29321,39.04947],[-1.29356,39.04864],[-1.29366,39.04688],[-1.29471,39.04594],[-1.29505,39.04535],[-1.29506,39.04777],[-1.29521,39.04801],[-1.29569,39.04822],[-1.29828,39.04832],[-1.29931,39.04821],[-1.30004,39.04872],[-1.30161,39.04938],[-1.30303,39.05039],[-1.30655,39.05002],[-1.30707,39.05113],[-1.30706,39.05349],[-1.3073,39.05423],[-1.30702,39.05513],[-1.30695,39.05672],[-1.30678,39.05695],[-1.30587,39.05727],[-1.30503,39.05797],[-1.30461,39.05878],[-1.30595,39.05794],[-1.30757,39.05774],[-1.30829,39.05799],[-1.30999,39.05937],[-1.31057,39.06013],[-1.31072,39.06104],[-1.31158,39.06194],[-1.31337,39.06325],[-1.31463,39.06518],[-1.31516,39.06544],[-1.31669,39.06549],[-1.31697,39.0657],[-1.31744,39.06572],[-1.3174,39.06524],[-1.31692,39.06408],[-1.31699,39.06127],[-1.3175,39.0604],[-1.31768,39.05949],[-1.31802,39.05899],[-1.31881,39.05841],[-1.32001,39.05811],[-1.32178,39.05817],[-1.32243,39.05853],[-1.32339,39.0586],[-1.32339,39.059],[-1.32365,39.05909],[-1.32368,39.05951],[-1.32401,39.05873],[-1.32434,39.05845],[-1.32531,39.05818],[-1.32702,39.05832],[-1.32736,39.0576],[-1.33049,39.05686],[-1.3331,39.05521],[-1.33542,39.05465],[-1.33597,39.05416],[-1.33669,39.05398],[-1.33776,39.05324],[-1.33834,39.05302],[-1.34039,39.05299],[-1.34172,39.05323],[-1.34169,39.05257],[-1.34146,39.05196],[-1.34151,39.05095],[-1.34191,39.0504],[-1.34281,39.05021],[-1.34272,39.04917],[-1.34304,39.04842],[-1.34339,39.04808],[-1.34375,39.0479],[-1.3458,39.04758],[-1.34634,39.04687],[-1.34702,39.04666],[-1.34829,39.04577],[-1.34922,39.04562],[-1.35007,39.04526],[-1.35089,39.04528],[-1.35164,39.04555],[-1.35283,39.04628],[-1.35336,39.04686],[-1.35478,39.04681],[-1.35593,39.04614],[-1.35679,39.04499],[-1.35865,39.0439],[-1.36003,39.04264],[-1.36078,39.04111],[-1.36182,39.04072],[-1.36365,39.0406],[-1.36392,39.04034],[-1.36403,39.03934],[-1.36435,39.03895],[-1.36497,39.03853],[-1.36686,39.03776],[-1.36737,39.03695],[-1.36849,39.0361],[-1.36976,39.03575],[-1.37132,39.03472],[-1.37161,39.03473],[-1.372,39.0339],[-1.3726,39.03346],[-1.37384,39.033],[-1.37437,39.033],[-1.3754,39.0332],[-1.37694,39.03477],[-1.37783,39.03523],[-1.37932,39.03527],[-1.38032,39.03489],[-1.38168,39.03529],[-1.38311,39.03536],[-1.38371,39.03557],[-1.38409,39.03495],[-1.38553,39.0339],[-1.38662,39.03348],[-1.38723,39.03274],[-1.38882,39.03271],[-1.38929,39.03295],[-1.3899,39.03275],[-1.39107,39.03274],[-1.3922,39.03294],[-1.39597,39.03258],[-1.39787,39.03142],[-1.39771,39.03035],[-1.39802,39.02924],[-1.3988,39.02872],[-1.39931,39.0273],[-1.39991,39.02641],[-1.40061,39.02597],[-1.40139,39.0244],[-1.40257,39.02351],[-1.40449,39.02305],[-1.40614,39.02304],[-1.40844,39.02331],[-1.40941,39.02376],[-1.40967,39.02328],[-1.40984,39.02159],[-1.41248,39.0196],[-1.41634,39.01905],[-1.4181,39.01804],[-1.41946,39.01776],[-1.42033,39.017],[-1.42131,39.01664],[-1.42239,39.01591],[-1.4242,39.01522],[-1.42559,39.01521],[-1.42649,39.01541],[-1.42787,39.01502],[-1.42943,39.01518],[-1.43002,39.01497],[-1.43118,39.01417],[-1.43292,39.01364],[-1.43399,39.01313],[-1.43605,39.01258],[-1.43669,39.01224],[-1.43825,39.01199],[-1.43854,39.01147],[-1.43965,39.01105],[-1.44187,39.00918],[-1.44429,39.00893],[-1.44536,39.00908],[-1.44586,39.00835],[-1.44682,39.00767],[-1.44786,39.00741],[-1.44969,39.00736],[-1.4502,39.00719],[-1.4502,39.00696],[-1.45096,39.00692],[-1.45127,39.00668],[-1.45145,39.00599],[-1.4519,39.0055],[-1.45228,39.00429],[-1.45274,39.00402],[-1.45355,39.00302],[-1.45421,39.00254],[-1.4548,39.00237],[-1.45576,39.00273],[-1.45753,39.00281],[-1.45907,39.0032],[-1.45943,39.00296],[-1.45973,39.00244],[-1.4606,39.00251],[-1.46137,39.002],[-1.46264,39.00165],[-1.46406,39.00087],[-1.46604,39.00043],[-1.46638,38.99978],[-1.46741,38.99908],[-1.46778,38.9981],[-1.46823,38.9976],[-1.46842,38.99692],[-1.46964,38.99638],[-1.47017,38.99559],[-1.4712,38.99472],[-1.47121,38.99431],[-1.47071,38.99336],[-1.47098,38.99239],[-1.4702,38.99096],[-1.47023,38.98876],[-1.46885,38.98876],[-1.46836,38.98914],[-1.46739,38.98922],[-1.46643,38.98984],[-1.46427,38.98918],[-1.4626,38.98906],[-1.46111,38.98823],[-1.45984,38.9882],[-1.45941,38.98873],[-1.45878,38.98891],[-1.45792,38.98945],[-1.45507,38.98995],[-1.45384,38.99051],[-1.45241,38.99064],[-1.45226,38.9918],[-1.45248,38.99266],[-1.45226,38.99303],[-1.45195,38.99302],[-1.45185,38.99267],[-1.45093,38.99158],[-1.45074,38.99106],[-1.4499,38.98991],[-1.4492,38.98924],[-1.4493,38.9863],[-1.4499,38.98541],[-1.45118,38.98415],[-1.45167,38.98317],[-1.45271,38.98186],[-1.45289,38.98049],[-1.45418,38.97947],[-1.4545,38.97895],[-1.45468,38.97804],[-1.45573,38.97687],[-1.45572,38.97467],[-1.45553,38.97437],[-1.45488,38.97394],[-1.45444,38.97386],[-1.45409,38.97345],[-1.45364,38.97384],[-1.4527,38.97407],[-1.44969,38.9734],[-1.44858,38.97362],[-1.44819,38.97417],[-1.44683,38.97526],[-1.44578,38.97516],[-1.44499,38.97539],[-1.44378,38.97611],[-1.44323,38.97681],[-1.44203,38.97714],[-1.44159,38.97803],[-1.44174,38.97885],[-1.43878,38.97973],[-1.4379,38.97984],[-1.43671,38.9813],[-1.43567,38.9817],[-1.43332,38.98147],[-1.43136,38.98058],[-1.42929,38.98082],[-1.42844,38.98106],[-1.42777,38.98161],[-1.42642,38.9817],[-1.4261,38.98223],[-1.42543,38.98283],[-1.42521,38.98357],[-1.42318,38.9856],[-1.41987,38.98691],[-1.41823,38.98715],[-1.41686,38.98714],[-1.41683,38.98817],[-1.41657,38.98834],[-1.41652,38.98868],[-1.41626,38.98877],[-1.41623,38.98943],[-1.41498,38.98998],[-1.41314,38.99065],[-1.4119,38.99088],[-1.4087,38.99086],[-1.4076,38.99064],[-1.40639,38.99106],[-1.40639,38.99071],[-1.40666,38.99042],[-1.40709,38.98827],[-1.40819,38.98615],[-1.40818,38.98581],[-1.40772,38.98501],[-1.40753,38.9835],[-1.40844,38.98102],[-1.40929,38.98033],[-1.41048,38.97969],[-1.41344,38.97895],[-1.41461,38.97809],[-1.41426,38.97649],[-1.41521,38.9748],[-1.41884,38.97223],[-1.41934,38.97127],[-1.41976,38.97083],[-1.41989,38.96959],[-1.4202,38.96907],[-1.42123,38.96821],[-1.42206,38.9672],[-1.42359,38.96599],[-1.4236,38.96568],[-1.42317,38.96495],[-1.42325,38.96457],[-1.42572,38.96351],[-1.42685,38.96243],[-1.42742,38.96156],[-1.4272,38.9612],[-1.42564,38.95993],[-1.4253,38.95881],[-1.42532,38.95804],[-1.42559,38.95739],[-1.42566,38.95578],[-1.42616,38.95514],[-1.42635,38.95446],[-1.42827,38.95289],[-1.42891,38.95301],[-1.42998,38.95288],[-1.43112,38.9533],[-1.43274,38.95307],[-1.43426,38.95251],[-1.43541,38.95231],[-1.43629,38.9526],[-1.43683,38.95125],[-1.43799,38.95089],[-1.43949,38.95019],[-1.43969,38.94929],[-1.44006,38.94858],[-1.4415,38.94823],[-1.44236,38.94769],[-1.44362,38.94734],[-1.44534,38.94605],[-1.4465,38.94477],[-1.44779,38.94421],[-1.44805,38.94395],[-1.44823,38.94304],[-1.44898,38.94209],[-1.44908,38.94055],[-1.44942,38.93973],[-1.45047,38.93835],[-1.45065,38.93752],[-1.45109,38.93715],[-1.45187,38.93452],[-1.45317,38.93397],[-1.45427,38.9331],[-1.45548,38.93194],[-1.45572,38.93145],[-1.45633,38.93109],[-1.45661,38.93072],[-1.4582,38.92993],[-1.45876,38.92946],[-1.45874,38.92899],[-1.45753,38.92812],[-1.45731,38.92762],[-1.45666,38.927],[-1.45646,38.92648],[-1.45578,38.92581],[-1.45582,38.92535],[-1.45645,38.92448],[-1.45683,38.92423],[-1.45691,38.92393],[-1.45689,38.92271],[-1.45629,38.92196],[-1.45549,38.9219],[-1.45396,38.92238],[-1.45366,38.92313],[-1.45279,38.9238],[-1.45038,38.92448],[-1.44911,38.9245],[-1.44663,38.92395],[-1.44605,38.92349],[-1.44509,38.9223],[-1.44321,38.92187],[-1.44242,38.92113],[-1.44121,38.92131],[-1.44011,38.92212],[-1.4396,38.92231],[-1.43857,38.92162],[-1.43824,38.92107],[-1.4383,38.91961],[-1.43879,38.91882],[-1.43894,38.9182],[-1.4406,38.91652],[-1.44072,38.91305],[-1.44108,38.91213],[-1.44175,38.91114],[-1.44301,38.9104],[-1.44452,38.90915],[-1.44456,38.90814],[-1.44431,38.90732],[-1.44431,38.90557],[-1.44361,38.90471],[-1.44746,38.90464],[-1.44889,38.90416],[-1.44972,38.90353],[-1.44997,38.90297],[-1.45096,38.90216],[-1.45125,38.90171],[-1.4514,38.90063],[-1.4518,38.89963],[-1.45343,38.89952],[-1.45419,38.89927],[-1.45561,38.89821],[-1.45599,38.89766],[-1.45662,38.89572],[-1.4565,38.89518],[-1.45668,38.89441],[-1.45653,38.89383],[-1.4567,38.89329],[-1.45663,38.89291],[-1.4559,38.89187],[-1.45603,38.88885],[-1.45639,38.88859],[-1.45759,38.88827],[-1.45874,38.88751],[-1.46243,38.88755],[-1.46419,38.88884],[-1.46715,38.88902],[-1.46842,38.89028],[-1.4697,38.89063],[-1.47052,38.89127],[-1.471,38.89187],[-1.47223,38.89242],[-1.4741,38.89411],[-1.47501,38.89442],[-1.47819,38.89381],[-1.48113,38.89404],[-1.48214,38.89364],[-1.48467,38.89362],[-1.48509,38.89331],[-1.48552,38.89322],[-1.48766,38.89352],[-1.48873,38.89429],[-1.4891,38.89438],[-1.48966,38.89436],[-1.49178,38.89368],[-1.49291,38.89299],[-1.49318,38.89229],[-1.49409,38.89188],[-1.49432,38.89124],[-1.49473,38.89093],[-1.49495,38.89028],[-1.49528,38.89009],[-1.49555,38.88962],[-1.49615,38.88942],[-1.49643,38.88896],[-1.49676,38.88876],[-1.49703,38.88715],[-1.49908,38.88606],[-1.4999,38.8859],[-1.50057,38.88554],[-1.50158,38.88557],[-1.50259,38.88595],[-1.50376,38.88609],[-1.5049,38.88655],[-1.50625,38.88755],[-1.50775,38.88683],[-1.5101,38.88787],[-1.51285,38.88795],[-1.51368,38.88837],[-1.52072,38.88896],[-1.52268,38.88986],[-1.52464,38.88962],[-1.52567,38.88926],[-1.52754,38.88921],[-1.52816,38.88878],[-1.52864,38.88802],[-1.52994,38.88771],[-1.53119,38.88794],[-1.53573,38.88802],[-1.53707,38.88839],[-1.53829,38.88785],[-1.53892,38.88783],[-1.54117,38.88882],[-1.54257,38.88985],[-1.54375,38.8899],[-1.54474,38.88966],[-1.54538,38.88871],[-1.54584,38.88837],[-1.54667,38.88607],[-1.54601,38.88521],[-1.54623,38.88461],[-1.54632,38.88294],[-1.54667,38.88212],[-1.54898,38.87994],[-1.55062,38.87926],[-1.55121,38.87837],[-1.5514,38.87746],[-1.55314,38.87519],[-1.5538,38.8748],[-1.55402,38.87553],[-1.55453,38.87597],[-1.55579,38.87673],[-1.5573,38.8772],[-1.559,38.87724],[-1.56093,38.87701],[-1.56186,38.87675],[-1.56247,38.8761],[-1.56293,38.87496],[-1.56352,38.87406],[-1.56501,38.87251],[-1.56687,38.87187],[-1.56807,38.87123],[-1.56837,38.87092],[-1.56854,38.87024],[-1.56925,38.86935],[-1.56946,38.86869],[-1.57172,38.86716],[-1.57274,38.86676],[-1.57324,38.86534],[-1.57469,38.86315],[-1.57715,38.86098],[-1.57702,38.86036],[-1.57723,38.85971],[-1.57713,38.85846],[-1.57815,38.85801],[-1.57961,38.85664],[-1.57966,38.85594],[-1.57918,38.85507],[-1.57925,38.85477],[-1.57997,38.85433],[-1.58107,38.85434],[-1.58187,38.85454],[-1.58253,38.8543],[-1.58338,38.8536],[-1.58414,38.85155],[-1.58477,38.85105],[-1.58544,38.85106],[-1.58622,38.85182],[-1.58653,38.8519],[-1.58707,38.85188],[-1.58866,38.85138],[-1.59039,38.8501],[-1.59154,38.84897],[-1.59188,38.84839],[-1.59181,38.84776],[-1.59279,38.84716],[-1.59322,38.84644],[-1.59418,38.8456],[-1.59403,38.84502],[-1.59416,38.84419],[-1.59248,38.84405],[-1.5907,38.84323],[-1.58953,38.84309],[-1.58896,38.84264],[-1.58825,38.84147],[-1.58735,38.84075],[-1.58636,38.84031],[-1.5851,38.83935],[-1.58354,38.83888],[-1.58334,38.8382],[-1.58512,38.83739],[-1.58568,38.83677],[-1.58593,38.83621],[-1.58692,38.83494],[-1.5872,38.83394],[-1.5864,38.83289],[-1.58575,38.83249],[-1.58487,38.83154],[-1.58473,38.83062],[-1.58447,38.83036],[-1.58346,38.82995],[-1.58213,38.82896],[-1.58091,38.82862],[-1.58017,38.82778],[-1.57917,38.82721],[-1.57651,38.82508],[-1.57422,38.82498],[-1.57327,38.82555],[-1.57269,38.8256],[-1.57104,38.82473],[-1.56975,38.8253],[-1.56819,38.82533],[-1.56771,38.82525],[-1.5668,38.82467],[-1.56234,38.82412],[-1.56168,38.82419],[-1.56054,38.82493],[-1.55821,38.82393],[-1.55825,38.82106],[-1.55859,38.82055],[-1.55933,38.82006],[-1.55966,38.81923],[-1.55953,38.81829],[-1.56018,38.81772],[-1.56112,38.81604],[-1.56082,38.81473],[-1.55962,38.8137],[-1.55956,38.81341],[-1.56014,38.81294],[-1.5607,38.81302],[-1.56195,38.81282],[-1.56263,38.81247],[-1.56176,38.81135],[-1.56079,38.81052],[-1.5605,38.81001],[-1.56056,38.80978],[-1.56294,38.80818],[-1.5644,38.80776],[-1.56593,38.80753],[-1.56751,38.80756],[-1.56892,38.80837],[-1.56984,38.80863],[-1.5712,38.80843],[-1.57123,38.80792],[-1.57167,38.80737],[-1.57177,38.80605],[-1.57215,38.80495],[-1.57393,38.80342],[-1.57601,38.80298],[-1.5739,38.80117],[-1.57255,38.79895],[-1.57243,38.79758],[-1.5718,38.79656],[-1.57076,38.79573],[-1.56946,38.79531],[-1.56897,38.79479],[-1.56768,38.79415],[-1.56742,38.79381],[-1.56736,38.79286],[-1.5671,38.79196],[-1.56682,38.79162],[-1.56607,38.79123],[-1.56531,38.79047],[-1.56389,38.79031],[-1.56324,38.78983],[-1.56223,38.78748],[-1.56068,38.78582],[-1.5607,38.78235],[-1.56034,38.78138],[-1.55926,38.7805],[-1.55712,38.77961],[-1.55629,38.77904],[-1.55571,38.77882],[-1.55428,38.77866],[-1.55391,38.77787],[-1.55399,38.77702],[-1.55669,38.7759],[-1.55827,38.77584],[-1.55959,38.77559],[-1.56108,38.77473],[-1.56212,38.77373],[-1.56386,38.77309],[-1.56482,38.77294],[-1.5654,38.77262],[-1.56623,38.77246],[-1.56669,38.77293],[-1.5671,38.77304],[-1.57098,38.77307],[-1.57252,38.77184],[-1.57486,38.77129],[-1.57581,38.77084],[-1.57815,38.76884],[-1.58041,38.76563],[-1.58106,38.76524],[-1.5813,38.76474],[-1.58185,38.76427],[-1.5829,38.7639],[-1.58372,38.76317],[-1.58451,38.76299],[-1.58538,38.76309],[-1.58632,38.76285],[-1.5872,38.76241],[-1.58829,38.76124],[-1.5892,38.76068],[-1.58976,38.7599],[-1.59064,38.75924],[-1.59128,38.75908],[-1.5919,38.75866],[-1.59324,38.75677],[-1.59482,38.75589],[-1.59496,38.7549],[-1.59528,38.75415],[-1.59599,38.7535],[-1.59617,38.75282],[-1.59646,38.7525],[-1.59686,38.75227],[-1.59778,38.75211],[-1.59856,38.75274],[-1.59878,38.75331],[-1.59908,38.75361],[-1.59951,38.75383],[-1.60033,38.75385],[-1.60196,38.75305],[-1.60281,38.75292],[-1.60322,38.7526],[-1.60516,38.75229],[-1.6061,38.75173],[-1.60842,38.75117],[-1.61044,38.74975],[-1.61192,38.74934],[-1.61254,38.74823],[-1.61266,38.747],[-1.61296,38.74647],[-1.61393,38.74533],[-1.61457,38.74516],[-1.61512,38.74476],[-1.61523,38.74446],[-1.61511,38.74395],[-1.61566,38.74307],[-1.61612,38.74281],[-1.61805,38.74258],[-1.61914,38.74264],[-1.61954,38.74317],[-1.61963,38.74399],[-1.61995,38.74456],[-1.62106,38.74549],[-1.62279,38.74661],[-1.62597,38.74723],[-1.62754,38.74784],[-1.6315,38.74799],[-1.63183,38.74826],[-1.6322,38.74936],[-1.63251,38.74966],[-1.63547,38.75074],[-1.63623,38.75127],[-1.63694,38.75147],[-1.63745,38.75198],[-1.63938,38.75212],[-1.63996,38.75273],[-1.64143,38.75362],[-1.64224,38.75363],[-1.64375,38.75307],[-1.64518,38.75281],[-1.6461,38.75283],[-1.6485,38.75327],[-1.6492,38.75298],[-1.64947,38.7525],[-1.64986,38.75241],[-1.65173,38.75272],[-1.65231,38.75348],[-1.65348,38.75402],[-1.65496,38.75351],[-1.65531,38.75301],[-1.65546,38.7524],[-1.65572,38.75228],[-1.65693,38.75249],[-1.65818,38.75249],[-1.65912,38.7523],[-1.66005,38.75251],[-1.66147,38.75255],[-1.6638,38.75234],[-1.66506,38.75257],[-1.66777,38.75264],[-1.66906,38.75295],[-1.67228,38.75502],[-1.67257,38.75546],[-1.67241,38.75623],[-1.67306,38.7571],[-1.67322,38.75779],[-1.67356,38.75803],[-1.67437,38.75795],[-1.67528,38.75851],[-1.67611,38.75831],[-1.67706,38.75783],[-1.6778,38.75706],[-1.67858,38.75659],[-1.67966,38.75665],[-1.68099,38.75788],[-1.6822,38.7581],[-1.6833,38.75738],[-1.68402,38.7572],[-1.68503,38.75649],[-1.68628,38.75613],[-1.68715,38.75559],[-1.68884,38.75536],[-1.68972,38.75556],[-1.69074,38.75555],[-1.69406,38.75476],[-1.69573,38.75468],[-1.69724,38.75412],[-1.69934,38.754],[-1.69961,38.75374],[-1.69978,38.75283],[-1.70043,38.75244],[-1.70054,38.75217],[-1.70061,38.74997],[-1.70088,38.74916],[-1.70063,38.74827],[-1.70073,38.7466],[-1.7019,38.7464],[-1.70318,38.74565],[-1.704,38.74549],[-1.70458,38.74382],[-1.70724,38.7417],[-1.70895,38.73988],[-1.71022,38.7393],[-1.71108,38.73839],[-1.71111,38.73792],[-1.71039,38.73674],[-1.71031,38.7355],[-1.70984,38.73438],[-1.71016,38.73385],[-1.71086,38.73356],[-1.7111,38.73292],[-1.71205,38.73284],[-1.71308,38.73314],[-1.71339,38.73387],[-1.71431,38.73415],[-1.71452,38.73479],[-1.71512,38.735],[-1.716,38.73575],[-1.71671,38.73582],[-1.72053,38.73582],[-1.72114,38.73538],[-1.72143,38.73485],[-1.72231,38.73464],[-1.72258,38.73418],[-1.72311,38.73392],[-1.72436,38.73347],[-1.72595,38.73341],[-1.7267,38.73316],[-1.72749,38.73212],[-1.72862,38.73183],[-1.73021,38.73096],[-1.73186,38.72965],[-1.73185,38.72931],[-1.73208,38.72911],[-1.73311,38.72914],[-1.73512,38.72797],[-1.73599,38.72784],[-1.73742,38.72717],[-1.73835,38.72601],[-1.73853,38.72487],[-1.73938,38.72403],[-1.74066,38.72361],[-1.7418,38.72301],[-1.74211,38.72273],[-1.74236,38.72216],[-1.74371,38.72112],[-1.74459,38.72102],[-1.74584,38.72126],[-1.74643,38.72118],[-1.7467,38.72071],[-1.74707,38.72046],[-1.74738,38.7198],[-1.7475,38.71856],[-1.7481,38.71713],[-1.74938,38.71632],[-1.75118,38.71427],[-1.75222,38.71244],[-1.75358,38.71108],[-1.75461,38.70926],[-1.75643,38.70806],[-1.75725,38.70682],[-1.75807,38.70596],[-1.7591,38.70556],[-1.76077,38.7044],[-1.76141,38.70423],[-1.76203,38.70382],[-1.76232,38.7035],[-1.7625,38.70282],[-1.76311,38.70217],[-1.76511,38.70127],[-1.76626,38.70114],[-1.76692,38.70058],[-1.76894,38.69993],[-1.77043,38.69992],[-1.77147,38.70028],[-1.77234,38.70011],[-1.77331,38.69966],[-1.77415,38.69873],[-1.77437,38.69799],[-1.77561,38.69694],[-1.77546,38.69612],[-1.77574,38.69519],[-1.77549,38.6944],[-1.77556,38.69311],[-1.77658,38.69201],[-1.77673,38.69071],[-1.77702,38.69023],[-1.77804,38.68976],[-1.77836,38.68933],[-1.7785,38.6872],[-1.77868,38.68698],[-1.77958,38.68671],[-1.77972,38.68594],[-1.7802,38.68492],[-1.78034,38.68349],[-1.78099,38.68323],[-1.78127,38.68277],[-1.78186,38.68241],[-1.78277,38.68116],[-1.78415,38.68062],[-1.78455,38.68029],[-1.78541,38.68008],[-1.78558,38.67948],[-1.78606,38.67868],[-1.78618,38.67662],[-1.78662,38.67625],[-1.78681,38.67567],[-1.78724,38.6753],[-1.7874,38.67455],[-1.78787,38.67412],[-1.78784,38.67275],[-1.78697,38.67252],[-1.7868,38.6723],[-1.78679,38.66972],[-1.786,38.66914],[-1.78568,38.6667],[-1.78547,38.6662],[-1.78542,38.66512],[-1.78468,38.66244],[-1.78469,38.66196],[-1.78502,38.66107],[-1.7854,38.66072],[-1.78447,38.66012],[-1.78348,38.65894],[-1.78284,38.65854],[-1.78231,38.65791],[-1.78022,38.65712],[-1.77995,38.65684],[-1.78044,38.6557],[-1.78043,38.65501],[-1.78024,38.65454],[-1.78032,38.6543],[-1.78237,38.65352],[-1.7826,38.65197],[-1.78339,38.65167],[-1.7843,38.65081],[-1.78502,38.65054],[-1.78609,38.65044],[-1.78702,38.6498],[-1.78768,38.64881],[-1.7884,38.64725],[-1.78903,38.64677],[-1.78934,38.64675],[-1.78965,38.64695],[-1.78987,38.64776],[-1.79051,38.64825],[-1.79236,38.64831],[-1.79467,38.64808],[-1.79573,38.64738],[-1.79646,38.64576],[-1.7968,38.64527],[-1.79739,38.64483],[-1.79856,38.64472],[-1.79977,38.64416],[-1.80074,38.64392],[-1.80237,38.64377],[-1.80443,38.64406],[-1.80545,38.64334],[-1.8073,38.64254],[-1.80862,38.64159],[-1.81007,38.64235],[-1.81077,38.6424],[-1.81133,38.64205],[-1.81239,38.64193],[-1.81362,38.64147],[-1.81441,38.64095],[-1.81558,38.64052],[-1.81824,38.64217],[-1.81856,38.6427],[-1.81862,38.64417],[-1.81947,38.64489],[-1.82026,38.64458],[-1.82163,38.64449],[-1.82278,38.64405],[-1.82356,38.64353],[-1.8248,38.64339],[-1.82603,38.64282],[-1.82694,38.64283],[-1.82795,38.64322],[-1.82932,38.64333],[-1.83017,38.64373],[-1.83048,38.64438],[-1.83167,38.6454],[-1.8325,38.64677],[-1.83276,38.64777],[-1.8339,38.64805],[-1.83637,38.64766],[-1.83787,38.64792],[-1.83849,38.64819],[-1.83954,38.64917],[-1.84028,38.64945],[-1.84186,38.64954],[-1.8425,38.65008],[-1.84357,38.64936],[-1.84569,38.64855],[-1.84682,38.64778],[-1.84789,38.64754],[-1.85088,38.64748],[-1.85165,38.64696],[-1.85325,38.64634],[-1.85415,38.64537],[-1.85633,38.645],[-1.8566,38.64554],[-1.85741,38.64619],[-1.85873,38.64648],[-1.85971,38.64651],[-1.86102,38.64611],[-1.8626,38.64604],[-1.86374,38.6455],[-1.86468,38.64525],[-1.86626,38.64519],[-1.86774,38.64481],[-1.86943,38.64477],[-1.87125,38.6442],[-1.873,38.64509],[-1.87429,38.64677],[-1.87557,38.6473],[-1.87646,38.64733],[-1.87752,38.64714],[-1.88019,38.64723],[-1.88051,38.64752],[-1.88065,38.64821],[-1.882,38.64978],[-1.88264,38.65003],[-1.88328,38.64973],[-1.88359,38.64975],[-1.88435,38.65028],[-1.88536,38.65069],[-1.88686,38.65184],[-1.88784,38.65206],[-1.88854,38.653],[-1.89057,38.65464],[-1.89317,38.65623],[-1.89433,38.65626],[-1.89557,38.65575],[-1.89641,38.65663],[-1.8966,38.65737],[-1.89757,38.65827],[-1.8977,38.66009],[-1.89918,38.66134],[-1.89996,38.66237],[-1.90122,38.66347],[-1.90117,38.66371],[-1.89967,38.66472],[-1.89963,38.66507],[-1.90029,38.66568],[-1.90125,38.66732],[-1.90395,38.66921],[-1.90453,38.66939],[-1.90559,38.66905],[-1.90695,38.66925],[-1.90928,38.66903],[-1.9103,38.66845],[-1.91173,38.66831],[-1.91184,38.66788],[-1.91168,38.66737],[-1.91203,38.6671],[-1.9139,38.66705],[-1.91499,38.66669],[-1.91573,38.66681],[-1.91682,38.66645],[-1.91832,38.66645],[-1.91953,38.66675],[-1.9216,38.66802],[-1.92394,38.6681],[-1.92467,38.66848],[-1.92657,38.66875],[-1.93034,38.66885],[-1.93126,38.66944],[-1.93299,38.66981],[-1.93371,38.67082],[-1.93467,38.67128],[-1.9354,38.6713],[-1.93728,38.67091],[-1.94228,38.67098],[-1.94331,38.67179],[-1.94557,38.6722],[-1.94578,38.67308],[-1.9467,38.67334],[-1.94696,38.67381],[-1.94731,38.67407],[-1.94752,38.67471],[-1.94869,38.67493],[-1.94894,38.67585],[-1.94981,38.67608],[-1.95008,38.67654],[-1.95067,38.67676],[-1.95099,38.67726],[-1.95175,38.67741],[-1.95214,38.67772],[-1.95307,38.67799],[-1.95331,38.67838],[-1.9537,38.67992],[-1.95413,38.68064],[-1.95423,38.68166],[-1.95452,38.68263],[-1.95499,38.68343],[-1.95496,38.68398],[-1.95444,38.68483],[-1.95452,38.68537],[-1.9548,38.68541],[-1.95518,38.6851],[-1.95626,38.68499],[-1.95795,38.68439],[-1.95982,38.6844],[-1.96058,38.68467],[-1.96264,38.68674],[-1.96348,38.68788],[-1.9638,38.68868],[-1.96371,38.68937],[-1.96521,38.6899],[-1.96596,38.6911],[-1.96796,38.68972],[-1.96984,38.68933],[-1.97095,38.68838],[-1.97201,38.68827],[-1.97333,38.68769],[-1.97525,38.68782],[-1.97685,38.68746],[-1.97705,38.68726],[-1.97717,38.68648],[-1.97751,38.6862],[-1.97943,38.6864],[-1.98044,38.68678],[-1.98233,38.68708],[-1.98304,38.687],[-1.98418,38.68645],[-1.98568,38.68622],[-1.98801,38.68686],[-1.98977,38.68694],[-1.99085,38.68731],[-1.99135,38.68724],[-1.99193,38.68755],[-1.99314,38.68779],[-1.99598,38.68711],[-1.99705,38.68661],[-1.9976,38.68734],[-2.00003,38.68831],[-2.00121,38.68794],[-2.0025,38.68778],[-2.00345,38.68791],[-2.00429,38.68753],[-2.00509,38.68753],[-2.00693,38.68829],[-2.00878,38.68971],[-2.00936,38.68978],[-2.00999,38.68954],[-2.01051,38.6885],[-2.01109,38.68806],[-2.01321,38.68793],[-2.01514,38.68675],[-2.01668,38.68638],[-2.01775,38.68565],[-2.01899,38.6855],[-2.01977,38.68453],[-2.02157,38.68407],[-2.02194,38.68413],[-2.02292,38.68487],[-2.02349,38.6851],[-2.02467,38.68523],[-2.02639,38.68579],[-2.02817,38.68503],[-2.03027,38.68459],[-2.03296,38.68523],[-2.03529,38.68528],[-2.03642,38.6855],[-2.0379,38.68547],[-2.03856,38.68523],[-2.03911,38.68476],[-2.0387,38.68418],[-2.03861,38.68272],[-2.03802,38.6822],[-2.0367,38.68179],[-2.0362,38.68131],[-2.03687,38.68047],[-2.03751,38.67929],[-2.03765,38.67799],[-2.03855,38.6768],[-2.03913,38.67635],[-2.04017,38.67597],[-2.04072,38.67549],[-2.04075,38.67515],[-2.04024,38.67345],[-2.04024,38.67259],[-2.04041,38.6723],[-2.04217,38.67246],[-2.04467,38.67192],[-2.0452,38.67246],[-2.04563,38.67264],[-2.04666,38.67191],[-2.04854,38.67136],[-2.04883,38.67105],[-2.04894,38.67026],[-2.04923,38.66958],[-2.04952,38.66943],[-2.05087,38.6698],[-2.05197,38.66963],[-2.0531,38.66985],[-2.05454,38.66988],[-2.05559,38.66968],[-2.05687,38.66969],[-2.05993,38.67019],[-2.06337,38.67122],[-2.06439,38.67066],[-2.0663,38.67056],[-2.06689,38.67026],[-2.06813,38.67002],[-2.07056,38.66999],[-2.07221,38.66976],[-2.07316,38.66952],[-2.07381,38.66918],[-2.07575,38.66878],[-2.07639,38.66909],[-2.07778,38.66936],[-2.07858,38.66919],[-2.08044,38.66916],[-2.081,38.6688],[-2.08142,38.66877],[-2.08451,38.66963],[-2.08817,38.67013],[-2.0903,38.67014],[-2.09137,38.66944],[-2.09331,38.66758],[-2.09396,38.66741],[-2.09428,38.66713],[-2.09408,38.66501],[-2.09432,38.66383],[-2.09389,38.66222],[-2.09559,38.66249],[-2.09682,38.66196],[-2.09823,38.66271],[-2.0991,38.66285],[-2.09974,38.6632],[-2.1032,38.66379],[-2.10383,38.66406],[-2.1051,38.66502],[-2.10625,38.66516],[-2.10866,38.66607],[-2.10894,38.66639],[-2.10913,38.66712],[-2.11007,38.66766],[-2.11144,38.6688],[-2.11098,38.67001],[-2.1113,38.67154],[-2.11273,38.67276],[-2.11429,38.67379],[-2.11459,38.67432],[-2.11467,38.67524],[-2.11481,38.67546],[-2.11553,38.67537],[-2.11713,38.67562],[-2.1191,38.67678],[-2.1196,38.67729],[-2.12053,38.67755],[-2.12162,38.67766],[-2.12302,38.67805],[-2.12535,38.6781],[-2.12727,38.67836],[-2.1318,38.67937],[-2.13207,38.67962],[-2.13275,38.68116],[-2.13319,38.6817],[-2.13243,38.68268],[-2.1329,38.68353],[-2.13293,38.6853],[-2.13326,38.68611],[-2.13425,38.68612],[-2.1365,38.68737],[-2.13794,38.68783],[-2.13865,38.68787],[-2.13991,38.68782],[-2.14191,38.68739],[-2.14256,38.68705],[-2.14451,38.68674],[-2.14638,38.68593],[-2.14702,38.68593],[-2.14977,38.68653],[-2.15098,38.68559],[-2.15129,38.68498],[-2.15139,38.68336],[-2.15218,38.68281],[-2.15288,38.68283],[-2.15403,38.6833],[-2.15512,38.68434],[-2.1559,38.68482],[-2.15689,38.68499],[-2.15804,38.68487],[-2.15915,38.68509],[-2.16101,38.68488],[-2.1626,38.68507],[-2.16379,38.68431],[-2.1647,38.68413],[-2.16553,38.68206],[-2.16628,38.68135],[-2.16891,38.68136],[-2.16992,38.68197],[-2.17117,38.68225],[-2.17194,38.68219],[-2.1728,38.68164],[-2.1744,38.6814],[-2.17907,38.68185],[-2.18,38.68147],[-2.18112,38.68132],[-2.18163,38.68014],[-2.18239,38.67965],[-2.1833,38.67966],[-2.18431,38.68004],[-2.18637,38.68028],[-2.18721,38.68019],[-2.18753,38.67953],[-2.18767,38.67868],[-2.18812,38.67817],[-2.18819,38.67763],[-2.1881,38.67727],[-2.18709,38.67585],[-2.18711,38.67468],[-2.18763,38.67392],[-2.18753,38.67367],[-2.18693,38.67323],[-2.18792,38.67251],[-2.18899,38.6729],[-2.19158,38.67284],[-2.19171,38.6725],[-2.19164,38.67196],[-2.19041,38.67126],[-2.19081,38.67084],[-2.19095,38.66939],[-2.19141,38.66912],[-2.193,38.66906],[-2.19386,38.66853],[-2.19449,38.66835],[-2.19473,38.66717],[-2.1954,38.66658],[-2.19634,38.66533],[-2.19626,38.66489],[-2.19508,38.66414],[-2.19495,38.66373],[-2.19503,38.66122],[-2.19613,38.66048],[-2.19644,38.65992],[-2.19642,38.65928],[-2.19617,38.65855],[-2.19617,38.65545],[-2.19569,38.65479],[-2.19565,38.65433],[-2.19599,38.65349],[-2.19675,38.65233],[-2.19763,38.65031],[-2.19804,38.64795],[-2.19836,38.64719],[-2.19896,38.64668],[-2.19989,38.64641],[-2.20044,38.64645],[-2.20221,38.64706],[-2.20273,38.64706],[-2.20508,38.64551],[-2.20598,38.64456],[-2.20622,38.64384],[-2.20735,38.64331],[-2.20768,38.64266],[-2.20919,38.64144],[-2.20939,38.63956],[-2.21097,38.63846],[-2.21153,38.63762],[-2.21168,38.63693],[-2.21204,38.63643],[-2.21259,38.63636],[-2.21429,38.63659],[-2.21589,38.63639],[-2.2177,38.63702],[-2.21924,38.63638],[-2.21846,38.63443],[-2.21765,38.63379],[-2.21672,38.63363],[-2.21632,38.63332],[-2.21599,38.63241],[-2.216,38.62922],[-2.2157,38.62861],[-2.21508,38.6281],[-2.21357,38.62766],[-2.2147,38.62652],[-2.21788,38.62519],[-2.21901,38.62492],[-2.22105,38.62486],[-2.22122,38.62465],[-2.22135,38.62365],[-2.22225,38.62277],[-2.22539,38.62342],[-2.22951,38.6248],[-2.23005,38.62528],[-2.23011,38.62561],[-2.22903,38.62691],[-2.22897,38.62807],[-2.23015,38.62944],[-2.23073,38.6297],[-2.2348,38.63001],[-2.23564,38.63026],[-2.23609,38.63061],[-2.23773,38.63096],[-2.23936,38.63185],[-2.24022,38.63374],[-2.24185,38.63387],[-2.2426,38.63414],[-2.24315,38.6346],[-2.24338,38.6354],[-2.24444,38.63629],[-2.24533,38.63672],[-2.24629,38.63688],[-2.24694,38.63734],[-2.248,38.63846],[-2.24833,38.63927],[-2.24845,38.64012],[-2.24898,38.641],[-2.24931,38.64126],[-2.24974,38.64113],[-2.25018,38.63937],[-2.25073,38.63909],[-2.25634,38.63936],[-2.25939,38.64018],[-2.26046,38.64004],[-2.26154,38.64015],[-2.26207,38.64057],[-2.26234,38.64103],[-2.26248,38.64195],[-2.26293,38.64267],[-2.263,38.64504],[-2.26354,38.64607],[-2.26397,38.6463],[-2.26514,38.64552],[-2.26623,38.64553],[-2.26707,38.64609],[-2.26802,38.64625],[-2.26964,38.64724],[-2.27117,38.64784],[-2.27227,38.64871],[-2.27264,38.64926],[-2.27293,38.64979],[-2.27333,38.65154],[-2.27446,38.65246],[-2.27541,38.65275],[-2.27621,38.65271],[-2.27685,38.65237],[-2.27828,38.652],[-2.2788,38.65082],[-2.27937,38.65037],[-2.28238,38.64995],[-2.28241,38.64956],[-2.28156,38.64728],[-2.28069,38.6463],[-2.27975,38.6457],[-2.28044,38.64514],[-2.28029,38.64412],[-2.28095,38.64382],[-2.28238,38.64366],[-2.28323,38.64443],[-2.28391,38.64467],[-2.28492,38.64467],[-2.28586,38.64419],[-2.28738,38.64227],[-2.28834,38.64203],[-2.29068,38.64204],[-2.29218,38.64267],[-2.29297,38.64268],[-2.29478,38.64221],[-2.29636,38.64105],[-2.29787,38.64035],[-2.30018,38.64001],[-2.30192,38.63958],[-2.30537,38.63838],[-2.30607,38.63869],[-2.30785,38.63853],[-2.30909,38.63882],[-2.30947,38.63928],[-2.30987,38.64023],[-2.31029,38.64053],[-2.31445,38.6408],[-2.31491,38.64053],[-2.31515,38.63974],[-2.31636,38.63873],[-2.31649,38.63751],[-2.31665,38.63722],[-2.31801,38.63641],[-2.32029,38.63592],[-2.32292,38.63596],[-2.32362,38.63625],[-2.32427,38.63695],[-2.32468,38.63705],[-2.32549,38.63702],[-2.32866,38.63603],[-2.3313,38.6364],[-2.33383,38.63629],[-2.33482,38.63661],[-2.33567,38.63647],[-2.33662,38.63685],[-2.33762,38.63627],[-2.33949,38.63643],[-2.34165,38.63562],[-2.34331,38.63536],[-2.34373,38.63546],[-2.34441,38.63621],[-2.34529,38.63666],[-2.34695,38.63671],[-2.34742,38.63644],[-2.34821,38.63519],[-2.34919,38.6346],[-2.34965,38.63413],[-2.35203,38.63331],[-2.35351,38.63243],[-2.35379,38.63207],[-2.35367,38.63149],[-2.35477,38.63056],[-2.35521,38.63054],[-2.3564,38.63111],[-2.35846,38.63093],[-2.35854,38.6315],[-2.35907,38.63239],[-2.36,38.63318],[-2.36067,38.6333],[-2.36196,38.63404],[-2.36349,38.63375],[-2.36428,38.63426],[-2.36494,38.63443],[-2.36568,38.6352],[-2.36796,38.63702],[-2.36949,38.63785],[-2.36955,38.63829],[-2.36908,38.63902],[-2.36885,38.63995],[-2.37091,38.64189],[-2.37084,38.64266],[-2.37146,38.64325],[-2.37191,38.64403],[-2.3723,38.64423],[-2.37369,38.64381],[-2.3749,38.64305],[-2.37584,38.64352],[-2.3769,38.64436],[-2.37693,38.64492],[-2.37569,38.64593],[-2.37559,38.64637],[-2.37715,38.64776],[-2.37653,38.64878],[-2.37883,38.65091],[-2.37909,38.6519],[-2.38051,38.65173],[-2.38136,38.65118],[-2.3821,38.65092],[-2.38348,38.65127],[-2.38575,38.65029],[-2.38753,38.6506],[-2.38952,38.64995],[-2.39046,38.64939],[-2.39289,38.64941],[-2.3936,38.6497],[-2.39427,38.65045],[-2.39502,38.65084],[-2.39569,38.65159],[-2.39637,38.65204],[-2.39804,38.65209],[-2.39934,38.65168],[-2.40101,38.65167],[-2.40415,38.6531],[-2.405,38.65378],[-2.40546,38.65468],[-2.4059,38.65506],[-2.40589,38.65575],[-2.40543,38.65612],[-2.40536,38.65642],[-2.40543,38.6568],[-2.40581,38.65726],[-2.40685,38.65754],[-2.40852,38.65756],[-2.4089,38.6575],[-2.40973,38.65698],[-2.41068,38.65699],[-2.41073,38.65722],[-2.41029,38.6577],[-2.41026,38.65804],[-2.41095,38.65867],[-2.41164,38.6589],[-2.41251,38.65893],[-2.41351,38.65854],[-2.41414,38.65888],[-2.415,38.65902],[-2.41577,38.65955],[-2.41814,38.66072],[-2.41914,38.66074],[-2.42015,38.6604],[-2.42149,38.66138],[-2.42215,38.66164],[-2.42405,38.66189],[-2.42544,38.66173],[-2.42563,38.66184],[-2.42577,38.66246],[-2.4261,38.66296],[-2.42759,38.66361],[-2.42782,38.6641],[-2.42851,38.66486],[-2.42802,38.66597],[-2.42795,38.66728],[-2.42761,38.66833],[-2.42674,38.66909],[-2.42606,38.66945],[-2.42516,38.67055],[-2.4248,38.67213],[-2.4249,38.67295],[-2.423,38.67489],[-2.42198,38.67557],[-2.42523,38.6782],[-2.4259,38.67894],[-2.42682,38.67934],[-2.42713,38.67964],[-2.42905,38.67977],[-2.43143,38.68047],[-2.43295,38.68141],[-2.43294,38.68216],[-2.43138,38.68342],[-2.43062,38.68478],[-2.42935,38.68612],[-2.42937,38.68647],[-2.42991,38.68688],[-2.43088,38.68703],[-2.43257,38.68782],[-2.43496,38.6882],[-2.43525,38.68853],[-2.43539,38.69011],[-2.43644,38.69094],[-2.43806,38.69177],[-2.43968,38.6935],[-2.44083,38.69448],[-2.44109,38.69502],[-2.4422,38.69551],[-2.44482,38.69574],[-2.44542,38.69449],[-2.44728,38.69314],[-2.44982,38.69315],[-2.45353,38.6939],[-2.45404,38.6944],[-2.45494,38.69483],[-2.45543,38.69646],[-2.45636,38.69708],[-2.45696,38.69774],[-2.45727,38.69825],[-2.45743,38.69894],[-2.45871,38.70037],[-2.45873,38.701],[-2.45846,38.70177],[-2.45833,38.70594],[-2.4579,38.70637],[-2.45715,38.70772],[-2.45542,38.70762],[-2.45416,38.70852],[-2.45386,38.70883],[-2.45316,38.71037],[-2.45241,38.71108],[-2.45234,38.71373],[-2.45279,38.71468],[-2.45176,38.71572],[-2.4517,38.71964],[-2.45152,38.72031],[-2.45223,38.72151],[-2.4523,38.7229],[-2.45271,38.72365],[-2.4526,38.72432],[-2.45336,38.72534],[-2.45337,38.72635],[-2.45316,38.72704],[-2.45371,38.72818],[-2.45435,38.72895],[-2.45489,38.72936],[-2.45557,38.72944],[-2.45741,38.72941],[-2.45889,38.72901],[-2.4601,38.72904],[-2.46106,38.72973],[-2.46192,38.73073],[-2.46188,38.73186],[-2.46053,38.73292],[-2.46026,38.73332],[-2.46031,38.73366],[-2.46107,38.73492],[-2.46105,38.73556],[-2.46052,38.73672],[-2.46047,38.73897],[-2.46057,38.73952],[-2.46123,38.73996],[-2.46117,38.74063],[-2.46258,38.74078],[-2.46323,38.74113],[-2.46482,38.74141],[-2.46523,38.74133],[-2.46649,38.74055],[-2.46835,38.74053],[-2.47033,38.74137],[-2.47223,38.74187],[-2.4759,38.74184],[-2.47673,38.74105],[-2.4779,38.74062],[-2.47913,38.74047],[-2.47989,38.73987],[-2.48016,38.73933],[-2.48139,38.73848],[-2.48177,38.73713],[-2.48125,38.73632],[-2.48123,38.73524],[-2.48157,38.73419],[-2.48232,38.73302],[-2.48245,38.73239],[-2.48655,38.72875],[-2.48728,38.72847],[-2.48886,38.7284],[-2.49028,38.72763],[-2.49166,38.72753],[-2.49269,38.72728],[-2.49324,38.72703],[-2.49382,38.72649],[-2.49531,38.72646],[-2.49612,38.72677],[-2.49632,38.72774],[-2.49783,38.72993],[-2.49803,38.73067],[-2.49855,38.73109],[-2.49929,38.73135],[-2.49938,38.73317],[-2.49997,38.73558],[-2.50054,38.73634],[-2.50134,38.73662],[-2.50139,38.7371],[-2.50187,38.73795],[-2.50201,38.73923],[-2.50574,38.73935],[-2.5065,38.73975],[-2.50776,38.73985],[-2.50926,38.74079],[-2.50984,38.74168],[-2.51072,38.74423],[-2.51084,38.74508],[-2.51159,38.74588],[-2.51166,38.74696],[-2.5119,38.74771],[-2.5119,38.75048],[-2.51214,38.75114],[-2.51221,38.75222],[-2.51346,38.75292],[-2.51386,38.75385],[-2.51387,38.75748],[-2.51439,38.75873],[-2.51436,38.76042],[-2.51332,38.76227],[-2.51317,38.76288],[-2.51259,38.76319],[-2.51134,38.76365],[-2.50976,38.76372],[-2.50757,38.7642],[-2.50699,38.76465],[-2.50642,38.76542],[-2.50388,38.76619],[-2.50218,38.76718],[-2.50095,38.76766],[-2.49875,38.76813],[-2.4958,38.7682],[-2.49591,38.76965],[-2.49558,38.7707],[-2.49533,38.77098],[-2.49489,38.77124],[-2.4938,38.77133],[-2.49206,38.772],[-2.49088,38.77326],[-2.4899,38.77362],[-2.48908,38.77426],[-2.48874,38.77507],[-2.48863,38.77585],[-2.48805,38.77698],[-2.48672,38.77881],[-2.48637,38.77995],[-2.48631,38.78208],[-2.48555,38.78326],[-2.4855,38.78366],[-2.49131,38.7886],[-2.49172,38.78879],[-2.49228,38.78872],[-2.49515,38.78981],[-2.49593,38.79047],[-2.49616,38.79127],[-2.49672,38.79172],[-2.49824,38.79158],[-2.49982,38.79181],[-2.50132,38.79138],[-2.50444,38.7914],[-2.50517,38.79169],[-2.50591,38.79246],[-2.50668,38.79293],[-2.50911,38.7932],[-2.51815,38.79325],[-2.52072,38.79422],[-2.52127,38.79477],[-2.52069,38.79587],[-2.52003,38.79648],[-2.51983,38.79715],[-2.51912,38.79766],[-2.51898,38.79874],[-2.51798,38.80061],[-2.51719,38.80063],[-2.51311,38.79934],[-2.51138,38.79916],[-2.51091,38.80006],[-2.51046,38.80055],[-2.51032,38.8014],[-2.50985,38.80242],[-2.50975,38.80344],[-2.50945,38.80388],[-2.5079,38.80433],[-2.50771,38.80523],[-2.50739,38.80552],[-2.50662,38.80554],[-2.50607,38.80518],[-2.5056,38.80537],[-2.50379,38.80728],[-2.50368,38.80851],[-2.50333,38.80955],[-2.5018,38.8109],[-2.50144,38.81086],[-2.501,38.81039],[-2.49972,38.80973],[-2.49863,38.80876],[-2.4975,38.80883],[-2.4964,38.80864],[-2.49375,38.8076],[-2.49289,38.80747],[-2.49183,38.80693],[-2.49105,38.80686],[-2.49058,38.80693],[-2.48981,38.80746],[-2.488,38.80829],[-2.48545,38.81058],[-2.48421,38.81141],[-2.48409,38.81345],[-2.4838,38.81462],[-2.48378,38.81846],[-2.48405,38.81937],[-2.48405,38.82125],[-2.48395,38.82163],[-2.48323,38.82229],[-2.48316,38.82303],[-2.48326,38.82365],[-2.48421,38.82454],[-2.48394,38.82501],[-2.48326,38.82562],[-2.48343,38.82627],[-2.48337,38.82788],[-2.48305,38.82839],[-2.48215,38.82911],[-2.48091,38.82942],[-2.48062,38.82964],[-2.48026,38.83121],[-2.48018,38.83229],[-2.47958,38.83394],[-2.47868,38.83468],[-2.47682,38.83533],[-2.47649,38.83629],[-2.4764,38.83745],[-2.4759,38.8381],[-2.47581,38.83948],[-2.47517,38.84097],[-2.47459,38.84186],[-2.47371,38.84238],[-2.47339,38.84296],[-2.47276,38.84336],[-2.47255,38.84387],[-2.47187,38.84447],[-2.47068,38.84611],[-2.47036,38.84686],[-2.47025,38.84831],[-2.4698,38.84904],[-2.46965,38.84988],[-2.46922,38.85039],[-2.46908,38.85116],[-2.46864,38.85153],[-2.46837,38.85236],[-2.46882,38.85377],[-2.46881,38.8561],[-2.46853,38.85692],[-2.46848,38.85919],[-2.46825,38.85969],[-2.46817,38.86077],[-2.46795,38.86126],[-2.46788,38.86235],[-2.46754,38.86362],[-2.46723,38.86391],[-2.46451,38.86517],[-2.46346,38.86592],[-2.46162,38.86673],[-2.45999,38.86793],[-2.45727,38.8688],[-2.45635,38.86977],[-2.45628,38.87107],[-2.45574,38.87277],[-2.45569,38.8746],[-2.45529,38.87622],[-2.45408,38.87717],[-2.45249,38.87724],[-2.45129,38.87763],[-2.44918,38.87773],[-2.44929,38.87857],[-2.449,38.8791],[-2.44768,38.87995],[-2.44696,38.88134],[-2.44593,38.88244],[-2.44566,38.88308],[-2.44591,38.88324],[-2.44739,38.88331],[-2.44831,38.88389],[-2.45035,38.88425],[-2.45098,38.88484],[-2.45105,38.88577],[-2.45154,38.88774],[-2.45131,38.8883],[-2.45123,38.8896],[-2.451,38.8901],[-2.45095,38.89171],[-2.4507,38.89236],[-2.45062,38.89366],[-2.44999,38.89484],[-2.44952,38.89527],[-2.44946,38.89665],[-2.44925,38.89728],[-2.44953,38.89801],[-2.45017,38.89895],[-2.45342,38.90137],[-2.45483,38.90274],[-2.45518,38.9034],[-2.45522,38.90584],[-2.4561,38.90682],[-2.45846,38.90724],[-2.46024,38.90818],[-2.45926,38.90914],[-2.45891,38.91041],[-2.45888,38.91147],[-2.45898,38.91185],[-2.45943,38.91243],[-2.4595,38.91427],[-2.46081,38.91573],[-2.46006,38.91621],[-2.46017,38.91702],[-2.45977,38.91769],[-2.45933,38.91899],[-2.45875,38.91914],[-2.45739,38.91891],[-2.45604,38.91897],[-2.45485,38.91962],[-2.45347,38.92072],[-2.45314,38.92198],[-2.45219,38.92223],[-2.4509,38.9223],[-2.44999,38.92273],[-2.44957,38.92374],[-2.44957,38.92745],[-2.44989,38.92764],[-2.45142,38.92776],[-2.45224,38.92892],[-2.45318,38.92963],[-2.45339,38.9305],[-2.45461,38.93076],[-2.45488,38.93167],[-2.46057,38.93177],[-2.46091,38.93186],[-2.46131,38.9324],[-2.46344,38.93251],[-2.4636,38.93274],[-2.46375,38.9337],[-2.46434,38.93392],[-2.46468,38.93442],[-2.46665,38.93505],[-2.46687,38.93569],[-2.46779,38.93596],[-2.46806,38.93664],[-2.46894,38.93686],[-2.46921,38.93732],[-2.4698,38.93754],[-2.47007,38.938],[-2.47066,38.93822],[-2.47088,38.93885],[-2.47129,38.93917],[-2.47137,38.93964],[-2.47132,38.94188],[-2.47085,38.94232],[-2.47077,38.94261],[-2.47077,38.94459],[-2.471,38.94516],[-2.47109,38.94632],[-2.47194,38.94828],[-2.47232,38.94862],[-2.47132,38.9489],[-2.47003,38.94897],[-2.46858,38.94942],[-2.46832,38.95057],[-2.4677,38.95107],[-2.46657,38.95123],[-2.46396,38.95266],[-2.46309,38.9528],[-2.46264,38.95311],[-2.46106,38.95294],[-2.46018,38.9532],[-2.46,38.9536],[-2.45995,38.95543],[-2.45949,38.95601],[-2.45931,38.95668],[-2.45612,38.95848],[-2.45568,38.95845],[-2.45487,38.95771],[-2.45405,38.95753],[-2.45384,38.95658],[-2.45338,38.95609],[-2.45102,38.95607],[-2.4498,38.95633],[-2.44932,38.95667],[-2.44769,38.9568],[-2.44752,38.95831],[-2.44691,38.95995],[-2.44645,38.96044],[-2.44541,38.96225],[-2.44476,38.96264],[-2.4444,38.96311],[-2.44409,38.96365],[-2.44406,38.96421],[-2.44467,38.96558],[-2.44538,38.96624],[-2.44558,38.96676],[-2.44613,38.96738],[-2.44681,38.96782],[-2.44703,38.96855],[-2.44766,38.96905],[-2.44914,38.9697],[-2.44948,38.97057],[-2.4494,38.97083],[-2.44905,38.9711],[-2.44836,38.97133],[-2.44728,38.97135],[-2.44451,38.9709],[-2.44224,38.97084],[-2.44151,38.97012],[-2.44128,38.9691],[-2.43967,38.96781],[-2.43895,38.96752],[-2.43777,38.9674],[-2.43612,38.96675],[-2.43432,38.96581],[-2.4329,38.9648],[-2.43143,38.96475],[-2.4295,38.965],[-2.42878,38.96527],[-2.42798,38.96592],[-2.42691,38.96803],[-2.42561,38.96881],[-2.42529,38.96919],[-2.42527,38.97073],[-2.42581,38.97161],[-2.4258,38.97386],[-2.42574,38.97426],[-2.42525,38.97505],[-2.42518,38.9766],[-2.42487,38.97735],[-2.42458,38.9775],[-2.42315,38.97734],[-2.42222,38.97787],[-2.42182,38.97788],[-2.42146,38.97884],[-2.42194,38.9797],[-2.42195,38.98003],[-2.42066,38.9806],[-2.42162,38.98195],[-2.42175,38.98257],[-2.42242,38.98389],[-2.42202,38.98451],[-2.42253,38.98541],[-2.42228,38.98731],[-2.42299,38.98797],[-2.4239,38.98946],[-2.42394,38.9916],[-2.42419,38.99233],[-2.42397,38.99312],[-2.42423,38.99424],[-2.42524,38.99519],[-2.42617,38.99676],[-2.42616,38.99949],[-2.42562,39.00051],[-2.42558,39.0013],[-2.42692,39.00403],[-2.42672,39.00521],[-2.42695,39.00578],[-2.42701,39.00731],[-2.42751,39.00854],[-2.42657,39.0103],[-2.42592,39.0107],[-2.4258,39.01095],[-2.42581,39.01159],[-2.42628,39.01239],[-2.42644,39.01307],[-2.42725,39.01395],[-2.42918,39.01462],[-2.43086,39.01594],[-2.43145,39.01669],[-2.43155,39.0177],[-2.43188,39.01851],[-2.43313,39.01957],[-2.43328,39.02025],[-2.43357,39.02071],[-2.43459,39.02135],[-2.43541,39.02214],[-2.43674,39.02265],[-2.43967,39.02272],[-2.4408,39.02328],[-2.44184,39.02356],[-2.44563,39.02386],[-2.44735,39.0241],[-2.44791,39.02447],[-2.44938,39.02456],[-2.4496,39.02474],[-2.44967,39.02558],[-2.44983,39.02581],[-2.45146,39.02649],[-2.45277,39.02667],[-2.4532,39.02739],[-2.45389,39.02806],[-2.45397,39.02922],[-2.45421,39.02987],[-2.45425,39.03133],[-2.45458,39.03206],[-2.45527,39.03251],[-2.45559,39.03302],[-2.45568,39.03404],[-2.45619,39.03498],[-2.45623,39.03599],[-2.45648,39.03664],[-2.45645,39.03764],[-2.45521,39.03979],[-2.45428,39.04019],[-2.45373,39.04089],[-2.45288,39.04121],[-2.451,39.04292],[-2.45097,39.04346],[-2.45127,39.04437],[-2.45179,39.04517],[-2.45152,39.0463],[-2.45143,39.04783],[-2.45075,39.04829],[-2.45026,39.04903],[-2.44909,39.04993],[-2.44609,39.05187],[-2.44646,39.05235],[-2.4466,39.05299],[-2.44708,39.05391],[-2.44674,39.05523],[-2.44627,39.05581],[-2.44612,39.05687],[-2.44431,39.05816],[-2.44383,39.05907],[-2.44298,39.05998],[-2.44175,39.06068],[-2.44053,39.06085],[-2.43988,39.06206],[-2.44007,39.0626],[-2.44021,39.06448],[-2.44114,39.06467],[-2.44233,39.06532],[-2.44591,39.06816],[-2.4475,39.06895],[-2.4498,39.07076],[-2.45029,39.07151],[-2.45063,39.07174],[-2.45045,39.07262],[-2.45098,39.07348],[-2.451,39.07507],[-2.45126,39.0759],[-2.45127,39.07854],[-2.45199,39.07956],[-2.45171,39.07968],[-2.45079,39.07936],[-2.4487,39.07999],[-2.44753,39.08097],[-2.44748,39.0816],[-2.44772,39.08282],[-2.44737,39.08347],[-2.44595,39.08455],[-2.44494,39.08494],[-2.44512,39.08653],[-2.44483,39.0879],[-2.44494,39.08816],[-2.44559,39.08856],[-2.44567,39.08925],[-2.44502,39.0906],[-2.44457,39.0911],[-2.44414,39.09263],[-2.44315,39.09415],[-2.44358,39.095],[-2.44357,39.09547],[-2.43994,39.09778],[-2.43943,39.09874],[-2.43886,39.0992],[-2.43742,39.0997],[-2.43506,39.09953],[-2.43354,39.10067],[-2.43318,39.10147],[-2.43315,39.10248],[-2.43349,39.1036],[-2.43393,39.10412],[-2.43424,39.10509],[-2.43415,39.10636],[-2.4308,39.1059],[-2.43009,39.10602],[-2.42895,39.10654],[-2.42565,39.10644],[-2.42453,39.10708],[-2.42334,39.1084],[-2.42325,39.10885],[-2.42356,39.10978],[-2.42354,39.1107],[-2.42171,39.11269],[-2.42215,39.11405],[-2.42222,39.11586],[-2.42265,39.11659],[-2.42286,39.11845],[-2.4226,39.11942],[-2.42028,39.12172],[-2.4198,39.12254],[-2.41783,39.12367],[-2.41744,39.12427],[-2.4166,39.12491],[-2.41618,39.12592],[-2.41456,39.12797],[-2.4147,39.1324],[-2.41462,39.13279],[-2.41427,39.13329],[-2.41566,39.13463],[-2.41583,39.13535],[-2.41576,39.13652],[-2.41539,39.1368],[-2.41451,39.1366],[-2.41386,39.1367],[-2.4134,39.13751],[-2.4116,39.13875],[-2.41004,39.14034],[-2.409,39.14043],[-2.40871,39.1406],[-2.40857,39.14089],[-2.40854,39.14134],[-2.40878,39.14184],[-2.40852,39.14307],[-2.40896,39.14455],[-2.41011,39.14589],[-2.41036,39.1464],[-2.41031,39.14684],[-2.40966,39.14759],[-2.40989,39.14835],[-2.40961,39.149],[-2.40963,39.14944],[-2.41013,39.14995],[-2.41172,39.15015],[-2.41194,39.15072],[-2.41183,39.15134],[-2.41135,39.15215],[-2.41092,39.15253],[-2.40913,39.15341],[-2.40675,39.15523],[-2.40646,39.15606],[-2.40614,39.15849],[-2.40546,39.15977],[-2.40173,39.16133],[-2.40065,39.16232],[-2.40065,39.16283],[-2.40041,39.16319],[-2.40013,39.1634],[-2.39981,39.1634],[-2.3992,39.16387],[-2.3992,39.16416],[-2.39841,39.16469],[-2.39785,39.16559],[-2.39696,39.16591],[-2.39603,39.16673],[-2.39602,39.168],[-2.39675,39.16886],[-2.39675,39.16937],[-2.39702,39.1698],[-2.39693,39.17027],[-2.39715,39.1707],[-2.39748,39.17092],[-2.39738,39.17114],[-2.39715,39.17096],[-2.39609,39.17095],[-2.39483,39.17152],[-2.39363,39.17134],[-2.39308,39.1709],[-2.39276,39.17025],[-2.39235,39.16996],[-2.39221,39.16967],[-2.39055,39.16851],[-2.38986,39.16829],[-2.38921,39.16839],[-2.38931,39.16789],[-2.38862,39.16734],[-2.38862,39.16677],[-2.38839,39.16659],[-2.38691,39.16654],[-2.38663,39.16668],[-2.38636,39.1665],[-2.3858,39.16646],[-2.3847,39.16545],[-2.38419,39.1653],[-2.38378,39.16494],[-2.38322,39.16501],[-2.3828,39.16537],[-2.38201,39.16533],[-2.38104,39.1659],[-2.37951,39.16564],[-2.37946,39.16585],[-2.37793,39.16585],[-2.37654,39.16623],[-2.37487,39.16716],[-2.37491,39.16774],[-2.37347,39.16813],[-2.37314,39.16838],[-2.37318,39.16906],[-2.3729,39.16931],[-2.37248,39.16953],[-2.37184,39.16942],[-2.37058,39.17024],[-2.36965,39.17016],[-2.36878,39.16983],[-2.3674,39.16874],[-2.36703,39.16874],[-2.36556,39.16758],[-2.36445,39.16736],[-2.3639,39.16696],[-2.36149,39.16644],[-2.36006,39.16643],[-2.35913,39.16654],[-2.35894,39.16672],[-2.3576,39.16707],[-2.35704,39.16692],[-2.35625,39.16699],[-2.35593,39.16728],[-2.35491,39.16731],[-2.35436,39.16709],[-2.35282,39.16794],[-2.35231,39.16794],[-2.35138,39.16873],[-2.35105,39.16959],[-2.35044,39.16984],[-2.3503,39.17027],[-2.34969,39.17049],[-2.34922,39.1712],[-2.34922,39.172],[-2.34856,39.17243],[-2.34856,39.17293],[-2.34833,39.17307],[-2.34832,39.1734],[-2.34865,39.17347],[-2.34869,39.17365],[-2.34869,39.17394],[-2.3485,39.17405],[-2.34854,39.1747],[-2.34974,39.17506],[-2.3496,39.17546],[-2.34964,39.17629],[-2.34931,39.17654],[-2.34903,39.17719],[-2.34916,39.17798],[-2.34953,39.17845],[-2.34966,39.17892],[-2.34827,39.17949],[-2.34794,39.17949],[-2.34827,39.17974],[-2.34849,39.18025],[-2.34816,39.18082],[-2.34839,39.18097],[-2.34838,39.18201],[-2.3488,39.18234],[-2.34888,39.18295],[-2.34814,39.1832],[-2.348,39.18392],[-2.3472,39.18442],[-2.34724,39.18557],[-2.34705,39.18644],[-2.34728,39.18669],[-2.34744,39.18882],[-2.34725,39.18943],[-2.3465,39.18997],[-2.34561,39.19097],[-2.34557,39.19126],[-2.34602,39.19166],[-2.34602,39.19202],[-2.34462,39.19327],[-2.34406,39.19348],[-2.34365,39.19348],[-2.34337,39.1933],[-2.34309,39.19359],[-2.34285,39.19402],[-2.34285,39.19467],[-2.34261,39.19488],[-2.34261,39.19546],[-2.34223,39.19625],[-2.34236,39.19686],[-2.34176,39.19733],[-2.34134,39.19736],[-2.34133,39.1983],[-2.34156,39.19848],[-2.34105,39.19877],[-2.34091,39.19923],[-2.33979,39.19991],[-2.33969,39.20089],[-2.33926,39.20128],[-2.33838,39.20196],[-2.33773,39.2021],[-2.33591,39.20364],[-2.33521,39.20392],[-2.33511,39.20425],[-2.33469,39.20453],[-2.33354,39.20453],[-2.33252,39.20387],[-2.33174,39.20387],[-2.33094,39.20444],[-2.33052,39.20455],[-2.33057,39.20509],[-2.33135,39.20567],[-2.33158,39.2061],[-2.33213,39.20625],[-2.33264,39.20665],[-2.33277,39.20686],[-2.33267,39.20762],[-2.33309,39.20791],[-2.33346,39.20791],[-2.33401,39.20835],[-2.3341,39.20885],[-2.33382,39.20907],[-2.3338,39.21066],[-2.33338,39.21094],[-2.33338,39.21116],[-2.33291,39.21159],[-2.3329,39.21292],[-2.33336,39.21354],[-2.33344,39.21426],[-2.33372,39.21469],[-2.33418,39.21441],[-2.33474,39.21434],[-2.33506,39.21448],[-2.33502,39.21466],[-2.33534,39.21481],[-2.33557,39.21531],[-2.33529,39.21557],[-2.33515,39.21538],[-2.33468,39.21538],[-2.33464,39.21553],[-2.33375,39.21581],[-2.3338,39.21603],[-2.33403,39.21613],[-2.33384,39.21685],[-2.33351,39.21711],[-2.33295,39.21721],[-2.33179,39.2181],[-2.3309,39.21817],[-2.33011,39.21867],[-2.32914,39.2187],[-2.32788,39.21967],[-2.32732,39.21974],[-2.32796,39.22082],[-2.32842,39.22122],[-2.3284,39.22328],[-2.32821,39.22353],[-2.32918,39.22454],[-2.32954,39.22544],[-2.33009,39.22595],[-2.33037,39.22603],[-2.33102,39.22549],[-2.33177,39.22517],[-2.33218,39.22532],[-2.33301,39.226],[-2.3337,39.22601],[-2.33394,39.22579],[-2.33394,39.22511],[-2.33422,39.22489],[-2.33501,39.2249],[-2.33584,39.22516],[-2.33649,39.22512],[-2.337,39.22491],[-2.33737,39.22502],[-2.33774,39.22542],[-2.33825,39.22542],[-2.339,39.22489],[-2.33923,39.22489],[-2.33946,39.22507],[-2.33987,39.22594],[-2.3401,39.22568],[-2.34214,39.2258],[-2.34223,39.22602],[-2.342,39.22616],[-2.34199,39.2266],[-2.34273,39.22718],[-2.34305,39.22779],[-2.34268,39.22783],[-2.3417,39.22858],[-2.34072,39.22843],[-2.34021,39.22871],[-2.34007,39.2294],[-2.3403,39.22969],[-2.34029,39.22997],[-2.33987,39.23044],[-2.3395,39.23058],[-2.3389,39.23054],[-2.33848,39.23097],[-2.33806,39.23061],[-2.33755,39.23061],[-2.33695,39.23089],[-2.33592,39.23175],[-2.33564,39.2324],[-2.33466,39.23319],[-2.33437,39.23376],[-2.33306,39.23473],[-2.333,39.23639],[-2.33226,39.23689],[-2.33197,39.23775],[-2.32892,39.23715],[-2.32799,39.23733],[-2.32753,39.23707],[-2.32679,39.23696],[-2.32665,39.23674],[-2.32591,39.2367],[-2.32581,39.23688],[-2.32521,39.23702],[-2.32526,39.23659],[-2.32512,39.23652],[-2.32489,39.23652],[-2.32442,39.23691],[-2.32378,39.23648],[-2.32322,39.23647],[-2.32247,39.23723],[-2.32159,39.23711],[-2.32113,39.23722],[-2.32052,39.23761],[-2.31885,39.23782],[-2.31811,39.23835],[-2.31801,39.23886],[-2.31759,39.23914],[-2.31735,39.23961],[-2.31735,39.24004],[-2.31781,39.24023],[-2.31795,39.24051],[-2.3179,39.24091],[-2.31771,39.24109],[-2.3177,39.24177],[-2.31871,39.24261],[-2.3187,39.24394],[-2.31753,39.24473],[-2.31739,39.24498],[-2.31711,39.24494],[-2.31595,39.24577],[-2.31576,39.24612],[-2.3158,39.24649],[-2.31501,39.24662],[-2.31492,39.24684],[-2.31524,39.24717],[-2.315,39.24742],[-2.315,39.24796],[-2.31472,39.24817],[-2.31398,39.24813],[-2.31337,39.24856],[-2.31272,39.24849],[-2.31245,39.2482],[-2.31207,39.24845],[-2.31138,39.24851],[-2.31151,39.24905],[-2.31128,39.24927],[-2.31132,39.24999],[-2.31076,39.25031],[-2.30928,39.25016],[-2.3089,39.25041],[-2.3083,39.25051],[-2.30816,39.25026],[-2.30663,39.25025],[-2.30603,39.24992],[-2.3057,39.25046],[-2.30468,39.2511],[-2.30374,39.25204],[-2.30286,39.25217],[-2.3029,39.253],[-2.30308,39.25315],[-2.3028,39.25347],[-2.30252,39.25347],[-2.30238,39.25394],[-2.30163,39.25415],[-2.30103,39.25458],[-2.30056,39.25458],[-2.30014,39.25511],[-2.29903,39.25511],[-2.29871,39.25493],[-2.29815,39.25492],[-2.29573,39.2561],[-2.29531,39.25595],[-2.29508,39.25627],[-2.29461,39.25623],[-2.29368,39.25724],[-2.2933,39.25742],[-2.2933,39.2572],[-2.29211,39.25633],[-2.29169,39.25636],[-2.29103,39.25708],[-2.29053,39.25697],[-2.2897,39.25628],[-2.28971,39.25476],[-2.29046,39.25408],[-2.28991,39.25354],[-2.28843,39.25335],[-2.28782,39.25374],[-2.28777,39.2541],[-2.2862,39.25409],[-2.28597,39.25395],[-2.2855,39.2543],[-2.28379,39.25408],[-2.28337,39.25429],[-2.28221,39.25367],[-2.2812,39.25345],[-2.28049,39.25456],[-2.28007,39.25485],[-2.28006,39.25532],[-2.27974,39.25557],[-2.27909,39.25542],[-2.27798,39.25548],[-2.27715,39.25515],[-2.27659,39.25515],[-2.27519,39.25579],[-2.27436,39.25564],[-2.27413,39.25546],[-2.27385,39.25585],[-2.27329,39.25607],[-2.27212,39.25707],[-2.27197,39.25826],[-2.27066,39.25933],[-2.27065,39.26041],[-2.26944,39.26026],[-2.26907,39.26004],[-2.26778,39.26007],[-2.26736,39.25978],[-2.26657,39.25974],[-2.26607,39.25941],[-2.26648,39.25977],[-2.26638,39.26024],[-2.26666,39.26071],[-2.26712,39.261],[-2.26627,39.26233],[-2.26626,39.26301],[-2.26649,39.26316],[-2.26468,39.26355],[-2.26398,39.26412],[-2.26342,39.26411],[-2.26286,39.26454],[-2.26226,39.26465],[-2.26179,39.265],[-2.26178,39.26547],[-2.26201,39.26566],[-2.26015,39.26676],[-2.26019,39.26691],[-2.26084,39.26698],[-2.26232,39.26793],[-2.26231,39.26861],[-2.26189,39.26897],[-2.26179,39.26958],[-2.26151,39.26987],[-2.26224,39.27045],[-2.26228,39.27106],[-2.26144,39.27174],[-2.26117,39.27138],[-2.26038,39.27127],[-2.25954,39.27184],[-2.2593,39.27277],[-2.25953,39.27299],[-2.25934,39.27332],[-2.2598,39.27375],[-2.26017,39.2739],[-2.2604,39.27361],[-2.26068,39.27368],[-2.26072,39.2743],[-2.26118,39.27462],[-2.26177,39.27538],[-2.26367,39.27612],[-2.26426,39.27673],[-2.26454,39.27674],[-2.26538,39.27627],[-2.26668,39.27639],[-2.26699,39.27751],[-2.26633,39.27823],[-2.26633,39.27866],[-2.2673,39.27946],[-2.2665,39.2801],[-2.26581,39.27995],[-2.26559,39.28312],[-2.26582,39.28316],[-2.26582,39.28338],[-2.26738,39.28454],[-2.26729,39.28468],[-2.26701,39.28475],[-2.26632,39.28442],[-2.26576,39.28464],[-2.26511,39.28463],[-2.26478,39.28488],[-2.26487,39.28542],[-2.26422,39.28546],[-2.26357,39.28506],[-2.26358,39.2848],[-2.26321,39.28451],[-2.26275,39.28437],[-2.26266,39.28408],[-2.26192,39.28389],[-2.26117,39.28432],[-2.26052,39.28442],[-2.26,39.28485],[-2.25964,39.2846],[-2.25847,39.2847],[-2.2574,39.28545],[-2.25777,39.28588],[-2.25739,39.28631],[-2.25582,39.28612],[-2.25522,39.28576],[-2.25461,39.28586],[-2.25429,39.2855],[-2.25425,39.28514],[-2.25425,39.28536],[-2.2535,39.28578],[-2.25341,39.28604],[-2.25308,39.28585],[-2.2516,39.28574],[-2.2516,39.28602],[-2.2509,39.28649],[-2.25048,39.28656],[-2.25005,39.28713],[-2.24778,39.2869],[-2.2476,39.28679],[-2.24774,39.28668],[-2.24765,39.28625],[-2.24691,39.28617],[-2.24621,39.28639],[-2.24588,39.28667],[-2.24583,39.2871],[-2.24546,39.28725],[-2.2437,39.2872],[-2.24295,39.28763],[-2.24161,39.28762],[-2.24105,39.28797],[-2.23984,39.28797],[-2.23975,39.28782],[-2.23974,39.28829],[-2.23937,39.28822],[-2.23924,39.28793],[-2.23836,39.2877],[-2.23766,39.28777],[-2.23697,39.28759],[-2.23669,39.28733],[-2.23466,39.28714],[-2.23433,39.28696],[-2.23411,39.28627],[-2.23369,39.28641],[-2.23368,39.28721],[-2.23331,39.28753],[-2.23177,39.28766],[-2.23149,39.28788],[-2.23116,39.28831],[-2.23149,39.28834],[-2.2319,39.28871],[-2.23171,39.28892],[-2.23166,39.28953],[-2.23198,39.28997],[-2.23254,39.2899],[-2.23336,39.29063],[-2.23443,39.29074],[-2.23363,39.29139],[-2.23354,39.29189],[-2.23293,39.29199],[-2.23246,39.29246],[-2.23292,39.29268],[-2.23315,39.29311],[-2.23385,39.29315],[-2.23467,39.29399],[-2.235,39.29377],[-2.23546,39.29378],[-2.23588,39.29403],[-2.23597,39.2945],[-2.23559,39.29471],[-2.23573,39.29482],[-2.23577,39.29554],[-2.2367,39.29548],[-2.23801,39.29448],[-2.23866,39.29437],[-2.23903,39.29409],[-2.24015,39.29413],[-2.24126,39.29367],[-2.24233,39.294],[-2.24288,39.29444],[-2.24213,39.29523],[-2.24227,39.29533],[-2.24226,39.29591],[-2.2417,39.29634],[-2.24174,39.29659],[-2.24137,39.29684],[-2.24136,39.29774],[-2.24122,39.29781],[-2.24233,39.29793],[-2.24251,39.29818],[-2.24251,39.29862],[-2.24274,39.2988],[-2.24246,39.2988],[-2.24199,39.29923],[-2.24129,39.29951],[-2.23916,39.29968],[-2.23892,39.3],[-2.23882,39.3009],[-2.23788,39.30161],[-2.23742,39.30165],[-2.2377,39.3019],[-2.23759,39.3028],[-2.23727,39.30305],[-2.23652,39.30308],[-2.2361,39.30351],[-2.23568,39.30365],[-2.23516,39.30441],[-2.23511,39.30491],[-2.23321,39.30522],[-2.23306,39.30601],[-2.2324,39.30684],[-2.23263,39.30713],[-2.23383,39.30725],[-2.23415,39.3075],[-2.23415,39.30768],[-2.23475,39.30794],[-2.23493,39.30844],[-2.23493,39.3088],[-2.23479,39.30887],[-2.23488,39.30923],[-2.2352,39.30945],[-2.23538,39.30985],[-2.23538,39.31017],[-2.23505,39.31028],[-2.23458,39.31089],[-2.23398,39.31107],[-2.23411,39.31146],[-2.23388,39.31182],[-2.23387,39.31222],[-2.23401,39.31233],[-2.23341,39.31222],[-2.23275,39.31246],[-2.23262,39.31228],[-2.23211,39.31221],[-2.23132,39.31227],[-2.23057,39.31267],[-2.23043,39.31303],[-2.22987,39.31345],[-2.22899,39.31352],[-2.22861,39.31402],[-2.22744,39.31481],[-2.22702,39.31481],[-2.22652,39.31444],[-2.22596,39.31444],[-2.22539,39.31519],[-2.22529,39.31577],[-2.22501,39.31605],[-2.222,39.316],[-2.22148,39.31643],[-2.22065,39.31624],[-2.2205,39.31736],[-2.21957,39.31728],[-2.2191,39.31749],[-2.21845,39.31749],[-2.21813,39.31716],[-2.21749,39.31705],[-2.21706,39.31733],[-2.21738,39.3182],[-2.21733,39.31874],[-2.21825,39.3194],[-2.21727,39.31993],[-2.21536,39.32013],[-2.21509,39.31934],[-2.21486,39.31919],[-2.21407,39.31948],[-2.21374,39.31973],[-2.21355,39.3203],[-2.21159,39.32166],[-2.21218,39.32213],[-2.21283,39.32231],[-2.21282,39.32314],[-2.21176,39.32314],[-2.21184,39.32375],[-2.2123,39.32415],[-2.21225,39.32462],[-2.21197,39.32505],[-2.21205,39.32577],[-2.20983,39.32557],[-2.20987,39.32601],[-2.20949,39.32645],[-2.20968,39.32679],[-2.20963,39.32718],[-2.20756,39.3288],[-2.20664,39.32914],[-2.20372,39.33101],[-2.2008,39.33157],[-2.20042,39.33213],[-2.20029,39.33335],[-2.19964,39.33361],[-2.19911,39.3341],[-2.19725,39.33394],[-2.19612,39.33446],[-2.19577,39.33495],[-2.19561,39.3361],[-2.19467,39.33691],[-2.19485,39.33718],[-2.19478,39.33758],[-2.19436,39.3375],[-2.19468,39.33814],[-2.19386,39.33847],[-2.19385,39.33865],[-2.19361,39.33868],[-2.19351,39.3389],[-2.19322,39.33888],[-2.19287,39.33911],[-2.19266,39.33901],[-2.19264,39.33921],[-2.19171,39.33949],[-2.19158,39.33972],[-2.19095,39.33996],[-2.19074,39.34029],[-2.19077,39.34072],[-2.1904,39.34088],[-2.19039,39.34128],[-2.18972,39.34138],[-2.18951,39.34115],[-2.18905,39.3412],[-2.18875,39.34163],[-2.18882,39.34199],[-2.18782,39.34212],[-2.18792,39.34254],[-2.18809,39.34259],[-2.188,39.34296],[-2.18854,39.34328],[-2.18892,39.34312],[-2.18919,39.34329],[-2.18937,39.34321],[-2.18969,39.344],[-2.18983,39.34399],[-2.1902,39.34442],[-2.19005,39.34481],[-2.18955,39.34502],[-2.18946,39.34525],[-2.189,39.34531],[-2.18899,39.34559],[-2.18871,39.34563],[-2.18863,39.34589],[-2.18871,39.34666],[-2.189,39.34715],[-2.18898,39.34744],[-2.1887,39.34757],[-2.1894,39.34878],[-2.18914,39.34888],[-2.18938,39.34932],[-2.18912,39.34968],[-2.18915,39.34995],[-2.18883,39.35018],[-2.18889,39.35032],[-2.18863,39.35039],[-2.18871,39.35089],[-2.18851,39.35115],[-2.18822,39.35119],[-2.18858,39.35225],[-2.18823,39.3525],[-2.1882,39.3527],[-2.18715,39.35285],[-2.18714,39.35341],[-2.18641,39.35349],[-2.18646,39.35364],[-2.18607,39.35386],[-2.18601,39.3542],[-2.1858,39.35421],[-2.18576,39.35444],[-2.18543,39.35446],[-2.18525,39.35482],[-2.18461,39.35498],[-2.18403,39.35537],[-2.18396,39.35567],[-2.18352,39.35592],[-2.1838,39.35629],[-2.18324,39.35629],[-2.18336,39.35673],[-2.18317,39.35672],[-2.1829,39.35732],[-2.18246,39.35754],[-2.18238,39.35845],[-2.18216,39.3589],[-2.18129,39.35943],[-2.18126,39.35975],[-2.18089,39.35985],[-2.18061,39.36022],[-2.18002,39.36355],[-2.18021,39.3647],[-2.17943,39.36574],[-2.17978,39.3659],[-2.18034,39.36716],[-2.18046,39.3681],[-2.18028,39.36879],[-2.18056,39.36875],[-2.18068,39.36891],[-2.18096,39.36862],[-2.18165,39.36868],[-2.18194,39.36856],[-2.1821,39.36827],[-2.18234,39.36835],[-2.18229,39.36803],[-2.18246,39.36781],[-2.18233,39.36758],[-2.18269,39.36751],[-2.18287,39.36725],[-2.18312,39.36727],[-2.18322,39.36755],[-2.18414,39.36749],[-2.18427,39.36792],[-2.18477,39.3682],[-2.18515,39.36812],[-2.18543,39.36785],[-2.18561,39.36813],[-2.18638,39.36806],[-2.18667,39.36849],[-2.18769,39.36816],[-2.18911,39.37187],[-2.18984,39.37157],[-2.19169,39.37185],[-2.19168,39.37205],[-2.19194,39.37199],[-2.19219,39.37241],[-2.19252,39.37235],[-2.1929,39.37291],[-2.19323,39.37291],[-2.19355,39.3732],[-2.19453,39.3732],[-2.19473,39.37345],[-2.19492,39.37335],[-2.19551,39.37352],[-2.19649,39.37328],[-2.1972,39.3734],[-2.19771,39.37301],[-2.19911,39.37291],[-2.19937,39.37319],[-2.20029,39.37342],[-2.20107,39.37394],[-2.20178,39.37411],[-2.20324,39.37532],[-2.204,39.3754],[-2.20441,39.37523]]]}},{"type":"Feature","id":"2-0","properties":{"NomSistExp":"Júcar","Subsistema":"Alto Júcar","Superf km2":2952.95,"Area km2":2952.95,"id":"2-0"},"geometry":{"type":"Polygon","coordinates":[[[-2.17403,39.52861],[-2.17393,39.52953],[-2.1737,39.53004],[-2.1738,39.53055],[-2.17618,39.5312],[-2.17652,39.5317],[-2.17665,39.53254],[-2.17706,39.53286],[-2.17726,39.53351],[-2.1779,39.53399],[-2.17873,39.53417],[-2.17907,39.53467],[-2.18048,39.53485],[-2.18081,39.53558],[-2.18156,39.53573],[-2.18204,39.53607],[-2.1838,39.53636],[-2.18455,39.53626],[-2.18516,39.53552],[-2.18679,39.53526],[-2.18908,39.53528],[-2.19011,39.53579],[-2.1907,39.53721],[-2.19084,39.53828],[-2.1912,39.53853],[-2.19142,39.53917],[-2.19186,39.53955],[-2.1919,39.5406],[-2.19178,39.54105],[-2.19118,39.54149],[-2.18962,39.54172],[-2.18957,39.54361],[-2.1906,39.54443],[-2.19105,39.54668],[-2.19291,39.54872],[-2.19294,39.54918],[-2.19266,39.54992],[-2.19267,39.55121],[-2.19316,39.55173],[-2.19325,39.55265],[-2.19355,39.55363],[-2.19424,39.55408],[-2.19458,39.55458],[-2.19526,39.55746],[-2.19575,39.55761],[-2.19803,39.55763],[-2.19834,39.55783],[-2.19843,39.55898],[-2.1989,39.55943],[-2.19897,39.56071],[-2.19946,39.56123],[-2.19978,39.5628],[-2.19975,39.56344],[-2.19949,39.56407],[-2.19943,39.56569],[-2.19889,39.56752],[-2.19889,39.56803],[-2.20004,39.56902],[-2.2019,39.57007],[-2.20225,39.57063],[-2.20244,39.57136],[-2.20443,39.57268],[-2.20536,39.57286],[-2.20626,39.57361],[-2.20771,39.57375],[-2.20971,39.57478],[-2.21226,39.5749],[-2.21258,39.57563],[-2.2134,39.57581],[-2.21407,39.57629],[-2.21463,39.57675],[-2.21523,39.57774],[-2.2158,39.57773],[-2.21668,39.57717],[-2.21794,39.57693],[-2.21842,39.577],[-2.2198,39.57841],[-2.22102,39.57882],[-2.2219,39.57958],[-2.22363,39.58027],[-2.22507,39.58043],[-2.22528,39.5813],[-2.22625,39.58221],[-2.22726,39.58359],[-2.22824,39.58405],[-2.22961,39.58524],[-2.23058,39.5854],[-2.23173,39.58595],[-2.23261,39.58609],[-2.23346,39.58664],[-2.23511,39.58731],[-2.23688,39.58744],[-2.23983,39.58872],[-2.24114,39.58881],[-2.24188,39.58917],[-2.24332,39.58933],[-2.24479,39.5909],[-2.24487,39.59117],[-2.24481,39.59204],[-2.244,39.59358],[-2.24395,39.5955],[-2.24408,39.59597],[-2.2449,39.59661],[-2.24997,39.59879],[-2.25225,39.60108],[-2.2528,39.60177],[-2.25303,39.60249],[-2.25517,39.60275],[-2.25517,39.60359],[-2.25412,39.60475],[-2.25335,39.60635],[-2.25147,39.60941],[-2.25145,39.60967],[-2.25405,39.61312],[-2.25457,39.61353],[-2.2558,39.61344],[-2.25777,39.61369],[-2.26027,39.61441],[-2.26086,39.61472],[-2.26092,39.61767],[-2.26143,39.61884],[-2.2615,39.62001],[-2.262,39.6214],[-2.26209,39.6242],[-2.26335,39.62525],[-2.26385,39.62621],[-2.26454,39.62643],[-2.26524,39.62716],[-2.26591,39.62754],[-2.2661,39.62888],[-2.2671,39.62963],[-2.2676,39.63081],[-2.26882,39.63137],[-2.26959,39.63257],[-2.27055,39.63296],[-2.27276,39.63439],[-2.27358,39.63431],[-2.27432,39.63455],[-2.27581,39.63551],[-2.27633,39.63601],[-2.27924,39.63684],[-2.28025,39.63779],[-2.28094,39.63816],[-2.282,39.6398],[-2.28301,39.64054],[-2.28314,39.64162],[-2.28391,39.64265],[-2.28398,39.64455],[-2.28456,39.64546],[-2.28501,39.64557],[-2.28583,39.64538],[-2.28725,39.64538],[-2.28762,39.64545],[-2.28794,39.64573],[-2.28798,39.64652],[-2.2877,39.64725],[-2.28768,39.64794],[-2.2885,39.64942],[-2.28851,39.65149],[-2.28864,39.6519],[-2.28933,39.65233],[-2.29095,39.65202],[-2.29278,39.65224],[-2.29423,39.65338],[-2.29563,39.6554],[-2.29493,39.65596],[-2.29402,39.65556],[-2.29331,39.65559],[-2.29263,39.65584],[-2.29117,39.65697],[-2.29079,39.6583],[-2.29082,39.65901],[-2.29156,39.65996],[-2.29169,39.66081],[-2.29226,39.66194],[-2.29301,39.66251],[-2.29333,39.66357],[-2.29334,39.66587],[-2.29362,39.66625],[-2.29412,39.66625],[-2.29524,39.66677],[-2.29612,39.66691],[-2.29805,39.66835],[-2.30047,39.66919],[-2.30154,39.66994],[-2.30286,39.67022],[-2.30447,39.67025],[-2.30572,39.67005],[-2.30687,39.67026],[-2.30893,39.6703],[-2.31016,39.67071],[-2.3135,39.67113],[-2.3158,39.6708],[-2.31727,39.67079],[-2.31859,39.67121],[-2.32179,39.6715],[-2.32254,39.67146],[-2.32311,39.67122],[-2.32366,39.67028],[-2.32427,39.6702],[-2.32523,39.67091],[-2.32575,39.67194],[-2.32694,39.67274],[-2.32747,39.67413],[-2.32846,39.67434],[-2.33039,39.67585],[-2.3306,39.67659],[-2.33106,39.67715],[-2.33117,39.67868],[-2.33177,39.67957],[-2.33285,39.6801],[-2.33395,39.68002],[-2.33563,39.67846],[-2.33583,39.67711],[-2.33654,39.67645],[-2.33678,39.67573],[-2.33778,39.67531],[-2.33997,39.67369],[-2.34128,39.67327],[-2.34304,39.6742],[-2.34407,39.67535],[-2.34477,39.67556],[-2.34921,39.67829],[-2.34999,39.67852],[-2.35051,39.67925],[-2.35223,39.67972],[-2.35384,39.67981],[-2.3546,39.68008],[-2.35518,39.68053],[-2.35596,39.68195],[-2.35688,39.68237],[-2.35768,39.68354],[-2.35883,39.68425],[-2.3592,39.68431],[-2.36542,39.68326],[-2.36839,39.68321],[-2.37031,39.68272],[-2.37112,39.68221],[-2.3715,39.6824],[-2.37288,39.68375],[-2.37343,39.68453],[-2.37472,39.6843],[-2.37548,39.68361],[-2.3761,39.68341],[-2.37718,39.68243],[-2.37775,39.68218],[-2.37815,39.68225],[-2.37982,39.68346],[-2.38189,39.68417],[-2.38229,39.68386],[-2.38242,39.68323],[-2.38282,39.68249],[-2.38441,39.68243],[-2.38532,39.68261],[-2.38675,39.6824],[-2.38888,39.68117],[-2.391,39.68079],[-2.39178,39.67981],[-2.39305,39.6793],[-2.39586,39.67719],[-2.3978,39.67659],[-2.3986,39.67594],[-2.39885,39.67537],[-2.39982,39.67455],[-2.39998,39.67363],[-2.40029,39.67317],[-2.40141,39.67307],[-2.4027,39.67399],[-2.40289,39.67473],[-2.40316,39.67499],[-2.40468,39.67516],[-2.40758,39.67684],[-2.40942,39.67722],[-2.41056,39.67792],[-2.41134,39.67889],[-2.41192,39.67934],[-2.41558,39.67976],[-2.41666,39.68043],[-2.41806,39.68205],[-2.41905,39.68226],[-2.41951,39.68296],[-2.42187,39.68421],[-2.42409,39.68596],[-2.42511,39.68652],[-2.42595,39.68731],[-2.42792,39.68765],[-2.42942,39.68824],[-2.4309,39.68859],[-2.43311,39.68959],[-2.43429,39.68996],[-2.43476,39.6903],[-2.438,39.69061],[-2.43962,39.69103],[-2.44117,39.69062],[-2.44227,39.69061],[-2.44332,39.6912],[-2.44462,39.69164],[-2.44489,39.69229],[-2.44369,39.69392],[-2.44283,39.69483],[-2.44099,39.69626],[-2.44074,39.69682],[-2.44006,39.69743],[-2.43982,39.6989],[-2.4392,39.69933],[-2.43707,39.69969],[-2.43566,39.70078],[-2.43514,39.70196],[-2.43252,39.70322],[-2.43215,39.70357],[-2.43068,39.70391],[-2.4296,39.70466],[-2.42903,39.70473],[-2.42772,39.70471],[-2.42534,39.70426],[-2.42345,39.70427],[-2.42265,39.70443],[-2.42077,39.70383],[-2.41996,39.70382],[-2.419,39.7043],[-2.41783,39.70588],[-2.41734,39.70686],[-2.41675,39.7073],[-2.41635,39.7073],[-2.41521,39.70674],[-2.41469,39.70673],[-2.41001,39.70806],[-2.40827,39.70905],[-2.40695,39.70923],[-2.40618,39.71044],[-2.40439,39.71168],[-2.40389,39.71303],[-2.40312,39.7138],[-2.40313,39.7146],[-2.40358,39.71532],[-2.4042,39.71683],[-2.40414,39.71729],[-2.40366,39.71772],[-2.40364,39.71854],[-2.40617,39.72141],[-2.40685,39.72319],[-2.40721,39.72374],[-2.40841,39.72418],[-2.40973,39.72426],[-2.41049,39.72452],[-2.41127,39.72527],[-2.41246,39.72608],[-2.41294,39.72706],[-2.41354,39.72772],[-2.41479,39.72796],[-2.41463,39.72868],[-2.41467,39.72976],[-2.415,39.73049],[-2.41594,39.7311],[-2.41524,39.73182],[-2.41491,39.73256],[-2.41491,39.73307],[-2.41529,39.73414],[-2.41656,39.73483],[-2.41639,39.73556],[-2.41686,39.73631],[-2.4166,39.73702],[-2.41667,39.73771],[-2.41813,39.73839],[-2.4207,39.73895],[-2.42111,39.73918],[-2.42233,39.74042],[-2.42218,39.74128],[-2.42303,39.7442],[-2.42465,39.74453],[-2.42557,39.74435],[-2.42632,39.74445],[-2.42651,39.74534],[-2.42696,39.74607],[-2.42705,39.74709],[-2.42739,39.74789],[-2.42823,39.74882],[-2.42953,39.74963],[-2.42955,39.74989],[-2.4293,39.75013],[-2.42825,39.75052],[-2.42717,39.75127],[-2.4259,39.75141],[-2.42385,39.7523],[-2.42375,39.75357],[-2.424,39.75432],[-2.42405,39.75533],[-2.4246,39.75654],[-2.42477,39.75665],[-2.42625,39.75659],[-2.42654,39.75682],[-2.42673,39.75736],[-2.4271,39.75781],[-2.42737,39.75778],[-2.42771,39.75727],[-2.42826,39.75729],[-2.42862,39.75778],[-2.42903,39.75888],[-2.42959,39.75916],[-2.4309,39.75902],[-2.43205,39.75912],[-2.43216,39.75958],[-2.43189,39.76022],[-2.43186,39.76119],[-2.43211,39.76201],[-2.43219,39.76356],[-2.43291,39.76392],[-2.43309,39.76527],[-2.43406,39.76609],[-2.43481,39.76745],[-2.43522,39.76776],[-2.43541,39.7682],[-2.43604,39.76861],[-2.43657,39.76955],[-2.43785,39.77045],[-2.43829,39.7716],[-2.43899,39.77248],[-2.43848,39.77359],[-2.43881,39.77492],[-2.43917,39.7757],[-2.44041,39.77657],[-2.44056,39.77717],[-2.44095,39.77762],[-2.44077,39.77841],[-2.44085,39.77882],[-2.44122,39.77908],[-2.44316,39.77934],[-2.44546,39.7794],[-2.44675,39.77992],[-2.44702,39.78039],[-2.44738,39.78065],[-2.44755,39.78178],[-2.44822,39.78239],[-2.44844,39.78311],[-2.44942,39.78402],[-2.44985,39.78562],[-2.45099,39.78655],[-2.45194,39.78709],[-2.45191,39.78786],[-2.45356,39.78777],[-2.45516,39.78829],[-2.45634,39.78963],[-2.45682,39.79061],[-2.45833,39.79185],[-2.45857,39.79241],[-2.45953,39.79325],[-2.45968,39.79416],[-2.46053,39.79553],[-2.4612,39.79631],[-2.46211,39.79688],[-2.46242,39.79731],[-2.46257,39.79823],[-2.46305,39.79903],[-2.46302,39.80027],[-2.46239,39.80137],[-2.46197,39.80167],[-2.46188,39.80236],[-2.462,39.80277],[-2.46265,39.80318],[-2.46327,39.80436],[-2.46339,39.8059],[-2.46432,39.80713],[-2.46553,39.80793],[-2.46585,39.80836],[-2.46595,39.81026],[-2.46644,39.81077],[-2.46653,39.81172],[-2.46681,39.81218],[-2.4681,39.81269],[-2.46829,39.81358],[-2.46857,39.81405],[-2.4696,39.81477],[-2.46976,39.8168],[-2.47091,39.81816],[-2.47189,39.81898],[-2.47236,39.81974],[-2.47366,39.82085],[-2.47368,39.82247],[-2.47317,39.82326],[-2.4735,39.82357],[-2.47452,39.82384],[-2.47455,39.82604],[-2.4743,39.82706],[-2.47562,39.82893],[-2.47519,39.82903],[-2.47441,39.82889],[-2.47375,39.82935],[-2.47358,39.8305],[-2.47299,39.83207],[-2.4727,39.83238],[-2.47207,39.8328],[-2.47059,39.83292],[-2.46962,39.83338],[-2.46814,39.83481],[-2.46753,39.83578],[-2.46793,39.8375],[-2.46725,39.83796],[-2.46697,39.83911],[-2.46551,39.83979],[-2.46411,39.83978],[-2.4632,39.83911],[-2.46297,39.83854],[-2.46242,39.83806],[-2.4607,39.83698],[-2.46031,39.83689],[-2.4591,39.83727],[-2.4578,39.83734],[-2.4571,39.83757],[-2.45639,39.83786],[-2.45591,39.8384],[-2.4553,39.83875],[-2.45492,39.83953],[-2.45481,39.84092],[-2.45431,39.84142],[-2.45427,39.84248],[-2.45464,39.84346],[-2.45535,39.84377],[-2.45565,39.84456],[-2.45493,39.84487],[-2.4542,39.84575],[-2.45316,39.84601],[-2.45298,39.84705],[-2.45229,39.84728],[-2.45195,39.84756],[-2.45188,39.84886],[-2.45223,39.84941],[-2.45385,39.85041],[-2.45528,39.85157],[-2.45554,39.85226],[-2.45514,39.85275],[-2.45516,39.853],[-2.45671,39.85406],[-2.45687,39.85497],[-2.45711,39.85525],[-2.45755,39.85552],[-2.45934,39.85586],[-2.46021,39.85632],[-2.46057,39.85721],[-2.46056,39.85799],[-2.46029,39.85876],[-2.46065,39.86001],[-2.46117,39.86066],[-2.46251,39.86106],[-2.46313,39.86158],[-2.46312,39.86221],[-2.46244,39.86292],[-2.46331,39.86327],[-2.46408,39.86427],[-2.4654,39.86446],[-2.46598,39.86491],[-2.46622,39.8654],[-2.46679,39.86559],[-2.46673,39.8668],[-2.46706,39.86722],[-2.46796,39.86758],[-2.46818,39.86829],[-2.46861,39.86859],[-2.46907,39.8695],[-2.46976,39.86996],[-2.4699,39.87168],[-2.47087,39.87208],[-2.47176,39.87282],[-2.47196,39.87334],[-2.47263,39.87395],[-2.47284,39.87447],[-2.47321,39.87486],[-2.47365,39.87645],[-2.47426,39.87719],[-2.47546,39.87807],[-2.47611,39.87824],[-2.47644,39.87853],[-2.47655,39.87984],[-2.47724,39.8803],[-2.47737,39.88074],[-2.47726,39.88209],[-2.47627,39.88231],[-2.47593,39.88264],[-2.47668,39.88349],[-2.4768,39.8848],[-2.48009,39.88746],[-2.48036,39.88845],[-2.48106,39.88867],[-2.48185,39.88931],[-2.48124,39.88955],[-2.4795,39.891],[-2.47853,39.8914],[-2.47833,39.89206],[-2.47759,39.89302],[-2.47756,39.89395],[-2.47774,39.89478],[-2.47587,39.89626],[-2.47496,39.89767],[-2.47478,39.89859],[-2.47353,39.89919],[-2.47291,39.90007],[-2.47255,39.90199],[-2.47364,39.90337],[-2.47339,39.90535],[-2.47355,39.90557],[-2.47416,39.90578],[-2.475,39.90693],[-2.47791,39.90733],[-2.47853,39.90828],[-2.47874,39.90894],[-2.47997,39.90912],[-2.48085,39.90979],[-2.48117,39.91031],[-2.48136,39.9115],[-2.48306,39.91281],[-2.48396,39.91294],[-2.48527,39.91345],[-2.4858,39.91388],[-2.48583,39.91434],[-2.48444,39.91556],[-2.4811,39.91602],[-2.47882,39.91605],[-2.47812,39.91628],[-2.47744,39.91674],[-2.4763,39.91789],[-2.47612,39.9188],[-2.47513,39.92018],[-2.47721,39.921],[-2.47787,39.92177],[-2.4783,39.92263],[-2.47872,39.92293],[-2.47877,39.92339],[-2.4785,39.92414],[-2.4785,39.9252],[-2.47932,39.92643],[-2.47895,39.92766],[-2.47832,39.92838],[-2.47734,39.92899],[-2.47728,39.92975],[-2.47754,39.9305],[-2.47748,39.93104],[-2.47695,39.93169],[-2.47622,39.9321],[-2.47599,39.9326],[-2.47541,39.93306],[-2.47296,39.93364],[-2.4707,39.93506],[-2.4694,39.93511],[-2.46862,39.93476],[-2.46825,39.93495],[-2.46778,39.93609],[-2.46707,39.93654],[-2.46676,39.93703],[-2.46721,39.93796],[-2.46723,39.93851],[-2.4669,39.93926],[-2.46641,39.93982],[-2.46619,39.94038],[-2.46624,39.9407],[-2.46571,39.94196],[-2.46437,39.94281],[-2.46377,39.94357],[-2.46343,39.94484],[-2.46333,39.94645],[-2.46265,39.94691],[-2.46203,39.94787],[-2.46033,39.9477],[-2.45959,39.948],[-2.4593,39.94842],[-2.45915,39.95008],[-2.45711,39.95021],[-2.45616,39.95078],[-2.45411,39.95123],[-2.45357,39.95122],[-2.45272,39.95092],[-2.45209,39.95121],[-2.4514,39.95094],[-2.44997,39.94985],[-2.44915,39.94881],[-2.44858,39.94862],[-2.4474,39.94891],[-2.44679,39.9487],[-2.44531,39.94743],[-2.44581,39.94584],[-2.44576,39.94523],[-2.4442,39.94372],[-2.44398,39.94246],[-2.44344,39.94204],[-2.44284,39.94184],[-2.44254,39.94257],[-2.44196,39.94326],[-2.44055,39.94435],[-2.43892,39.94497],[-2.43804,39.94542],[-2.43738,39.94597],[-2.43606,39.94578],[-2.43452,39.94584],[-2.43373,39.94682],[-2.43312,39.94719],[-2.43313,39.94748],[-2.43288,39.94774],[-2.43053,39.94926],[-2.42472,39.9489],[-2.42191,39.94962],[-2.42083,39.95036],[-2.41937,39.95081],[-2.41825,39.9507],[-2.41752,39.95104],[-2.41641,39.95114],[-2.41552,39.95188],[-2.41469,39.95115],[-2.41205,39.95021],[-2.41199,39.95033],[-2.41237,39.95075],[-2.41244,39.95122],[-2.41238,39.95161],[-2.41205,39.95213],[-2.41168,39.95237],[-2.40962,39.95273],[-2.40869,39.95345],[-2.40821,39.9545],[-2.40777,39.95486],[-2.40783,39.95523],[-2.40925,39.95653],[-2.40996,39.95684],[-2.41012,39.95811],[-2.41082,39.95841],[-2.41129,39.9591],[-2.41231,39.96008],[-2.41174,39.96065],[-2.41099,39.96083],[-2.41012,39.96128],[-2.40926,39.96212],[-2.40901,39.96291],[-2.4083,39.9638],[-2.40809,39.96469],[-2.40675,39.96497],[-2.40556,39.96434],[-2.40469,39.96434],[-2.40406,39.96456],[-2.40249,39.96592],[-2.40225,39.96694],[-2.40159,39.96738],[-2.40079,39.96686],[-2.39984,39.96659],[-2.39856,39.96676],[-2.39756,39.9667],[-2.39612,39.96547],[-2.3942,39.96484],[-2.39353,39.96395],[-2.39332,39.96392],[-2.39222,39.96478],[-2.39205,39.96592],[-2.39146,39.96646],[-2.39024,39.96709],[-2.38899,39.9674],[-2.38868,39.96769],[-2.38844,39.96826],[-2.38765,39.96886],[-2.38601,39.96909],[-2.38565,39.96991],[-2.38563,39.97225],[-2.38549,39.97269],[-2.38402,39.97277],[-2.3827,39.97234],[-2.3815,39.97234],[-2.38082,39.9729],[-2.37866,39.97394],[-2.37838,39.97495],[-2.37907,39.97581],[-2.37966,39.97703],[-2.3792,39.97761],[-2.37905,39.97846],[-2.37864,39.97936],[-2.37877,39.97991],[-2.37853,39.98071],[-2.37876,39.98149],[-2.37823,39.98277],[-2.3787,39.98346],[-2.37866,39.9837],[-2.37778,39.98395],[-2.37654,39.98369],[-2.37568,39.98313],[-2.37429,39.98307],[-2.37125,39.98381],[-2.3709,39.98416],[-2.37103,39.98477],[-2.37068,39.9854],[-2.37083,39.98654],[-2.37042,39.98769],[-2.36896,39.98783],[-2.36794,39.98818],[-2.36703,39.988],[-2.36618,39.98809],[-2.36539,39.98871],[-2.36552,39.9895],[-2.36519,39.98997],[-2.36456,39.99038],[-2.36293,39.99078],[-2.36157,39.99183],[-2.36105,39.99264],[-2.36007,39.99319],[-2.36007,39.99376],[-2.361,39.99503],[-2.3612,39.99577],[-2.36186,39.9964],[-2.36158,39.99667],[-2.36083,39.99685],[-2.36052,39.99718],[-2.36082,39.99879],[-2.36151,40.00089],[-2.35995,40.00245],[-2.35991,40.00291],[-2.36024,40.00365],[-2.36137,40.00481],[-2.36412,40.00652],[-2.365,40.00788],[-2.36503,40.00828],[-2.36315,40.00941],[-2.36263,40.01016],[-2.36187,40.00985],[-2.36113,40.00981],[-2.3607,40.00991],[-2.36021,40.01028],[-2.36013,40.01051],[-2.36034,40.01124],[-2.36009,40.01188],[-2.36007,40.01261],[-2.36058,40.01342],[-2.36027,40.01402],[-2.35992,40.01444],[-2.35899,40.01477],[-2.35668,40.01645],[-2.35454,40.01665],[-2.35438,40.01865],[-2.35404,40.01938],[-2.35275,40.02065],[-2.35226,40.02177],[-2.35185,40.02208],[-2.35192,40.023],[-2.35097,40.0238],[-2.35079,40.02471],[-2.35018,40.02545],[-2.34863,40.02651],[-2.35064,40.02769],[-2.35197,40.02788],[-2.35251,40.0283],[-2.35278,40.02875],[-2.35269,40.02927],[-2.35292,40.0299],[-2.35369,40.03115],[-2.35375,40.03246],[-2.354,40.03311],[-2.35392,40.0338],[-2.35356,40.03429],[-2.35294,40.03464],[-2.35281,40.03508],[-2.35286,40.03621],[-2.35362,40.03717],[-2.35365,40.03772],[-2.35299,40.03853],[-2.35104,40.03923],[-2.34762,40.03938],[-2.34703,40.03906],[-2.34592,40.03884],[-2.34416,40.0414],[-2.34347,40.042],[-2.34343,40.04225],[-2.34374,40.04275],[-2.34471,40.04337],[-2.34503,40.0438],[-2.34567,40.04588],[-2.34423,40.04798],[-2.34431,40.04836],[-2.34497,40.04877],[-2.34505,40.04922],[-2.34494,40.04949],[-2.34456,40.04973],[-2.34421,40.05046],[-2.34388,40.05175],[-2.34385,40.05341],[-2.34279,40.05349],[-2.3426,40.05485],[-2.34227,40.05536],[-2.34154,40.05601],[-2.34125,40.05722],[-2.34167,40.0576],[-2.34172,40.05787],[-2.34142,40.05845],[-2.33948,40.05976],[-2.33916,40.06028],[-2.33902,40.0609],[-2.33873,40.06122],[-2.3381,40.06164],[-2.33709,40.06198],[-2.33609,40.06294],[-2.33536,40.06313],[-2.33419,40.0639],[-2.33258,40.06396],[-2.3319,40.0642],[-2.33121,40.06473],[-2.3307,40.06563],[-2.32927,40.06578],[-2.3286,40.06626],[-2.32813,40.06739],[-2.32713,40.06805],[-2.32689,40.06878],[-2.32631,40.06946],[-2.32497,40.07019],[-2.32474,40.07104],[-2.32631,40.07268],[-2.32554,40.07349],[-2.3253,40.07412],[-2.32542,40.07474],[-2.32501,40.07513],[-2.32422,40.07533],[-2.32315,40.07472],[-2.32124,40.07455],[-2.32054,40.07465],[-2.31948,40.0744],[-2.31798,40.07358],[-2.31531,40.07345],[-2.31496,40.07317],[-2.31439,40.07195],[-2.31459,40.07103],[-2.31445,40.07061],[-2.31454,40.07],[-2.31272,40.06982],[-2.30974,40.06811],[-2.30929,40.06812],[-2.3081,40.06855],[-2.30736,40.06905],[-2.30711,40.06933],[-2.30694,40.07024],[-2.30625,40.07083],[-2.30562,40.07178],[-2.30569,40.07208],[-2.30692,40.07309],[-2.30779,40.07422],[-2.30788,40.07734],[-2.3082,40.07771],[-2.3089,40.07808],[-2.30924,40.07856],[-2.3092,40.07881],[-2.30851,40.0794],[-2.30817,40.07992],[-2.30816,40.08122],[-2.30931,40.08216],[-2.31009,40.0822],[-2.31063,40.0828],[-2.3112,40.08395],[-2.31054,40.08448],[-2.30971,40.08458],[-2.30876,40.08492],[-2.30745,40.08499],[-2.30724,40.08515],[-2.30756,40.08623],[-2.30886,40.08713],[-2.30942,40.08899],[-2.30921,40.08954],[-2.30925,40.09001],[-2.31045,40.09172],[-2.31131,40.09212],[-2.31288,40.09249],[-2.31381,40.09298],[-2.31524,40.09407],[-2.31652,40.096],[-2.31687,40.09619],[-2.31753,40.09614],[-2.32019,40.09757],[-2.32022,40.09811],[-2.31966,40.09967],[-2.32017,40.10071],[-2.32018,40.10105],[-2.31857,40.1024],[-2.31845,40.10298],[-2.31911,40.10432],[-2.32011,40.10499],[-2.32064,40.1058],[-2.32047,40.10643],[-2.32049,40.10735],[-2.32168,40.10967],[-2.3221,40.10997],[-2.32232,40.11047],[-2.32356,40.11152],[-2.32327,40.11262],[-2.32224,40.1135],[-2.3222,40.11396],[-2.32291,40.11464],[-2.32307,40.11532],[-2.32338,40.11578],[-2.32433,40.11617],[-2.32516,40.11726],[-2.32561,40.11747],[-2.32692,40.11756],[-2.32815,40.11811],[-2.32789,40.11856],[-2.32715,40.11922],[-2.32735,40.12011],[-2.32727,40.12059],[-2.32543,40.12181],[-2.32518,40.12305],[-2.32328,40.12505],[-2.32359,40.12642],[-2.32396,40.12681],[-2.32417,40.12732],[-2.32519,40.12844],[-2.32549,40.12903],[-2.32542,40.12936],[-2.32467,40.13009],[-2.32458,40.13118],[-2.32438,40.13169],[-2.32453,40.13287],[-2.32382,40.13402],[-2.32399,40.13459],[-2.32395,40.13531],[-2.32372,40.13548],[-2.3232,40.13552],[-2.32147,40.13528],[-2.32034,40.1353],[-2.31941,40.13573],[-2.31905,40.13628],[-2.31934,40.13692],[-2.31977,40.13721],[-2.31996,40.13788],[-2.32166,40.1401],[-2.32227,40.14038],[-2.32316,40.14052],[-2.32335,40.14099],[-2.32301,40.14184],[-2.3228,40.14198],[-2.32219,40.14163],[-2.32144,40.14157],[-2.3193,40.14158],[-2.31785,40.14192],[-2.318,40.14292],[-2.31719,40.14378],[-2.31713,40.14544],[-2.31719,40.14592],[-2.31794,40.14767],[-2.31721,40.14838],[-2.31686,40.14912],[-2.31681,40.14988],[-2.31696,40.15051],[-2.31603,40.15126],[-2.3159,40.1516],[-2.31601,40.15203],[-2.31701,40.15272],[-2.31705,40.15335],[-2.31679,40.15412],[-2.31723,40.15469],[-2.31726,40.15495],[-2.31455,40.15683],[-2.31356,40.15735],[-2.31283,40.15809],[-2.31208,40.158],[-2.31074,40.15823],[-2.31007,40.15857],[-2.30887,40.15869],[-2.30851,40.15904],[-2.30849,40.16006],[-2.3087,40.16068],[-2.30795,40.16144],[-2.30815,40.16213],[-2.30812,40.16269],[-2.30763,40.16326],[-2.30747,40.16431],[-2.30702,40.16461],[-2.30666,40.16533],[-2.30677,40.16572],[-2.30743,40.16612],[-2.30779,40.16699],[-2.30772,40.16732],[-2.30666,40.16856],[-2.30693,40.17169],[-2.30727,40.1725],[-2.30883,40.17424],[-2.30893,40.17462],[-2.3088,40.17542],[-2.30727,40.17583],[-2.30702,40.17632],[-2.30636,40.17694],[-2.30693,40.1779],[-2.30762,40.17856],[-2.30748,40.17921],[-2.30822,40.18157],[-2.30819,40.1819],[-2.30771,40.18247],[-2.30755,40.18376],[-2.30687,40.18437],[-2.30662,40.18486],[-2.30565,40.18523],[-2.30399,40.1869],[-2.30296,40.18714],[-2.30207,40.18678],[-2.30151,40.187],[-2.30036,40.1886],[-2.30012,40.18932],[-2.29918,40.1895],[-2.29808,40.19023],[-2.2974,40.19039],[-2.2951,40.19149],[-2.29508,40.19206],[-2.29415,40.19239],[-2.29359,40.19279],[-2.29276,40.19427],[-2.2916,40.19514],[-2.28953,40.19416],[-2.2886,40.19408],[-2.28657,40.19434],[-2.28538,40.19487],[-2.28459,40.19478],[-2.28357,40.1951],[-2.2819,40.19411],[-2.27974,40.19373],[-2.27867,40.19297],[-2.27721,40.19282],[-2.27625,40.19225],[-2.27503,40.19232],[-2.27428,40.19182],[-2.27369,40.19174],[-2.27242,40.19203],[-2.27163,40.19255],[-2.26946,40.19336],[-2.26913,40.19364],[-2.26867,40.19479],[-2.26808,40.19525],[-2.26716,40.19547],[-2.26619,40.19494],[-2.26545,40.19568],[-2.26468,40.19606],[-2.26441,40.19632],[-2.26419,40.19728],[-2.26339,40.19787],[-2.26261,40.19818],[-2.2628,40.19934],[-2.26228,40.20021],[-2.2624,40.20108],[-2.2618,40.202],[-2.2607,40.20281],[-2.2597,40.20301],[-2.25877,40.20433],[-2.25833,40.20526],[-2.25799,40.20554],[-2.25712,40.20581],[-2.25451,40.20583],[-2.25405,40.2061],[-2.25358,40.20747],[-2.25251,40.20954],[-2.25238,40.21016],[-2.25161,40.21133],[-2.2515,40.21339],[-2.25115,40.21444],[-2.25066,40.21523],[-2.25051,40.21675],[-2.24933,40.21764],[-2.24713,40.21771],[-2.24684,40.21784],[-2.24676,40.21846],[-2.24689,40.21879],[-2.24819,40.21938],[-2.24903,40.22007],[-2.24879,40.22111],[-2.24883,40.22178],[-2.24904,40.22226],[-2.24894,40.22306],[-2.24798,40.22385],[-2.24722,40.22508],[-2.24659,40.2255],[-2.24591,40.22565],[-2.24452,40.22629],[-2.244,40.22727],[-2.24301,40.22816],[-2.24201,40.22861],[-2.24176,40.22905],[-2.24221,40.23089],[-2.2414,40.23199],[-2.24122,40.23335],[-2.23934,40.23416],[-2.23872,40.23458],[-2.23825,40.23535],[-2.23667,40.23684],[-2.23558,40.23827],[-2.23373,40.23933],[-2.23322,40.24024],[-2.23231,40.23953],[-2.23168,40.23926],[-2.22976,40.23946],[-2.2285,40.24025],[-2.22634,40.2406],[-2.22457,40.24128],[-2.22378,40.24179],[-2.22346,40.24181],[-2.22282,40.24147],[-2.22083,40.24112],[-2.21922,40.24061],[-2.21838,40.23989],[-2.21825,40.23927],[-2.21752,40.23785],[-2.21737,40.23699],[-2.21665,40.23705],[-2.21541,40.23685],[-2.21236,40.23711],[-2.21148,40.23765],[-2.21004,40.23793],[-2.20658,40.2377],[-2.20543,40.23811],[-2.20323,40.23817],[-2.2014,40.2394],[-2.19992,40.24],[-2.19943,40.24053],[-2.19893,40.24077],[-2.19821,40.24075],[-2.19672,40.24034],[-2.1939,40.24034],[-2.19286,40.24171],[-2.19318,40.24228],[-2.1926,40.24291],[-2.19224,40.243],[-2.18974,40.24296],[-2.18818,40.24247],[-2.18668,40.24174],[-2.18636,40.241],[-2.1846,40.24085],[-2.18352,40.23987],[-2.183,40.23965],[-2.18186,40.23977],[-2.18019,40.23956],[-2.17905,40.24007],[-2.17862,40.24087],[-2.17887,40.24285],[-2.17777,40.24394],[-2.17767,40.24591],[-2.17738,40.24672],[-2.17747,40.24733],[-2.17818,40.248],[-2.17826,40.24916],[-2.17851,40.2498],[-2.17848,40.25073],[-2.17821,40.25144],[-2.17816,40.25367],[-2.17805,40.25392],[-2.17748,40.25431],[-2.17638,40.25441],[-2.17615,40.25458],[-2.1761,40.2564],[-2.17631,40.25712],[-2.17554,40.25811],[-2.17517,40.25932],[-2.17524,40.26083],[-2.17608,40.26147],[-2.17678,40.26168],[-2.17685,40.26187],[-2.1759,40.26353],[-2.1749,40.26398],[-2.17452,40.26532],[-2.1745,40.26683],[-2.17477,40.26782],[-2.17473,40.26969],[-2.17456,40.27027],[-2.17525,40.27072],[-2.17584,40.27185],[-2.17585,40.27354],[-2.1746,40.27457],[-2.1737,40.275],[-2.17129,40.27577],[-2.17088,40.27616],[-2.17086,40.27778],[-2.17161,40.27875],[-2.17166,40.27907],[-2.17091,40.27964],[-2.17069,40.28016],[-2.17027,40.28059],[-2.16994,40.28133],[-2.16989,40.28197],[-2.17042,40.28337],[-2.17051,40.28461],[-2.17126,40.28613],[-2.16992,40.28728],[-2.16958,40.2878],[-2.16956,40.28835],[-2.16999,40.28979],[-2.1697,40.29052],[-2.1688,40.29119],[-2.16782,40.29133],[-2.1669,40.29175],[-2.16575,40.29322],[-2.16487,40.29366],[-2.1634,40.29402],[-2.16283,40.29501],[-2.16174,40.29584],[-2.16019,40.29597],[-2.15978,40.29619],[-2.15948,40.2965],[-2.15918,40.29741],[-2.15894,40.29877],[-2.15739,40.29934],[-2.1566,40.30054],[-2.15544,40.30123],[-2.15277,40.30127],[-2.1512,40.30077],[-2.15064,40.30029],[-2.15013,40.29948],[-2.14953,40.29906],[-2.14734,40.29964],[-2.14634,40.2996],[-2.14586,40.2989],[-2.14511,40.29865],[-2.14458,40.29793],[-2.14356,40.2975],[-2.14252,40.29657],[-2.14189,40.29686],[-2.13959,40.29727],[-2.13771,40.29713],[-2.13742,40.29724],[-2.13662,40.29813],[-2.13571,40.29848],[-2.13515,40.29926],[-2.1345,40.29952],[-2.1331,40.29962],[-2.13185,40.3007],[-2.13118,40.30148],[-2.13106,40.30317],[-2.13038,40.30403],[-2.12856,40.30487],[-2.12635,40.30471],[-2.1241,40.30542],[-2.12235,40.30633],[-2.1218,40.30771],[-2.11915,40.30907],[-2.11752,40.30903],[-2.11671,40.30837],[-2.11652,40.30762],[-2.11569,40.30668],[-2.11419,40.3058],[-2.11242,40.30534],[-2.11139,40.3058],[-2.11068,40.30654],[-2.10947,40.30741],[-2.10841,40.30767],[-2.10672,40.30776],[-2.10533,40.30895],[-2.10413,40.30907],[-2.10367,40.30933],[-2.10282,40.31073],[-2.10265,40.31141],[-2.10204,40.31192],[-2.10018,40.31244],[-2.09902,40.31345],[-2.09783,40.31388],[-2.09658,40.31407],[-2.09535,40.31643],[-2.09587,40.31779],[-2.09584,40.31911],[-2.09454,40.31979],[-2.09361,40.32083],[-2.09304,40.32102],[-2.0845,40.31999],[-2.08369,40.32017],[-2.08302,40.32051],[-2.08043,40.32082],[-2.0792,40.32185],[-2.0786,40.32206],[-2.0763,40.32236],[-2.07588,40.32258],[-2.07526,40.32341],[-2.07518,40.3245],[-2.07464,40.32612],[-2.07455,40.32742],[-2.0743,40.32799],[-2.07389,40.3305],[-2.0728,40.33186],[-2.07235,40.33302],[-2.07104,40.33473],[-2.07056,40.33595],[-2.07014,40.3364],[-2.0689,40.33655],[-2.06638,40.33838],[-2.06519,40.33849],[-2.06337,40.33913],[-2.06239,40.34058],[-2.06165,40.34302],[-2.06132,40.34353],[-2.06075,40.34395],[-2.05908,40.34338],[-2.05706,40.34334],[-2.05647,40.3436],[-2.0557,40.34437],[-2.05291,40.34478],[-2.05236,40.34436],[-2.05146,40.34293],[-2.0512,40.34226],[-2.05135,40.34166],[-2.05105,40.34043],[-2.05006,40.33984],[-2.0495,40.33927],[-2.048,40.33922],[-2.04679,40.3396],[-2.04429,40.33934],[-2.0439,40.33888],[-2.04371,40.33835],[-2.04281,40.33738],[-2.04174,40.33694],[-2.03892,40.33717],[-2.03803,40.33784],[-2.03727,40.33884],[-2.03567,40.33973],[-2.03319,40.3395],[-2.03127,40.33875],[-2.03045,40.33758],[-2.02952,40.33739],[-2.02844,40.33664],[-2.0264,40.33572],[-2.02196,40.33511],[-2.02045,40.33451],[-2.01921,40.33426],[-2.01894,40.33437],[-2.01836,40.3352],[-2.0179,40.33649],[-2.01758,40.33668],[-2.01449,40.33665],[-2.0112,40.33576],[-2.00983,40.33582],[-2.00913,40.33668],[-2.00899,40.33963],[-2.00709,40.34005],[-2.00565,40.34113],[-2.00511,40.34192],[-2.00382,40.34319],[-2.0036,40.3437],[-2.00319,40.34415],[-2.00298,40.34503],[-2.00206,40.34561],[-2.0018,40.34617],[-2.00111,40.34677],[-2.00062,40.34752],[-1.99982,40.348],[-1.9982,40.34693],[-1.99553,40.34612],[-1.99462,40.34511],[-1.99489,40.34472],[-1.99596,40.34433],[-1.99651,40.34392],[-1.9972,40.34247],[-1.99724,40.34108],[-1.99676,40.34057],[-1.99727,40.33916],[-1.99713,40.33841],[-1.99742,40.33773],[-1.99816,40.33704],[-1.99673,40.3346],[-1.99645,40.33436],[-1.99588,40.33428],[-1.99474,40.33466],[-1.99323,40.33472],[-1.99256,40.33528],[-1.99197,40.33551],[-1.99038,40.33563],[-1.98947,40.33606],[-1.98839,40.33704],[-1.98486,40.33687],[-1.98198,40.33711],[-1.98013,40.33831],[-1.97871,40.33629],[-1.97801,40.33598],[-1.97793,40.3337],[-1.97743,40.33297],[-1.97804,40.33235],[-1.98319,40.33037],[-1.98627,40.33008],[-1.98724,40.32953],[-1.98844,40.32942],[-1.98905,40.32921],[-1.99027,40.32855],[-1.99042,40.32789],[-1.99029,40.32756],[-1.98934,40.32714],[-1.9889,40.32577],[-1.98815,40.32506],[-1.98792,40.32464],[-1.98797,40.32433],[-1.98744,40.32371],[-1.98657,40.32402],[-1.98524,40.32391],[-1.98388,40.32462],[-1.98337,40.32467],[-1.98225,40.32405],[-1.98101,40.32418],[-1.97917,40.3237],[-1.97763,40.32277],[-1.97766,40.32248],[-1.97836,40.32212],[-1.97869,40.32176],[-1.97873,40.32096],[-1.97848,40.32031],[-1.97847,40.31946],[-1.97901,40.31829],[-1.97823,40.31738],[-1.97822,40.31337],[-1.97688,40.31278],[-1.97681,40.31042],[-1.97618,40.30983],[-1.97409,40.3102],[-1.97225,40.30996],[-1.97055,40.30994],[-1.96904,40.31035],[-1.96812,40.31016],[-1.96608,40.31026],[-1.96398,40.31008],[-1.96262,40.30973],[-1.96175,40.31023],[-1.96055,40.31035],[-1.95802,40.31137],[-1.95542,40.3114],[-1.95346,40.31164],[-1.95204,40.312],[-1.9511,40.31166],[-1.95034,40.31176],[-1.94958,40.31164],[-1.94847,40.31206],[-1.94792,40.31256],[-1.94762,40.31264],[-1.94719,40.31258],[-1.94635,40.31207],[-1.94604,40.31235],[-1.94455,40.31294],[-1.94417,40.31351],[-1.94404,40.31474],[-1.94311,40.31488],[-1.94249,40.31461],[-1.94222,40.31407],[-1.94133,40.31369],[-1.94136,40.31311],[-1.94078,40.3124],[-1.93939,40.31178],[-1.93346,40.31162],[-1.9325,40.31141],[-1.93042,40.31136],[-1.92916,40.3111],[-1.92868,40.31075],[-1.92782,40.3105],[-1.92633,40.31036],[-1.9249,40.30935],[-1.924,40.30899],[-1.92317,40.30842],[-1.92206,40.30808],[-1.92119,40.30753],[-1.91925,40.30702],[-1.91735,40.30692],[-1.91428,40.30561],[-1.91349,40.30567],[-1.91264,40.30661],[-1.91225,40.30683],[-1.91106,40.30857],[-1.91086,40.30931],[-1.9094,40.31046],[-1.9089,40.3107],[-1.90668,40.31087],[-1.90485,40.31016],[-1.9041,40.30917],[-1.90223,40.30901],[-1.90138,40.30823],[-1.89902,40.30718],[-1.89708,40.30596],[-1.89552,40.30557],[-1.89465,40.30502],[-1.89319,40.30464],[-1.89225,40.30406],[-1.89151,40.30407],[-1.89068,40.30444],[-1.88976,40.30425],[-1.88913,40.30429],[-1.88925,40.30524],[-1.88916,40.3068],[-1.88878,40.30722],[-1.88876,40.30754],[-1.88773,40.30757],[-1.88669,40.30718],[-1.88471,40.30683],[-1.88414,40.30628],[-1.88251,40.30564],[-1.88128,40.30448],[-1.87977,40.30353],[-1.87656,40.30238],[-1.8733,40.302],[-1.87205,40.30151],[-1.87154,40.301],[-1.87121,40.30091],[-1.86811,40.30113],[-1.86717,40.30152],[-1.86625,40.30149],[-1.865,40.30099],[-1.86415,40.30043],[-1.85738,40.29912],[-1.85457,40.29788],[-1.85358,40.29773],[-1.85251,40.29719],[-1.85132,40.29684],[-1.84982,40.296],[-1.84605,40.29593],[-1.84412,40.29632],[-1.84152,40.29655],[-1.83888,40.29651],[-1.83746,40.29607],[-1.83567,40.29611],[-1.83423,40.29719],[-1.83393,40.2978],[-1.83284,40.29861],[-1.83061,40.299],[-1.82973,40.29968],[-1.83156,40.3017],[-1.83218,40.30297],[-1.83226,40.30421],[-1.83271,40.30471],[-1.83344,40.30631],[-1.83611,40.30824],[-1.8373,40.30987],[-1.83744,40.31057],[-1.83773,40.31102],[-1.83872,40.31148],[-1.84064,40.31339],[-1.8436,40.31487],[-1.84418,40.31563],[-1.84533,40.31634],[-1.84769,40.31715],[-1.84853,40.31772],[-1.85032,40.3183],[-1.85164,40.31904],[-1.85191,40.31938],[-1.85194,40.32022],[-1.85141,40.32224],[-1.85253,40.32364],[-1.85467,40.32457],[-1.85814,40.32515],[-1.8605,40.32584],[-1.86086,40.32609],[-1.86058,40.32723],[-1.86029,40.32771],[-1.85888,40.32914],[-1.8589,40.33134],[-1.86016,40.33262],[-1.86092,40.33384],[-1.86209,40.33518],[-1.86383,40.33589],[-1.86481,40.33605],[-1.86593,40.33691],[-1.86601,40.33714],[-1.86579,40.33761],[-1.86579,40.33826],[-1.86609,40.33901],[-1.86636,40.33927],[-1.86817,40.34021],[-1.86913,40.34048],[-1.87088,40.34041],[-1.87074,40.34114],[-1.87105,40.3422],[-1.87176,40.3431],[-1.87194,40.34385],[-1.87319,40.34559],[-1.87334,40.34628],[-1.87421,40.34816],[-1.87455,40.34865],[-1.8752,40.34906],[-1.87637,40.35108],[-1.87667,40.3519],[-1.87646,40.35285],[-1.87678,40.35358],[-1.87746,40.35418],[-1.87778,40.3547],[-1.87787,40.35572],[-1.87838,40.35666],[-1.87816,40.35784],[-1.87873,40.35903],[-1.87903,40.35941],[-1.87967,40.35938],[-1.88002,40.35961],[-1.88045,40.36099],[-1.8808,40.36155],[-1.88174,40.36189],[-1.88326,40.36284],[-1.88524,40.36462],[-1.88584,40.36582],[-1.88595,40.36667],[-1.88668,40.36785],[-1.88683,40.36855],[-1.88897,40.37119],[-1.88903,40.37189],[-1.88878,40.37272],[-1.88969,40.37398],[-1.89085,40.37512],[-1.89542,40.37712],[-1.89595,40.37785],[-1.89606,40.37871],[-1.89694,40.38059],[-1.89835,40.38168],[-1.89942,40.38207],[-1.89968,40.38233],[-1.89977,40.38271],[-1.89971,40.38385],[-1.89891,40.38487],[-1.89846,40.38662],[-1.89813,40.38714],[-1.89751,40.38756],[-1.89393,40.3863],[-1.89067,40.38592],[-1.8896,40.38532],[-1.88928,40.38467],[-1.88822,40.38383],[-1.88668,40.38365],[-1.88582,40.38287],[-1.8834,40.38169],[-1.8811,40.38167],[-1.87891,40.38278],[-1.87798,40.38383],[-1.8778,40.38693],[-1.87696,40.38756],[-1.87622,40.38774],[-1.8744,40.38882],[-1.87345,40.3897],[-1.8738,40.39072],[-1.87528,40.39184],[-1.87592,40.39212],[-1.87704,40.39222],[-1.87772,40.39247],[-1.8792,40.39372],[-1.87844,40.39474],[-1.87834,40.39526],[-1.87837,40.39581],[-1.87885,40.39639],[-1.87907,40.39732],[-1.87738,40.39907],[-1.87552,40.40042],[-1.87511,40.40042],[-1.87425,40.39987],[-1.87251,40.39938],[-1.8702,40.39936],[-1.86581,40.40254],[-1.86333,40.40306],[-1.86294,40.40297],[-1.86197,40.40199],[-1.86106,40.40155],[-1.85958,40.40141],[-1.85891,40.40106],[-1.85672,40.40056],[-1.85278,40.40166],[-1.85103,40.40266],[-1.85027,40.40292],[-1.84975,40.40287],[-1.84801,40.40184],[-1.84689,40.40183],[-1.84572,40.40237],[-1.84443,40.40273],[-1.84311,40.40368],[-1.84275,40.40371],[-1.84191,40.40292],[-1.84088,40.40235],[-1.84003,40.40165],[-1.83861,40.3996],[-1.83846,40.39869],[-1.83701,40.39612],[-1.83469,40.3934],[-1.8341,40.39295],[-1.8327,40.39283],[-1.83216,40.39254],[-1.82964,40.38983],[-1.82714,40.38679],[-1.82534,40.38532],[-1.82449,40.38425],[-1.82361,40.38372],[-1.82311,40.3829],[-1.82193,40.38201],[-1.82039,40.38123],[-1.81639,40.37835],[-1.81102,40.37613],[-1.80827,40.37425],[-1.8069,40.37357],[-1.80644,40.37309],[-1.8043,40.3718],[-1.80198,40.36997],[-1.80096,40.36873],[-1.79969,40.36768],[-1.79889,40.36664],[-1.79722,40.36507],[-1.79624,40.36447],[-1.79489,40.36288],[-1.79424,40.36248],[-1.79274,40.36107],[-1.79227,40.36031],[-1.79136,40.35936],[-1.78985,40.35812],[-1.78881,40.35644],[-1.78783,40.35562],[-1.78679,40.35395],[-1.78586,40.35338],[-1.78494,40.35243],[-1.78417,40.351],[-1.78291,40.35092],[-1.78204,40.3513],[-1.78154,40.35134],[-1.78095,40.35127],[-1.78051,40.35098],[-1.7788,40.35149],[-1.77769,40.35158],[-1.77662,40.35196],[-1.77482,40.35191],[-1.77403,40.35136],[-1.77348,40.35177],[-1.77237,40.35365],[-1.77178,40.35409],[-1.77022,40.35437],[-1.76793,40.35429],[-1.7642,40.34988],[-1.76061,40.34677],[-1.76015,40.34601],[-1.75914,40.34489],[-1.75818,40.3431],[-1.75666,40.34097],[-1.75403,40.3394],[-1.75014,40.33963],[-1.7494,40.33846],[-1.74842,40.33763],[-1.74795,40.33686],[-1.74624,40.33548],[-1.74518,40.33508],[-1.74437,40.33434],[-1.74319,40.33397],[-1.74184,40.33297],[-1.74064,40.33284],[-1.73999,40.33256],[-1.73995,40.33212],[-1.74046,40.33154],[-1.74042,40.33093],[-1.73957,40.32985],[-1.73914,40.32958],[-1.73864,40.32884],[-1.73728,40.328],[-1.73625,40.3278],[-1.73482,40.32701],[-1.73252,40.32623],[-1.7313,40.32563],[-1.72857,40.32486],[-1.72773,40.32487],[-1.72741,40.32506],[-1.72737,40.32585],[-1.72763,40.32656],[-1.72751,40.32701],[-1.72598,40.3275],[-1.72278,40.3275],[-1.72103,40.32713],[-1.72061,40.32717],[-1.72013,40.32697],[-1.72034,40.32566],[-1.72058,40.32517],[-1.72062,40.32432],[-1.72053,40.32395],[-1.71989,40.32339],[-1.71982,40.32315],[-1.72178,40.32182],[-1.72213,40.32137],[-1.72213,40.32073],[-1.72143,40.31898],[-1.72199,40.31857],[-1.7236,40.31822],[-1.72416,40.31793],[-1.72375,40.31696],[-1.72365,40.31594],[-1.72267,40.31459],[-1.72235,40.31386],[-1.72259,40.3129],[-1.72248,40.31245],[-1.72135,40.31157],[-1.72007,40.31155],[-1.71918,40.31223],[-1.71903,40.31331],[-1.71869,40.31382],[-1.71768,40.31402],[-1.71641,40.31481],[-1.71539,40.31477],[-1.71451,40.314],[-1.71372,40.31388],[-1.71267,40.31395],[-1.71159,40.31476],[-1.70953,40.31453],[-1.70834,40.31473],[-1.70769,40.31464],[-1.70755,40.31336],[-1.70722,40.31276],[-1.70605,40.31185],[-1.70369,40.31109],[-1.70353,40.3108],[-1.70344,40.30958],[-1.70226,40.30846],[-1.70139,40.3083],[-1.70106,40.30809],[-1.70082,40.30753],[-1.69997,40.3066],[-1.70201,40.3054],[-1.70257,40.30394],[-1.70321,40.30322],[-1.70477,40.30202],[-1.70508,40.30157],[-1.70515,40.3005],[-1.70471,40.29973],[-1.70491,40.29922],[-1.70486,40.29877],[-1.70383,40.29797],[-1.70359,40.29758],[-1.70236,40.29754],[-1.7013,40.29727],[-1.70046,40.2967],[-1.6996,40.29641],[-1.69868,40.29643],[-1.69794,40.29677],[-1.69709,40.29647],[-1.69603,40.29719],[-1.69501,40.2976],[-1.69302,40.29557],[-1.69253,40.29483],[-1.69126,40.29399],[-1.69062,40.29328],[-1.68948,40.29294],[-1.68869,40.29302],[-1.68808,40.29237],[-1.68755,40.29031],[-1.6877,40.28977],[-1.68741,40.28851],[-1.68642,40.28694],[-1.68609,40.28613],[-1.68604,40.28504],[-1.68579,40.28422],[-1.68583,40.28346],[-1.68605,40.28292],[-1.68578,40.28154],[-1.68036,40.27592],[-1.681,40.27534],[-1.68228,40.27499],[-1.68322,40.2745],[-1.68336,40.27324],[-1.6868,40.27077],[-1.68744,40.26977],[-1.68693,40.26868],[-1.68562,40.26726],[-1.68544,40.26681],[-1.68419,40.26529],[-1.68305,40.26348],[-1.68299,40.26155],[-1.6827,40.26152],[-1.68259,40.26117],[-1.68186,40.26032],[-1.68208,40.25951],[-1.682,40.25914],[-1.68233,40.25894],[-1.68237,40.25872],[-1.68187,40.25837],[-1.68151,40.25708],[-1.68076,40.25648],[-1.68079,40.25585],[-1.68128,40.25528],[-1.68174,40.25376],[-1.68278,40.25266],[-1.68313,40.25193],[-1.68314,40.2513],[-1.68258,40.25016],[-1.68201,40.24966],[-1.68147,40.24934],[-1.68013,40.24932],[-1.67971,40.2491],[-1.67972,40.24724],[-1.67895,40.24626],[-1.6789,40.24589],[-1.67987,40.24534],[-1.68115,40.24489],[-1.68196,40.24479],[-1.68341,40.2442],[-1.685,40.2445],[-1.68684,40.24535],[-1.69122,40.24195],[-1.69185,40.24099],[-1.69203,40.24008],[-1.69345,40.23889],[-1.70282,40.24456],[-1.70642,40.24632],[-1.70825,40.24762],[-1.70953,40.24792],[-1.71009,40.24847],[-1.71075,40.24873],[-1.71246,40.24871],[-1.71264,40.24857],[-1.71213,40.24821],[-1.71201,40.24757],[-1.71116,40.24576],[-1.7101,40.24456],[-1.71008,40.24436],[-1.71262,40.24223],[-1.71291,40.24162],[-1.71472,40.24023],[-1.71566,40.23907],[-1.71633,40.23743],[-1.71637,40.23696],[-1.71533,40.23547],[-1.71531,40.23521],[-1.71564,40.23449],[-1.71645,40.23352],[-1.71675,40.23352],[-1.71676,40.23333],[-1.71705,40.23318],[-1.71705,40.23279],[-1.7168,40.23255],[-1.71675,40.23206],[-1.7165,40.2318],[-1.71649,40.231],[-1.71472,40.22978],[-1.71311,40.22935],[-1.71175,40.22858],[-1.71026,40.22845],[-1.70909,40.22782],[-1.7081,40.22802],[-1.70804,40.2278],[-1.70751,40.22779],[-1.70742,40.22758],[-1.70716,40.22756],[-1.70708,40.22651],[-1.70666,40.22607],[-1.70623,40.22515],[-1.70513,40.22399],[-1.70464,40.22367],[-1.70456,40.2233],[-1.70431,40.22325],[-1.70432,40.22235],[-1.70351,40.22176],[-1.70285,40.21909],[-1.70199,40.21787],[-1.70057,40.21679],[-1.69964,40.2166],[-1.69931,40.21632],[-1.69869,40.21611],[-1.69733,40.21468],[-1.69607,40.21419],[-1.69508,40.21414],[-1.69395,40.21323],[-1.69348,40.21309],[-1.69299,40.21356],[-1.69246,40.21366],[-1.69174,40.21361],[-1.69106,40.21336],[-1.69011,40.21251],[-1.69013,40.21148],[-1.68985,40.21115],[-1.69032,40.21088],[-1.69094,40.21019],[-1.69176,40.20855],[-1.6925,40.2079],[-1.69332,40.20604],[-1.69518,40.20508],[-1.69844,40.20255],[-1.69836,40.20211],[-1.69861,40.20148],[-1.69975,40.20022],[-1.6994,40.19982],[-1.69841,40.19928],[-1.69825,40.19853],[-1.69773,40.19818],[-1.69938,40.19704],[-1.69992,40.19602],[-1.70085,40.19516],[-1.70179,40.19483],[-1.70271,40.19401],[-1.70394,40.19415],[-1.70424,40.194],[-1.7043,40.19285],[-1.70143,40.19136],[-1.70096,40.19059],[-1.70001,40.19004],[-1.69919,40.18931],[-1.69911,40.18857],[-1.69946,40.18811],[-1.70077,40.18723],[-1.70316,40.18646],[-1.70348,40.18617],[-1.70362,40.18554],[-1.70398,40.18505],[-1.70606,40.18426],[-1.70652,40.18386],[-1.7084,40.1839],[-1.70921,40.18407],[-1.70994,40.18373],[-1.71207,40.18329],[-1.71409,40.18325],[-1.71621,40.18287],[-1.7182,40.1828],[-1.71888,40.18242],[-1.71896,40.18166],[-1.71999,40.18055],[-1.72024,40.17999],[-1.72166,40.1789],[-1.72341,40.17785],[-1.72545,40.17773],[-1.72762,40.1772],[-1.72893,40.17755],[-1.72942,40.17749],[-1.73031,40.17682],[-1.73058,40.17612],[-1.73157,40.17553],[-1.73254,40.17469],[-1.73294,40.17323],[-1.73391,40.17357],[-1.73628,40.17353],[-1.73773,40.17262],[-1.73828,40.17184],[-1.74017,40.17112],[-1.74099,40.17047],[-1.74152,40.16967],[-1.74213,40.16924],[-1.74346,40.169],[-1.74421,40.16912],[-1.74496,40.16878],[-1.74676,40.16874],[-1.74754,40.16848],[-1.74871,40.16758],[-1.74893,40.16684],[-1.74956,40.16612],[-1.753,40.16343],[-1.75349,40.16344],[-1.75394,40.16387],[-1.75446,40.16389],[-1.7551,40.16452],[-1.75606,40.16506],[-1.75687,40.16591],[-1.7586,40.16702],[-1.76026,40.16778],[-1.76108,40.16859],[-1.76199,40.17041],[-1.76375,40.17177],[-1.76498,40.17248],[-1.76563,40.17266],[-1.76618,40.17336],[-1.76662,40.17348],[-1.76699,40.17409],[-1.76822,40.1751],[-1.76855,40.17559],[-1.76873,40.17652],[-1.76919,40.177],[-1.76914,40.18004],[-1.76992,40.18079],[-1.77008,40.18134],[-1.77087,40.18209],[-1.77086,40.18287],[-1.77112,40.18307],[-1.77113,40.18366],[-1.77142,40.1837],[-1.77143,40.18474],[-1.77193,40.18591],[-1.77227,40.18797],[-1.77303,40.18922],[-1.7731,40.19046],[-1.77358,40.19132],[-1.77363,40.1918],[-1.77471,40.19329],[-1.77558,40.19544],[-1.77562,40.19585],[-1.7759,40.19591],[-1.7759,40.19648],[-1.77617,40.19661],[-1.77618,40.19701],[-1.77708,40.19846],[-1.77781,40.19912],[-1.77841,40.20009],[-1.77869,40.20135],[-1.77843,40.20221],[-1.77864,40.20228],[-1.77876,40.20281],[-1.77929,40.20331],[-1.77925,40.20585],[-1.77953,40.20703],[-1.77921,40.20785],[-1.77946,40.20788],[-1.78005,40.20834],[-1.78008,40.20853],[-1.78031,40.20859],[-1.7804,40.20915],[-1.78094,40.20989],[-1.78224,40.20963],[-1.7834,40.20909],[-1.7843,40.20898],[-1.78563,40.20849],[-1.78702,40.20745],[-1.78755,40.20666],[-1.78842,40.20597],[-1.78963,40.20533],[-1.79122,40.20475],[-1.79273,40.20366],[-1.79347,40.20287],[-1.79448,40.20253],[-1.79511,40.20211],[-1.79654,40.20078],[-1.79668,40.20015],[-1.80365,40.20024],[-1.80507,40.20087],[-1.80668,40.20096],[-1.80782,40.20139],[-1.80818,40.2006],[-1.80867,40.20017],[-1.809,40.19942],[-1.80904,40.19881],[-1.80847,40.19841],[-1.80847,40.19552],[-1.80716,40.19247],[-1.80712,40.19144],[-1.80823,40.1903],[-1.80861,40.18969],[-1.81029,40.18941],[-1.8111,40.18868],[-1.81241,40.18827],[-1.81474,40.18675],[-1.81484,40.18593],[-1.8146,40.18506],[-1.8151,40.18443],[-1.81517,40.18381],[-1.81492,40.18316],[-1.81487,40.18155],[-1.81406,40.18051],[-1.81593,40.17924],[-1.81751,40.17889],[-1.81914,40.17773],[-1.81978,40.17763],[-1.82039,40.17769],[-1.82135,40.17818],[-1.82214,40.179],[-1.82367,40.17978],[-1.82473,40.18054],[-1.8265,40.18086],[-1.82668,40.18086],[-1.82689,40.18057],[-1.82722,40.17964],[-1.82625,40.17825],[-1.82723,40.17742],[-1.82763,40.17633],[-1.82698,40.17508],[-1.82605,40.17452],[-1.82493,40.17328],[-1.82406,40.1729],[-1.82394,40.17269],[-1.82451,40.1717],[-1.82768,40.16946],[-1.82807,40.16789],[-1.82811,40.16601],[-1.82829,40.16595],[-1.82841,40.16564],[-1.82841,40.16464],[-1.82815,40.16396],[-1.82845,40.16354],[-1.82945,40.16328],[-1.8301,40.16292],[-1.83259,40.16287],[-1.83383,40.16248],[-1.83543,40.1625],[-1.83637,40.16291],[-1.83785,40.16296],[-1.83887,40.16292],[-1.83938,40.16252],[-1.83959,40.16295],[-1.8396,40.16397],[-1.83927,40.16599],[-1.83978,40.16678],[-1.83983,40.16726],[-1.84042,40.16726],[-1.84179,40.16683],[-1.84765,40.16688],[-1.84826,40.16696],[-1.84964,40.16753],[-1.85117,40.16697],[-1.85296,40.16664],[-1.85326,40.16642],[-1.85347,40.1659],[-1.85416,40.1653],[-1.85424,40.16469],[-1.85402,40.16423],[-1.85399,40.16357],[-1.85373,40.16314],[-1.85395,40.16241],[-1.85368,40.1613],[-1.85207,40.16056],[-1.8517,40.16004],[-1.85174,40.15828],[-1.85203,40.15738],[-1.85209,40.15454],[-1.85237,40.15372],[-1.85223,40.15306],[-1.8524,40.15252],[-1.85247,40.14922],[-1.85276,40.14832],[-1.85282,40.14636],[-1.85369,40.14498],[-1.8533,40.144],[-1.85236,40.14366],[-1.85204,40.14337],[-1.85198,40.14078],[-1.85127,40.13999],[-1.85438,40.13992],[-1.85476,40.13958],[-1.85548,40.13942],[-1.85607,40.13897],[-1.85648,40.13784],[-1.85647,40.13662],[-1.85622,40.1359],[-1.85623,40.13476],[-1.8574,40.13401],[-1.85812,40.13305],[-1.85912,40.13224],[-1.85945,40.13173],[-1.86002,40.12989],[-1.86188,40.12921],[-1.86495,40.12917],[-1.86716,40.12837],[-1.86878,40.12857],[-1.87022,40.12816],[-1.87236,40.1283],[-1.87373,40.12797],[-1.87618,40.12791],[-1.8766,40.12682],[-1.87664,40.12528],[-1.87591,40.12519],[-1.87552,40.12468],[-1.87551,40.12397],[-1.87579,40.12323],[-1.87575,40.12248],[-1.87453,40.12129],[-1.87351,40.12086],[-1.87292,40.12024],[-1.873,40.11991],[-1.8743,40.11865],[-1.87524,40.11747],[-1.87533,40.11536],[-1.87508,40.1146],[-1.8767,40.115],[-1.87729,40.11553],[-1.87875,40.11569],[-1.8796,40.11623],[-1.88141,40.11619],[-1.88216,40.11669],[-1.88312,40.11686],[-1.88419,40.1174],[-1.88598,40.11753],[-1.8882,40.11818],[-1.88854,40.11859],[-1.88916,40.11884],[-1.89024,40.11888],[-1.89211,40.11784],[-1.89476,40.11673],[-1.89714,40.11664],[-1.89956,40.11563],[-1.90058,40.11562],[-1.90436,40.11631],[-1.90575,40.11512],[-1.90622,40.11375],[-1.9066,40.1132],[-1.91176,40.11033],[-1.91452,40.10989],[-1.91751,40.10973],[-1.92018,40.11069],[-1.92107,40.11158],[-1.92156,40.11236],[-1.92202,40.11264],[-1.92206,40.11061],[-1.92233,40.10988],[-1.92241,40.1088],[-1.92274,40.10842],[-1.92375,40.10784],[-1.92359,40.10726],[-1.92357,40.10543],[-1.92303,40.10477],[-1.9242,40.10456],[-1.92637,40.10459],[-1.9271,40.10475],[-1.92796,40.10462],[-1.92822,40.10474],[-1.92843,40.10546],[-1.92895,40.10572],[-1.93463,40.10577],[-1.93587,40.10558],[-1.93644,40.10583],[-1.93706,40.10648],[-1.94041,40.10651],[-1.94088,40.10636],[-1.94016,40.10602],[-1.9394,40.10525],[-1.93867,40.10506],[-1.93781,40.10459],[-1.93763,40.10317],[-1.93734,40.10272],[-1.93637,40.10189],[-1.93566,40.09962],[-1.93473,40.09867],[-1.9332,40.09826],[-1.93213,40.0975],[-1.93116,40.09733],[-1.93031,40.09686],[-1.92913,40.09552],[-1.92902,40.09422],[-1.92874,40.09389],[-1.9277,40.09348],[-1.92693,40.09272],[-1.9251,40.09216],[-1.92474,40.09182],[-1.92423,40.09088],[-1.92013,40.08976],[-1.9201,40.08917],[-1.9219,40.08747],[-1.92387,40.08643],[-1.9247,40.08579],[-1.92484,40.08436],[-1.9251,40.08371],[-1.92515,40.08249],[-1.92607,40.08286],[-1.92664,40.08278],[-1.92788,40.08301],[-1.9299,40.08381],[-1.93168,40.08418],[-1.93409,40.08512],[-1.9346,40.08563],[-1.93612,40.08627],[-1.9367,40.08681],[-1.93748,40.08694],[-1.93815,40.08729],[-1.94147,40.08782],[-1.94375,40.08783],[-1.94483,40.08758],[-1.94961,40.08404],[-1.95029,40.08327],[-1.95077,40.08237],[-1.95206,40.08156],[-1.95276,40.08082],[-1.95413,40.08023],[-1.95678,40.0782],[-1.95675,40.07786],[-1.95501,40.07626],[-1.954,40.07568],[-1.95331,40.07471],[-1.95258,40.07406],[-1.95229,40.07353],[-1.95244,40.07292],[-1.95221,40.07229],[-1.95064,40.07004],[-1.94989,40.06838],[-1.94883,40.06766],[-1.94886,40.06695],[-1.94983,40.06636],[-1.95076,40.06618],[-1.95101,40.06569],[-1.95189,40.06479],[-1.95286,40.06432],[-1.95487,40.06401],[-1.95531,40.0637],[-1.95467,40.06234],[-1.95368,40.06122],[-1.95355,40.06036],[-1.9531,40.05958],[-1.95365,40.05843],[-1.95436,40.05834],[-1.95538,40.05718],[-1.95544,40.05634],[-1.9552,40.05573],[-1.95517,40.05506],[-1.95623,40.0555],[-1.95685,40.05539],[-1.95701,40.05386],[-1.95927,40.05204],[-1.96045,40.04957],[-1.96044,40.04901],[-1.96369,40.04832],[-1.9652,40.04691],[-1.96534,40.04538],[-1.96639,40.04465],[-1.96654,40.04336],[-1.96707,40.04265],[-1.96683,40.0424],[-1.96493,40.0418],[-1.96428,40.04131],[-1.96419,40.04088],[-1.96444,40.04003],[-1.96371,40.03885],[-1.96369,40.0386],[-1.96491,40.03765],[-1.96706,40.03753],[-1.96887,40.03611],[-1.96895,40.03537],[-1.96878,40.03477],[-1.9695,40.03388],[-1.9696,40.03266],[-1.96986,40.03225],[-1.96991,40.03019],[-1.97018,40.02978],[-1.97034,40.02734],[-1.97192,40.02562],[-1.97237,40.02491],[-1.97361,40.02422],[-1.97464,40.02404],[-1.9774,40.02226],[-1.97839,40.0219],[-1.97893,40.02089],[-1.97966,40.02023],[-1.97979,40.01833],[-1.98045,40.01707],[-1.98503,40.01361],[-1.98717,40.01169],[-1.98666,40.01147],[-1.98522,40.01133],[-1.98358,40.01034],[-1.98253,40.01014],[-1.98166,40.00949],[-1.98139,40.00914],[-1.98124,40.00802],[-1.98061,40.00751],[-1.97992,40.00731],[-1.97915,40.00655],[-1.97899,40.00587],[-1.97823,40.00483],[-1.97825,40.00345],[-1.97897,40.00274],[-1.97885,40.00222],[-1.97895,40.00192],[-1.97929,40.00172],[-1.98164,40.00137],[-1.98255,40.0005],[-1.98276,39.99975],[-1.98335,39.99907],[-1.98471,39.99859],[-1.98661,39.99854],[-1.9879,39.99787],[-1.9882,39.99755],[-1.9884,39.9969],[-1.98909,39.99644],[-1.99015,39.99403],[-1.9909,39.99353],[-1.99108,39.99291],[-1.99126,39.99277],[-1.9913,39.9911],[-1.99159,39.99028],[-1.99135,39.9887],[-1.99252,39.98668],[-1.99127,39.98563],[-1.98989,39.98551],[-1.98963,39.98526],[-1.98934,39.98359],[-1.98966,39.98239],[-1.99021,39.98228],[-1.99074,39.98186],[-1.99029,39.98099],[-1.99033,39.97877],[-1.99101,39.97814],[-1.99193,39.9778],[-1.99186,39.97743],[-1.99204,39.97689],[-1.99191,39.97642],[-1.99215,39.97616],[-1.99332,39.97532],[-1.99405,39.97514],[-1.99468,39.97473],[-1.99576,39.97345],[-1.99699,39.97313],[-1.9972,39.972],[-1.99752,39.97149],[-1.99824,39.97089],[-1.99795,39.97036],[-1.99763,39.97013],[-1.99648,39.96946],[-1.99559,39.96933],[-1.99519,39.9691],[-1.99348,39.96771],[-1.99268,39.96653],[-1.99171,39.96614],[-1.9911,39.96547],[-1.99151,39.96464],[-1.99311,39.96396],[-1.9933,39.96246],[-1.99347,39.96215],[-1.99325,39.96192],[-1.99312,39.96094],[-1.9927,39.96049],[-1.99262,39.96012],[-1.99274,39.95977],[-1.99341,39.95937],[-1.99349,39.95905],[-1.99301,39.95796],[-1.99286,39.95704],[-1.9922,39.9562],[-1.992,39.95569],[-1.99074,39.9544],[-1.99047,39.95388],[-1.99195,39.95139],[-1.99234,39.95115],[-1.99345,39.95107],[-1.99387,39.95085],[-1.99443,39.95038],[-1.99482,39.94955],[-1.99383,39.94927],[-1.99319,39.94891],[-1.99171,39.94877],[-1.98892,39.94664],[-1.98703,39.94606],[-1.9867,39.94551],[-1.98693,39.94443],[-1.98568,39.94336],[-1.98557,39.94311],[-1.98557,39.94052],[-1.98512,39.93946],[-1.98535,39.93885],[-1.98571,39.93851],[-1.98697,39.93813],[-1.98882,39.93653],[-1.98943,39.93556],[-1.98975,39.93435],[-1.98986,39.93297],[-1.9909,39.93161],[-1.991,39.93111],[-1.99049,39.93087],[-1.98876,39.93073],[-1.98675,39.9297],[-1.98498,39.92912],[-1.98401,39.92851],[-1.98432,39.92716],[-1.98439,39.92288],[-1.98431,39.9225],[-1.98364,39.92145],[-1.98372,39.92095],[-1.98355,39.92013],[-1.98363,39.91964],[-1.98406,39.91919],[-1.98414,39.91886],[-1.98384,39.91848],[-1.9831,39.91829],[-1.9825,39.91784],[-1.98241,39.91654],[-1.98215,39.9161],[-1.98215,39.91565],[-1.98225,39.91527],[-1.98252,39.91503],[-1.98381,39.91427],[-1.98338,39.91265],[-1.98397,39.91162],[-1.98565,39.91111],[-1.98655,39.91039],[-1.98612,39.90896],[-1.98631,39.90823],[-1.98589,39.90749],[-1.98615,39.90682],[-1.98657,39.90638],[-1.98758,39.90466],[-1.98915,39.90473],[-1.9903,39.90551],[-1.99295,39.90633],[-1.99408,39.90713],[-1.99527,39.90735],[-1.99679,39.90653],[-1.99734,39.90597],[-1.99866,39.90568],[-1.99938,39.90571],[-2.00189,39.90659],[-2.00133,39.9054],[-2.0014,39.90357],[-2.00174,39.90283],[-2.00273,39.90202],[-2.0029,39.90133],[-2.00323,39.90082],[-2.00492,39.89918],[-2.00629,39.89945],[-2.00654,39.89964],[-2.00731,39.89952],[-2.00789,39.89986],[-2.00957,39.89947],[-2.01048,39.89949],[-2.01104,39.89987],[-2.01253,39.89996],[-2.0135,39.90021],[-2.01471,39.90078],[-2.01562,39.90071],[-2.01662,39.90144],[-2.01706,39.90154],[-2.01766,39.90148],[-2.02008,39.90047],[-2.02432,39.90052],[-2.0262,39.90105],[-2.02647,39.9013],[-2.02664,39.90197],[-2.02736,39.90223],[-2.02835,39.90292],[-2.02868,39.90293],[-2.02932,39.90263],[-2.03019,39.90263],[-2.03099,39.90284],[-2.03223,39.90387],[-2.0352,39.9054],[-2.03565,39.90611],[-2.03622,39.90656],[-2.03747,39.90674],[-2.03812,39.90735],[-2.03828,39.90672],[-2.03957,39.90542],[-2.03969,39.90442],[-2.03992,39.90392],[-2.03997,39.90119],[-2.03961,39.9],[-2.03926,39.89973],[-2.03683,39.8989],[-2.03415,39.89661],[-2.03236,39.89543],[-2.03112,39.89513],[-2.0297,39.89528],[-2.02856,39.89483],[-2.02733,39.89357],[-2.02615,39.8929],[-2.02532,39.89273],[-2.02483,39.8922],[-2.02335,39.89131],[-2.02154,39.8909],[-2.01993,39.88928],[-2.019,39.88911],[-2.01834,39.88876],[-2.01548,39.88864],[-2.01452,39.88838],[-2.0135,39.8878],[-2.01197,39.88821],[-2.0111,39.88816],[-2.01,39.88777],[-2.00848,39.88789],[-2.00831,39.88723],[-2.00875,39.88699],[-2.00929,39.88623],[-2.01028,39.88541],[-2.01093,39.88418],[-2.01035,39.8827],[-2.00992,39.8822],[-2.01011,39.88146],[-2.00985,39.8811],[-2.0086,39.88142],[-2.00682,39.88113],[-2.00544,39.88015],[-2.00471,39.87996],[-2.00306,39.87897],[-2.0021,39.87881],[-1.99893,39.87732],[-1.99369,39.87548],[-1.992,39.87514],[-1.99048,39.87455],[-1.98894,39.87434],[-1.98927,39.87327],[-1.99,39.8724],[-1.99034,39.87167],[-1.99051,39.87075],[-1.9918,39.86902],[-1.99134,39.86798],[-1.99137,39.86655],[-1.99162,39.86597],[-1.99163,39.86549],[-1.99087,39.86424],[-1.99105,39.86344],[-1.99053,39.86302],[-1.99062,39.86245],[-1.99122,39.86197],[-1.99228,39.86171],[-1.99435,39.86193],[-1.99465,39.86251],[-1.99554,39.86318],[-1.99715,39.86361],[-1.99792,39.86414],[-1.99889,39.86452],[-1.99996,39.86528],[-2.00089,39.86546],[-2.00141,39.86597],[-2.00382,39.86616],[-2.00447,39.86695],[-2.00446,39.86871],[-2.00409,39.86938],[-2.00312,39.87039],[-2.00319,39.87052],[-2.00543,39.87086],[-2.00618,39.87123],[-2.00827,39.87131],[-2.00938,39.87171],[-2.01254,39.87179],[-2.0161,39.87244],[-2.01809,39.87251],[-2.01914,39.87273],[-2.01973,39.87268],[-2.02048,39.87232],[-2.02209,39.87225],[-2.02472,39.87159],[-2.02538,39.87125],[-2.0259,39.87125],[-2.02809,39.87244],[-2.02833,39.87272],[-2.02852,39.87345],[-2.03056,39.87494],[-2.03052,39.87543],[-2.03072,39.87565],[-2.03283,39.87628],[-2.03341,39.87682],[-2.03428,39.87699],[-2.03473,39.87731],[-2.03501,39.87717],[-2.03589,39.87542],[-2.03601,39.87488],[-2.03622,39.87472],[-2.03732,39.8752],[-2.03817,39.876],[-2.04121,39.87584],[-2.04131,39.87528],[-2.04205,39.87459],[-2.04254,39.87324],[-2.04399,39.87233],[-2.04497,39.87197],[-2.04579,39.87146],[-2.04624,39.87138],[-2.04664,39.87032],[-2.04795,39.86952],[-2.04806,39.8687],[-2.04838,39.86814],[-2.04971,39.86705],[-2.04993,39.86653],[-2.05069,39.86557],[-2.05065,39.86458],[-2.04961,39.86431],[-2.04849,39.86344],[-2.04761,39.86224],[-2.04747,39.86118],[-2.04702,39.8608],[-2.04701,39.85951],[-2.04753,39.85822],[-2.0472,39.85773],[-2.0454,39.85662],[-2.04587,39.85628],[-2.04595,39.85592],[-2.04643,39.85525],[-2.04626,39.85482],[-2.0464,39.85455],[-2.04619,39.85426],[-2.04509,39.85423],[-2.04455,39.85385],[-2.04369,39.8536],[-2.04179,39.85352],[-2.0413,39.85327],[-2.04046,39.85256],[-2.03944,39.85132],[-2.03784,39.85031],[-2.03706,39.84955],[-2.03587,39.84935],[-2.03596,39.84867],[-2.03566,39.84794],[-2.03499,39.84733],[-2.03477,39.84683],[-2.03412,39.84642],[-2.03336,39.84544],[-2.03189,39.84557],[-2.03066,39.84518],[-2.02962,39.8453],[-2.0284,39.84473],[-2.02746,39.84454],[-2.02724,39.84382],[-2.02654,39.8427],[-2.02644,39.84117],[-2.02514,39.83981],[-2.02506,39.83952],[-2.02518,39.83908],[-2.02677,39.8385],[-2.02796,39.8373],[-2.02797,39.8369],[-2.02751,39.8364],[-2.02709,39.83555],[-2.02612,39.83499],[-2.02501,39.8348],[-2.02434,39.83485],[-2.02367,39.83392],[-2.02173,39.83349],[-2.02078,39.83265],[-2.02064,39.8323],[-2.02012,39.83203],[-2.01832,39.83217],[-2.01746,39.8319],[-2.01595,39.83028],[-2.01576,39.82952],[-2.01472,39.82813],[-2.01544,39.82745],[-2.01634,39.82694],[-2.01659,39.82638],[-2.01769,39.82528],[-2.01876,39.82482],[-2.01893,39.82422],[-2.01939,39.82349],[-2.01954,39.82241],[-2.01993,39.82196],[-2.01878,39.82154],[-2.01815,39.82104],[-2.01794,39.82039],[-2.0173,39.82012],[-2.01679,39.81917],[-2.01575,39.81826],[-2.01556,39.81756],[-2.01653,39.81677],[-2.01761,39.81535],[-2.01852,39.81462],[-2.01897,39.81442],[-2.02068,39.81426],[-2.02101,39.81353],[-2.02083,39.81279],[-2.02112,39.81192],[-2.02182,39.8116],[-2.0222,39.8109],[-2.02208,39.80998],[-2.0232,39.80912],[-2.02426,39.80875],[-2.02576,39.80761],[-2.02608,39.80716],[-2.02449,39.80623],[-2.02398,39.80572],[-2.02192,39.80536],[-2.02062,39.80484],[-2.02035,39.80458],[-2.02,39.80364],[-2.01947,39.80331],[-2.01945,39.8029],[-2.01843,39.80218],[-2.0182,39.80162],[-2.0174,39.80096],[-2.01446,39.80083],[-2.01315,39.80008],[-2.01269,39.79909],[-2.01192,39.79833],[-2.00941,39.798],[-2.00879,39.79749],[-2.00869,39.79649],[-2.00822,39.7959],[-2.00817,39.79515],[-2.00401,39.79446],[-2.00288,39.7946],[-2.00065,39.79433],[-1.99979,39.79403],[-1.99971,39.793],[-1.99987,39.79247],[-2.00057,39.79226],[-2.00171,39.79142],[-2.0021,39.7906],[-2.00095,39.78899],[-2.00147,39.78865],[-2.00162,39.78757],[-2.00197,39.78684],[-2.00239,39.7864],[-2.00252,39.78517],[-2.00297,39.78397],[-2.00271,39.78346],[-2.00174,39.78263],[-2.00157,39.78172],[-2.00109,39.78107],[-2.00114,39.78036],[-2.00164,39.77957],[-2.00176,39.77833],[-2.00214,39.77756],[-2.00357,39.77649],[-2.00511,39.77603],[-2.00623,39.77616],[-2.00904,39.77533],[-2.00864,39.77475],[-2.00712,39.77344],[-2.00695,39.77254],[-2.00654,39.77223],[-2.00639,39.77139],[-2.00589,39.77103],[-2.00562,39.7703],[-2.0057,39.76997],[-2.0064,39.76938],[-2.00788,39.76736],[-2.00836,39.766],[-2.00895,39.76511],[-2.00928,39.76504],[-2.00985,39.7654],[-2.01163,39.76549],[-2.015,39.7666],[-2.01505,39.76546],[-2.01554,39.76489],[-2.01569,39.76404],[-2.01641,39.76288],[-2.01616,39.7615],[-2.01583,39.76107],[-2.01521,39.76088],[-2.01485,39.76039],[-2.01482,39.75894],[-2.0158,39.75835],[-2.01733,39.75819],[-2.01696,39.7577],[-2.01682,39.75707],[-2.01634,39.75614],[-2.01688,39.75469],[-2.01699,39.75368],[-2.01725,39.7533],[-2.0175,39.75314],[-2.01918,39.7529],[-2.02101,39.75333],[-2.0219,39.75338],[-2.02289,39.75333],[-2.02425,39.75294],[-2.02776,39.75297],[-2.0282,39.75317],[-2.02927,39.75275],[-2.03084,39.75299],[-2.03215,39.75298],[-2.03292,39.75249],[-2.03461,39.75033],[-2.03594,39.74988],[-2.03683,39.74989],[-2.03723,39.74884],[-2.0394,39.74713],[-2.04005,39.74572],[-2.04005,39.7451],[-2.03955,39.74422],[-2.03962,39.74353],[-2.04066,39.74289],[-2.04116,39.74214],[-2.04208,39.74149],[-2.04114,39.74062],[-2.04082,39.73988],[-2.04107,39.73865],[-2.04084,39.73797],[-2.04081,39.73726],[-2.04161,39.73723],[-2.04304,39.7367],[-2.04569,39.73615],[-2.04659,39.73573],[-2.04771,39.73475],[-2.04843,39.73465],[-2.04827,39.73434],[-2.0471,39.73389],[-2.04684,39.73334],[-2.04602,39.73269],[-2.04533,39.73263],[-2.04462,39.73278],[-2.04304,39.73219],[-2.04146,39.73213],[-2.04156,39.7298],[-2.04252,39.72918],[-2.04274,39.72845],[-2.04301,39.7282],[-2.04377,39.72822],[-2.04489,39.72763],[-2.04513,39.72696],[-2.04535,39.72679],[-2.04604,39.72689],[-2.04628,39.72737],[-2.04695,39.72807],[-2.04883,39.72833],[-2.04905,39.72816],[-2.04921,39.72755],[-2.05033,39.72646],[-2.05409,39.7253],[-2.05335,39.72478],[-2.05324,39.72451],[-2.05326,39.72336],[-2.05349,39.72274],[-2.0528,39.72132],[-2.05322,39.72022],[-2.05274,39.72016],[-2.05053,39.71866],[-2.05015,39.71752],[-2.05048,39.71658],[-2.05155,39.71519],[-2.05174,39.71384],[-2.05215,39.71316],[-2.0523,39.71255],[-2.05293,39.71204],[-2.05373,39.71188],[-2.05398,39.71165],[-2.05399,39.71151],[-2.05292,39.71076],[-2.05234,39.70985],[-2.05229,39.70951],[-2.05262,39.70908],[-2.05429,39.70792],[-2.05435,39.70679],[-2.05409,39.70605],[-2.0541,39.70549],[-2.05434,39.70492],[-2.05445,39.70377],[-2.05526,39.70292],[-2.0552,39.70259],[-2.05489,39.7023],[-2.05377,39.70192],[-2.05326,39.70193],[-2.05276,39.70153],[-2.05247,39.70107],[-2.05242,39.69902],[-2.05275,39.69791],[-2.0541,39.6968],[-2.05468,39.69612],[-2.05489,39.69561],[-2.05611,39.69444],[-2.05742,39.69355],[-2.05909,39.69332],[-2.06172,39.69333],[-2.06381,39.69378],[-2.0653,39.69293],[-2.06681,39.69295],[-2.06753,39.69329],[-2.06822,39.69297],[-2.07176,39.6927],[-2.07346,39.69234],[-2.07493,39.69274],[-2.07603,39.69276],[-2.07747,39.69215],[-2.0793,39.69195],[-2.08002,39.69205],[-2.08089,39.69153],[-2.08207,39.69141],[-2.08302,39.69102],[-2.08392,39.69109],[-2.08488,39.69171],[-2.08484,39.69095],[-2.08452,39.69043],[-2.08329,39.68964],[-2.08304,39.68887],[-2.08235,39.68832],[-2.08132,39.68836],[-2.08036,39.68875],[-2.07869,39.68846],[-2.07754,39.6879],[-2.07657,39.68774],[-2.07577,39.68679],[-2.0751,39.68654],[-2.07455,39.68571],[-2.07447,39.68533],[-2.07452,39.6835],[-2.07537,39.68242],[-2.07483,39.6816],[-2.07482,39.68082],[-2.07159,39.68054],[-2.07027,39.67993],[-2.06878,39.67986],[-2.06826,39.67961],[-2.06804,39.67882],[-2.06702,39.67785],[-2.06677,39.67674],[-2.06698,39.6762],[-2.06701,39.67527],[-2.06678,39.67469],[-2.06675,39.67346],[-2.06659,39.67314],[-2.06592,39.67289],[-2.06451,39.67283],[-2.06315,39.67257],[-2.06248,39.67232],[-2.06169,39.67158],[-2.06074,39.67133],[-2.06041,39.6706],[-2.06039,39.66967],[-2.05903,39.66936],[-2.05798,39.66836],[-2.0568,39.66833],[-2.0554,39.66892],[-2.05379,39.66842],[-2.05199,39.666],[-2.05029,39.66619],[-2.04892,39.66535],[-2.04665,39.66549],[-2.04415,39.66503],[-2.04344,39.66506],[-2.04267,39.66547],[-2.04236,39.66488],[-2.04158,39.66443],[-2.04152,39.66346],[-2.04183,39.66264],[-2.0419,39.66153],[-2.04225,39.66103],[-2.04291,39.66065],[-2.04295,39.66043],[-2.04198,39.65976],[-2.04151,39.6581],[-2.03989,39.6568],[-2.0396,39.65637],[-2.03965,39.6559],[-2.04039,39.6541],[-2.04022,39.65361],[-2.04075,39.65265],[-2.04054,39.65127],[-2.04061,39.64982],[-2.04096,39.64909],[-2.04138,39.64865],[-2.04155,39.64736],[-2.04273,39.64716],[-2.04291,39.64694],[-2.04261,39.64495],[-2.04238,39.64436],[-2.04244,39.64397],[-2.04266,39.64375],[-2.04337,39.64367],[-2.04423,39.64423],[-2.04585,39.64475],[-2.04738,39.64456],[-2.04806,39.64505],[-2.04904,39.64623],[-2.05047,39.64649],[-2.05175,39.64768],[-2.05278,39.64794],[-2.05389,39.64787],[-2.05436,39.64724],[-2.05503,39.64684],[-2.05553,39.64626],[-2.05713,39.6457],[-2.05828,39.64501],[-2.05935,39.64403],[-2.06113,39.64294],[-2.06211,39.64266],[-2.06369,39.64286],[-2.06588,39.64236],[-2.06655,39.6413],[-2.0658,39.64052],[-2.06574,39.63996],[-2.06587,39.63955],[-2.06651,39.63913],[-2.06849,39.63905],[-2.06995,39.63838],[-2.07029,39.6378],[-2.07118,39.63729],[-2.07206,39.63639],[-2.07234,39.63585],[-2.07329,39.63537],[-2.07473,39.63519],[-2.07496,39.63314],[-2.07745,39.6316],[-2.07775,39.63115],[-2.07789,39.63053],[-2.0785,39.62964],[-2.07954,39.62915],[-2.07996,39.62807],[-2.08041,39.62757],[-2.08091,39.62646],[-2.08152,39.6261],[-2.08234,39.62531],[-2.08302,39.62506],[-2.08402,39.62501],[-2.08317,39.6247],[-2.08236,39.62405],[-2.08224,39.62177],[-2.0815,39.62105],[-2.0812,39.6203],[-2.0811,39.61952],[-2.07893,39.61629],[-2.07898,39.61561],[-2.07937,39.61523],[-2.07959,39.61471],[-2.08026,39.61406],[-2.0792,39.61396],[-2.07868,39.61336],[-2.07881,39.61247],[-2.07866,39.61201],[-2.07868,39.61071],[-2.07913,39.61004],[-2.07821,39.60957],[-2.0781,39.60922],[-2.0782,39.60885],[-2.07864,39.60835],[-2.0785,39.60734],[-2.07965,39.60635],[-2.08025,39.60609],[-2.08211,39.60624],[-2.08243,39.60604],[-2.08275,39.60552],[-2.08289,39.60489],[-2.08337,39.60433],[-2.08342,39.6034],[-2.08282,39.60334],[-2.08236,39.603],[-2.08128,39.60288],[-2.08063,39.60253],[-2.07895,39.60219],[-2.07855,39.60196],[-2.07707,39.60078],[-2.07628,39.59989],[-2.07622,39.59935],[-2.07647,39.59872],[-2.07632,39.59844],[-2.07388,39.59837],[-2.07447,39.59526],[-2.07373,39.59447],[-2.07313,39.5935],[-2.07307,39.59069],[-2.0726,39.58989],[-2.072,39.58816],[-2.072,39.58552],[-2.07175,39.58477],[-2.07174,39.58353],[-2.07183,39.58294],[-2.07221,39.58247],[-2.0713,39.58228],[-2.0707,39.58174],[-2.06954,39.58137],[-2.0679,39.58031],[-2.06753,39.57968],[-2.06627,39.57939],[-2.06489,39.57789],[-2.0649,39.57658],[-2.06526,39.57609],[-2.06802,39.57439],[-2.06924,39.57347],[-2.06949,39.57319],[-2.06975,39.57226],[-2.07099,39.57166],[-2.07172,39.57095],[-2.07304,39.57078],[-2.07438,39.56964],[-2.07531,39.56923],[-2.07551,39.56834],[-2.07585,39.56799],[-2.07964,39.56659],[-2.07997,39.56586],[-2.08143,39.56488],[-2.08297,39.56436],[-2.08417,39.56371],[-2.08533,39.56235],[-2.08556,39.56116],[-2.0862,39.56182],[-2.08625,39.56216],[-2.08603,39.56291],[-2.08675,39.56408],[-2.0869,39.565],[-2.08714,39.56528],[-2.08758,39.56555],[-2.09021,39.56614],[-2.09098,39.56668],[-2.09174,39.56696],[-2.09253,39.56692],[-2.0936,39.56616],[-2.09427,39.56591],[-2.09616,39.56608],[-2.09867,39.56538],[-2.09965,39.56433],[-2.09978,39.56353],[-2.10128,39.56297],[-2.10152,39.56217],[-2.10201,39.56165],[-2.103,39.56151],[-2.10518,39.56232],[-2.10648,39.5625],[-2.10757,39.56236],[-2.10857,39.56246],[-2.1087,39.56282],[-2.10869,39.56488],[-2.10903,39.56548],[-2.10933,39.5657],[-2.11027,39.56569],[-2.11087,39.5647],[-2.11169,39.56426],[-2.11238,39.56422],[-2.11262,39.5643],[-2.11272,39.56454],[-2.11222,39.56524],[-2.11241,39.56564],[-2.1132,39.56587],[-2.11435,39.56666],[-2.11553,39.56664],[-2.11775,39.56475],[-2.11935,39.56419],[-2.12082,39.56308],[-2.12117,39.56249],[-2.12126,39.56156],[-2.1217,39.56021],[-2.12217,39.56004],[-2.12302,39.5602],[-2.12399,39.55998],[-2.12469,39.55944],[-2.12474,39.55881],[-2.12459,39.55826],[-2.12513,39.55701],[-2.12565,39.55629],[-2.12562,39.55573],[-2.12539,39.55515],[-2.12544,39.5543],[-2.12584,39.55357],[-2.12676,39.55297],[-2.12636,39.55246],[-2.12616,39.55173],[-2.12434,39.55041],[-2.12429,39.54921],[-2.12544,39.54899],[-2.12694,39.54919],[-2.12754,39.54844],[-2.12859,39.54794],[-2.13091,39.54784],[-2.13205,39.54728],[-2.13329,39.54691],[-2.13377,39.54615],[-2.1344,39.54572],[-2.13634,39.54526],[-2.13865,39.54526],[-2.14045,39.54555],[-2.14147,39.54593],[-2.14365,39.54602],[-2.14516,39.54661],[-2.14645,39.5467],[-2.14722,39.54696],[-2.14823,39.54821],[-2.14946,39.54898],[-2.14973,39.54974],[-2.15071,39.54997],[-2.15123,39.5507],[-2.1537,39.55079],[-2.15459,39.55101],[-2.15491,39.55079],[-2.15621,39.55077],[-2.15632,39.55038],[-2.15686,39.55035],[-2.1569,39.54919],[-2.15724,39.54869],[-2.15792,39.54845],[-2.15839,39.54799],[-2.15917,39.54761],[-2.15947,39.54724],[-2.15926,39.54691],[-2.15814,39.54617],[-2.15757,39.54481],[-2.15698,39.5424],[-2.15703,39.54125],[-2.15869,39.5389],[-2.15838,39.53804],[-2.15789,39.53752],[-2.15887,39.53757],[-2.15991,39.53797],[-2.16076,39.53789],[-2.16103,39.53763],[-2.16116,39.53678],[-2.16146,39.53646],[-2.16244,39.53595],[-2.16378,39.53496],[-2.16543,39.53437],[-2.16651,39.53333],[-2.16748,39.5328],[-2.16973,39.53094],[-2.17123,39.53053],[-2.17147,39.53004],[-2.17234,39.52913],[-2.17349,39.52831],[-2.17391,39.52828],[-2.17411,39.52848],[-2.17403,39.52861]]]}},{"type":"Feature","id":"3-0","properties":{"NomSistExp":"Júcar","Subsistema":"Escalona - Sellent","Superf km2":2542.15,"Area km2":2542.15,"id":"3-0"},"geometry":{"type":"Polygon","coordinates":[[[-0.96663,38.80107],[-0.96996,38.80049],[-0.97188,38.79924],[-0.97518,38.7992],[-0.97684,38.79819],[-0.97828,38.79649],[-0.97943,38.79609],[-0.9812,38.79569],[-0.98201,38.79613],[-0.98275,38.79619],[-0.98509,38.79579],[-0.98771,38.79582],[-0.98814,38.79593],[-0.98905,38.79686],[-0.99014,38.79744],[-0.99018,38.79776],[-0.99068,38.79858],[-0.99065,38.79934],[-0.99037,38.79969],[-0.99076,38.79991],[-0.99169,38.79995],[-0.99208,38.80017],[-0.99244,38.80078],[-0.9931,38.80139],[-0.99359,38.80243],[-0.99458,38.80323],[-0.99518,38.80344],[-0.99768,38.80211],[-0.99885,38.80179],[-1.00254,38.8002],[-1.00569,38.80005],[-1.00839,38.79794],[-1.01024,38.79532],[-1.01138,38.79579],[-1.01204,38.79665],[-1.01302,38.79684],[-1.01388,38.79677],[-1.01584,38.79764],[-1.01764,38.79726],[-1.01942,38.79784],[-1.02054,38.79846],[-1.02178,38.79858],[-1.02183,38.79897],[-1.02213,38.79927],[-1.02413,38.80019],[-1.02531,38.80056],[-1.02574,38.80097],[-1.02621,38.801],[-1.02649,38.80121],[-1.0278,38.80123],[-1.02998,38.79964],[-1.03188,38.7994],[-1.03293,38.79894],[-1.03575,38.79573],[-1.03706,38.79479],[-1.03704,38.79401],[-1.03745,38.79329],[-1.0407,38.7924],[-1.03927,38.79057],[-1.03932,38.78945],[-1.03973,38.78793],[-1.03985,38.7863],[-1.03972,38.78444],[-1.03922,38.78296],[-1.03784,38.78051],[-1.03786,38.77918],[-1.03816,38.77768],[-1.03924,38.77747],[-1.04113,38.77626],[-1.04265,38.7762],[-1.04319,38.77526],[-1.04355,38.77493],[-1.04499,38.77434],[-1.04624,38.77421],[-1.04709,38.77375],[-1.04726,38.77323],[-1.04742,38.77316],[-1.05221,38.77331],[-1.05332,38.77319],[-1.0545,38.7727],[-1.05519,38.77259],[-1.05632,38.77306],[-1.0575,38.77311],[-1.0594,38.77272],[-1.06336,38.77252],[-1.06576,38.77188],[-1.06874,38.77232],[-1.06915,38.77276],[-1.06947,38.77285],[-1.07126,38.7731],[-1.07206,38.77293],[-1.07296,38.77297],[-1.07442,38.77403],[-1.07609,38.77415],[-1.07774,38.77484],[-1.07884,38.77491],[-1.07924,38.7751],[-1.08175,38.77705],[-1.08411,38.77779],[-1.0852,38.77791],[-1.08619,38.77821],[-1.08883,38.78034],[-1.08977,38.78074],[-1.09002,38.78122],[-1.09111,38.78216],[-1.09379,38.78236],[-1.09428,38.78287],[-1.09464,38.78289],[-1.09506,38.78331],[-1.09569,38.78439],[-1.09633,38.78455],[-1.09699,38.78425],[-1.09846,38.78298],[-1.10169,38.78081],[-1.10474,38.77944],[-1.10709,38.77883],[-1.10869,38.77935],[-1.11095,38.77918],[-1.1109,38.78061],[-1.11065,38.78119],[-1.11055,38.78249],[-1.11034,38.78297],[-1.11048,38.7839],[-1.114,38.78329],[-1.11713,38.78382],[-1.11725,38.78438],[-1.11819,38.78531],[-1.11831,38.78615],[-1.11865,38.78664],[-1.11942,38.78657],[-1.12082,38.787],[-1.12487,38.78701],[-1.12709,38.78762],[-1.12796,38.78821],[-1.1316,38.78861],[-1.13322,38.78898],[-1.13485,38.78905],[-1.13563,38.78933],[-1.1378,38.7908],[-1.13896,38.79094],[-1.13931,38.79114],[-1.14022,38.79181],[-1.13969,38.79291],[-1.13963,38.79373],[-1.13988,38.79488],[-1.13988,38.79648],[-1.14015,38.79769],[-1.14073,38.79919],[-1.14104,38.79963],[-1.14139,38.79972],[-1.14323,38.79953],[-1.14425,38.79975],[-1.14536,38.79974],[-1.1474,38.7991],[-1.1489,38.79831],[-1.15319,38.79765],[-1.15404,38.7977],[-1.1547,38.79797],[-1.15549,38.79862],[-1.15571,38.7992],[-1.15606,38.79946],[-1.15947,38.79951],[-1.16028,38.79877],[-1.16151,38.79809],[-1.16238,38.79796],[-1.16298,38.79767],[-1.16336,38.79771],[-1.16399,38.79741],[-1.16563,38.7973],[-1.16569,38.79707],[-1.16547,38.79682],[-1.16442,38.7961],[-1.16424,38.79566],[-1.16359,38.79503],[-1.16354,38.79463],[-1.16389,38.79406],[-1.16483,38.79313],[-1.16517,38.79294],[-1.16611,38.79279],[-1.16713,38.79187],[-1.16809,38.79172],[-1.16903,38.79118],[-1.17029,38.79139],[-1.17185,38.79134],[-1.17299,38.79089],[-1.17335,38.79039],[-1.17352,38.78976],[-1.17389,38.78974],[-1.17419,38.78949],[-1.17526,38.78938],[-1.17601,38.78903],[-1.17759,38.78898],[-1.1797,38.78831],[-1.18207,38.78656],[-1.1828,38.7856],[-1.18353,38.7857],[-1.1849,38.78553],[-1.18613,38.78568],[-1.18805,38.78454],[-1.18906,38.78436],[-1.19038,38.78343],[-1.19115,38.78337],[-1.19164,38.78352],[-1.19211,38.78449],[-1.19316,38.78534],[-1.19483,38.78524],[-1.19666,38.78554],[-1.19778,38.78633],[-1.19931,38.78673],[-1.20135,38.78769],[-1.2019,38.78817],[-1.20259,38.78956],[-1.20352,38.79085],[-1.20364,38.792],[-1.20425,38.79295],[-1.20547,38.79314],[-1.20772,38.79463],[-1.21004,38.79455],[-1.21333,38.79694],[-1.21455,38.79743],[-1.21635,38.79784],[-1.21767,38.79891],[-1.21816,38.79972],[-1.21927,38.80065],[-1.2214,38.80192],[-1.22464,38.80456],[-1.22564,38.80514],[-1.22772,38.80682],[-1.22914,38.80691],[-1.23033,38.80632],[-1.23164,38.80703],[-1.23232,38.80806],[-1.23866,38.81324],[-1.23901,38.81421],[-1.239,38.81828],[-1.23994,38.81956],[-1.24043,38.82082],[-1.24186,38.82203],[-1.24489,38.82512],[-1.25048,38.82526],[-1.25317,38.82442],[-1.25452,38.82446],[-1.25543,38.82488],[-1.25634,38.82489],[-1.25948,38.82409],[-1.26193,38.82406],[-1.26288,38.82381],[-1.26441,38.82304],[-1.26742,38.82301],[-1.26894,38.82222],[-1.27148,38.82217],[-1.27258,38.82137],[-1.27449,38.82191],[-1.27601,38.82336],[-1.27839,38.82475],[-1.27946,38.82476],[-1.28058,38.8238],[-1.28163,38.82358],[-1.28286,38.82453],[-1.28358,38.82472],[-1.28469,38.82543],[-1.28541,38.82681],[-1.28629,38.82777],[-1.28715,38.82822],[-1.28861,38.82859],[-1.28971,38.82918],[-1.2904,38.82924],[-1.29268,38.82897],[-1.29351,38.82819],[-1.29475,38.82767],[-1.29566,38.82702],[-1.29639,38.82601],[-1.29824,38.82499],[-1.30196,38.82181],[-1.30384,38.82104],[-1.3049,38.8203],[-1.30529,38.8203],[-1.30631,38.82108],[-1.30726,38.82138],[-1.3096,38.8214],[-1.31083,38.82099],[-1.31306,38.82125],[-1.31497,38.82126],[-1.31623,38.82108],[-1.31879,38.82207],[-1.32066,38.82353],[-1.32212,38.82368],[-1.32392,38.82417],[-1.32442,38.82475],[-1.32509,38.82513],[-1.32554,38.82561],[-1.32672,38.82604],[-1.32698,38.82659],[-1.32829,38.82789],[-1.32929,38.82809],[-1.33126,38.82934],[-1.33221,38.8296],[-1.33377,38.82971],[-1.33434,38.83025],[-1.335,38.83042],[-1.33583,38.8309],[-1.3364,38.83167],[-1.33815,38.83247],[-1.33872,38.83323],[-1.3388,38.83425],[-1.339,38.83475],[-1.33873,38.83572],[-1.33872,38.83673],[-1.33934,38.83756],[-1.33999,38.83777],[-1.34174,38.83724],[-1.34267,38.83731],[-1.3435,38.83781],[-1.34421,38.83918],[-1.34532,38.84056],[-1.3462,38.84063],[-1.34701,38.84047],[-1.34784,38.8407],[-1.34844,38.84153],[-1.34891,38.84178],[-1.35021,38.84178],[-1.35173,38.84098],[-1.35225,38.84099],[-1.35268,38.84127],[-1.35371,38.8425],[-1.3516,38.84396],[-1.35112,38.84462],[-1.35048,38.84512],[-1.34932,38.84579],[-1.34859,38.84596],[-1.34806,38.84637],[-1.34806,38.84667],[-1.34875,38.84738],[-1.34825,38.84822],[-1.34867,38.84915],[-1.34764,38.84988],[-1.34736,38.8508],[-1.34779,38.85153],[-1.34748,38.85269],[-1.34716,38.8532],[-1.34657,38.85365],[-1.34532,38.85414],[-1.34451,38.85409],[-1.34266,38.85346],[-1.34093,38.85351],[-1.33986,38.85433],[-1.33961,38.85489],[-1.33903,38.85556],[-1.33775,38.85636],[-1.33707,38.85916],[-1.3372,38.85938],[-1.33847,38.85948],[-1.3389,38.85971],[-1.33924,38.86028],[-1.33938,38.86097],[-1.3406,38.86204],[-1.34105,38.86303],[-1.34225,38.86389],[-1.3427,38.86459],[-1.34397,38.86503],[-1.34416,38.86622],[-1.34502,38.86711],[-1.34595,38.86774],[-1.34599,38.86814],[-1.34573,38.86889],[-1.34578,38.87008],[-1.3466,38.87123],[-1.34744,38.87186],[-1.34813,38.87212],[-1.34746,38.87272],[-1.34685,38.87361],[-1.34678,38.87471],[-1.34832,38.87607],[-1.34836,38.87636],[-1.34769,38.87666],[-1.34679,38.87677],[-1.34457,38.87771],[-1.34356,38.87758],[-1.34244,38.87783],[-1.3413,38.87843],[-1.33978,38.87957],[-1.33931,38.88034],[-1.33873,38.88079],[-1.33475,38.88106],[-1.33381,38.88162],[-1.33264,38.88205],[-1.33138,38.88218],[-1.33077,38.88267],[-1.33064,38.88392],[-1.33037,38.88426],[-1.32883,38.88492],[-1.32751,38.88508],[-1.32696,38.88572],[-1.32686,38.88616],[-1.32691,38.88658],[-1.32713,38.88674],[-1.32907,38.88688],[-1.33034,38.88784],[-1.33111,38.88807],[-1.33261,38.88923],[-1.3336,38.88975],[-1.33517,38.88985],[-1.33684,38.89048],[-1.34158,38.89118],[-1.34281,38.89065],[-1.34368,38.89068],[-1.34444,38.89123],[-1.3457,38.89182],[-1.3491,38.89457],[-1.35007,38.89561],[-1.3513,38.89626],[-1.34987,38.89716],[-1.34855,38.89754],[-1.34731,38.89914],[-1.34548,38.90025],[-1.34016,38.90027],[-1.33809,38.9009],[-1.3316,38.90076],[-1.33062,38.90046],[-1.32935,38.89949],[-1.32842,38.89909],[-1.32765,38.89835],[-1.32624,38.89804],[-1.3236,38.89794],[-1.32267,38.89719],[-1.32075,38.89879],[-1.31972,38.89934],[-1.31708,38.90133],[-1.31606,38.90234],[-1.31565,38.90255],[-1.31464,38.90262],[-1.31427,38.9028],[-1.31388,38.90388],[-1.31272,38.90422],[-1.31157,38.90498],[-1.31038,38.90531],[-1.30923,38.90615],[-1.30917,38.90686],[-1.3101,38.90714],[-1.31002,38.90751],[-1.31015,38.90793],[-1.31,38.90843],[-1.31039,38.90891],[-1.3104,38.90915],[-1.3085,38.90998],[-1.30821,38.91029],[-1.308,38.91118],[-1.30678,38.91206],[-1.30793,38.912],[-1.30934,38.91302],[-1.31034,38.91322],[-1.3111,38.91383],[-1.31219,38.91506],[-1.31261,38.91479],[-1.31371,38.91496],[-1.3148,38.91481],[-1.31578,38.9151],[-1.31732,38.9163],[-1.31955,38.91644],[-1.32001,38.91679],[-1.32058,38.91694],[-1.32171,38.91808],[-1.32215,38.91952],[-1.32288,38.92047],[-1.32537,38.92085],[-1.32629,38.9212],[-1.32732,38.92124],[-1.32972,38.92076],[-1.33079,38.92024],[-1.33173,38.92],[-1.33348,38.91997],[-1.33404,38.92008],[-1.33488,38.92084],[-1.3357,38.92075],[-1.33689,38.92115],[-1.3398,38.9212],[-1.34117,38.92094],[-1.34269,38.92015],[-1.34513,38.92017],[-1.34787,38.92138],[-1.34942,38.92258],[-1.35125,38.92357],[-1.35695,38.92508],[-1.36325,38.93016],[-1.36421,38.93224],[-1.36575,38.93381],[-1.3659,38.93449],[-1.36659,38.93539],[-1.36703,38.9366],[-1.36818,38.93846],[-1.36899,38.93911],[-1.36995,38.93949],[-1.37114,38.94022],[-1.37253,38.94131],[-1.37315,38.94202],[-1.37397,38.94229],[-1.37559,38.94358],[-1.37571,38.94408],[-1.37567,38.94718],[-1.37699,38.94866],[-1.37701,38.95094],[-1.37732,38.95178],[-1.37795,38.95257],[-1.37914,38.95359],[-1.37936,38.95438],[-1.38195,38.95657],[-1.38147,38.95752],[-1.38145,38.95858],[-1.38163,38.95929],[-1.38118,38.95999],[-1.381,38.9609],[-1.37997,38.96225],[-1.38025,38.96337],[-1.38063,38.96384],[-1.38205,38.96423],[-1.38256,38.96518],[-1.38339,38.96566],[-1.38664,38.96631],[-1.38935,38.96796],[-1.39032,38.96834],[-1.39045,38.96875],[-1.39038,38.96968],[-1.38989,38.97024],[-1.38954,38.97119],[-1.3903,38.97227],[-1.39039,38.97358],[-1.39095,38.97516],[-1.39137,38.97571],[-1.39125,38.97593],[-1.39039,38.97629],[-1.38973,38.97722],[-1.38956,38.97943],[-1.3888,38.98036],[-1.38773,38.9824],[-1.38687,38.98308],[-1.38584,38.98362],[-1.38452,38.98485],[-1.38296,38.98588],[-1.38268,38.98664],[-1.38119,38.98781],[-1.3798,38.98929],[-1.37794,38.9907],[-1.37736,38.99135],[-1.37742,38.99151],[-1.38172,38.99162],[-1.38288,38.99142],[-1.38428,38.99143],[-1.38633,38.99231],[-1.3876,38.99238],[-1.38916,38.99188],[-1.38945,38.99134],[-1.38989,38.99109],[-1.3921,38.99213],[-1.39356,38.99179],[-1.39706,38.99181],[-1.39797,38.99144],[-1.39945,38.99186],[-1.40256,38.99166],[-1.40396,38.99107],[-1.40639,38.99071],[-1.40639,38.99106],[-1.40667,38.99106],[-1.40751,38.99065],[-1.4087,38.99086],[-1.41136,38.9909],[-1.41314,38.99065],[-1.4162,38.98946],[-1.41626,38.98877],[-1.41652,38.98868],[-1.41657,38.98834],[-1.41683,38.98817],[-1.41686,38.98714],[-1.41823,38.98715],[-1.41987,38.98691],[-1.42318,38.9856],[-1.42521,38.98357],[-1.42543,38.98283],[-1.4261,38.98223],[-1.42642,38.9817],[-1.42777,38.98161],[-1.42844,38.98106],[-1.42929,38.98082],[-1.43136,38.98058],[-1.43332,38.98147],[-1.43567,38.9817],[-1.43671,38.9813],[-1.4379,38.97984],[-1.43878,38.97973],[-1.44174,38.97885],[-1.44159,38.97803],[-1.44203,38.97714],[-1.44323,38.97681],[-1.44378,38.97611],[-1.44499,38.97539],[-1.44578,38.97516],[-1.44683,38.97526],[-1.44819,38.97417],[-1.44858,38.97362],[-1.44969,38.9734],[-1.4527,38.97407],[-1.45364,38.97384],[-1.45409,38.97345],[-1.45444,38.97386],[-1.45488,38.97394],[-1.45553,38.97437],[-1.45572,38.97467],[-1.45573,38.97687],[-1.45468,38.97804],[-1.4545,38.97895],[-1.45418,38.97947],[-1.45289,38.98049],[-1.45268,38.98192],[-1.45167,38.98317],[-1.45118,38.98415],[-1.44985,38.98546],[-1.44921,38.98659],[-1.4492,38.98924],[-1.4499,38.98991],[-1.45074,38.99106],[-1.45093,38.99158],[-1.45185,38.99267],[-1.45195,38.99302],[-1.45234,38.993],[-1.45247,38.99274],[-1.45226,38.9918],[-1.45241,38.99064],[-1.45384,38.99051],[-1.45507,38.98995],[-1.45792,38.98945],[-1.45878,38.98891],[-1.45941,38.98873],[-1.45984,38.9882],[-1.46111,38.98823],[-1.4626,38.98906],[-1.46427,38.98918],[-1.46643,38.98984],[-1.46739,38.98922],[-1.46836,38.98914],[-1.46885,38.98876],[-1.47023,38.98876],[-1.47021,38.99103],[-1.47098,38.99239],[-1.47072,38.99344],[-1.47118,38.99425],[-1.47122,38.99466],[-1.47017,38.99559],[-1.46964,38.99638],[-1.46842,38.99692],[-1.46823,38.9976],[-1.46778,38.9981],[-1.46741,38.99908],[-1.46655,38.99961],[-1.4659,39.00054],[-1.46406,39.00087],[-1.46264,39.00165],[-1.46137,39.002],[-1.4606,39.00251],[-1.45973,39.00244],[-1.45943,39.00296],[-1.45907,39.0032],[-1.45753,39.00281],[-1.45576,39.00273],[-1.4548,39.00237],[-1.45414,39.00257],[-1.45355,39.00302],[-1.45274,39.00402],[-1.45228,39.00429],[-1.4519,39.0055],[-1.45145,39.00599],[-1.45127,39.00668],[-1.45096,39.00692],[-1.4502,39.00696],[-1.4502,39.00719],[-1.44969,39.00736],[-1.44786,39.00741],[-1.44682,39.00767],[-1.44586,39.00835],[-1.44536,39.00908],[-1.44429,39.00893],[-1.44187,39.00918],[-1.43965,39.01105],[-1.43854,39.01147],[-1.43825,39.01199],[-1.43669,39.01224],[-1.43605,39.01258],[-1.43399,39.01313],[-1.43292,39.01364],[-1.43118,39.01417],[-1.43002,39.01497],[-1.42943,39.01518],[-1.42787,39.01502],[-1.42649,39.01541],[-1.42559,39.01521],[-1.4242,39.01522],[-1.42239,39.01591],[-1.42131,39.01664],[-1.42033,39.017],[-1.41946,39.01776],[-1.4181,39.01804],[-1.41634,39.01905],[-1.41248,39.0196],[-1.40984,39.02159],[-1.40967,39.02328],[-1.40941,39.02376],[-1.40844,39.02331],[-1.40614,39.02304],[-1.40449,39.02305],[-1.40257,39.02351],[-1.40139,39.0244],[-1.40061,39.02597],[-1.39991,39.02641],[-1.39931,39.0273],[-1.3988,39.02872],[-1.39802,39.02924],[-1.39771,39.03035],[-1.39787,39.03142],[-1.39602,39.03257],[-1.3922,39.03294],[-1.39107,39.03274],[-1.3899,39.03275],[-1.38929,39.03295],[-1.38882,39.03271],[-1.38723,39.03274],[-1.38662,39.03348],[-1.38553,39.0339],[-1.38409,39.03495],[-1.38371,39.03557],[-1.38311,39.03536],[-1.38168,39.03529],[-1.38032,39.03489],[-1.37932,39.03527],[-1.37783,39.03523],[-1.37694,39.03477],[-1.3754,39.0332],[-1.37437,39.033],[-1.37384,39.033],[-1.3726,39.03346],[-1.372,39.0339],[-1.37161,39.03473],[-1.37132,39.03472],[-1.36976,39.03575],[-1.36849,39.0361],[-1.36737,39.03695],[-1.36686,39.03776],[-1.36497,39.03853],[-1.36435,39.03895],[-1.36403,39.03934],[-1.36392,39.04034],[-1.36365,39.0406],[-1.36182,39.04072],[-1.36078,39.04111],[-1.36003,39.04264],[-1.35865,39.0439],[-1.35679,39.04499],[-1.35593,39.04614],[-1.35478,39.04681],[-1.35336,39.04686],[-1.35283,39.04628],[-1.35164,39.04555],[-1.35089,39.04528],[-1.35007,39.04526],[-1.34922,39.04562],[-1.34829,39.04577],[-1.34702,39.04666],[-1.34634,39.04687],[-1.3458,39.04758],[-1.34375,39.0479],[-1.34339,39.04808],[-1.34304,39.04842],[-1.34272,39.04917],[-1.34281,39.05021],[-1.34191,39.0504],[-1.34151,39.05095],[-1.34146,39.05196],[-1.34169,39.05257],[-1.34172,39.05323],[-1.34039,39.05299],[-1.33834,39.05302],[-1.33776,39.05324],[-1.33669,39.05398],[-1.33597,39.05416],[-1.33542,39.05465],[-1.3331,39.05521],[-1.33049,39.05686],[-1.32736,39.0576],[-1.32702,39.05832],[-1.32531,39.05818],[-1.32434,39.05845],[-1.32401,39.05873],[-1.32368,39.05951],[-1.32365,39.05909],[-1.32339,39.059],[-1.32339,39.0586],[-1.32243,39.05853],[-1.32178,39.05817],[-1.32001,39.05811],[-1.31881,39.05841],[-1.31802,39.05899],[-1.31768,39.05949],[-1.3175,39.0604],[-1.31699,39.06127],[-1.31692,39.06408],[-1.3174,39.06524],[-1.31744,39.06572],[-1.31697,39.0657],[-1.31669,39.06549],[-1.31516,39.06544],[-1.31463,39.06518],[-1.31337,39.06325],[-1.31158,39.06194],[-1.31072,39.06104],[-1.31057,39.06013],[-1.30999,39.05937],[-1.30829,39.05799],[-1.30757,39.05774],[-1.30595,39.05794],[-1.30461,39.05878],[-1.30503,39.05797],[-1.30587,39.05727],[-1.30678,39.05695],[-1.30695,39.05672],[-1.30702,39.05513],[-1.3073,39.05423],[-1.30706,39.05349],[-1.30707,39.05113],[-1.30655,39.05002],[-1.30303,39.05039],[-1.30161,39.04938],[-1.30004,39.04872],[-1.29931,39.04821],[-1.29828,39.04832],[-1.29569,39.04822],[-1.29521,39.04801],[-1.29506,39.04777],[-1.29505,39.04535],[-1.29471,39.04594],[-1.29368,39.04681],[-1.29356,39.04864],[-1.29321,39.04947],[-1.29248,39.05011],[-1.29172,39.05124],[-1.29105,39.05163],[-1.29081,39.05211],[-1.2904,39.05242],[-1.29023,39.05302],[-1.28945,39.05395],[-1.28886,39.05507],[-1.28879,39.0562],[-1.28929,39.05689],[-1.28934,39.05747],[-1.28926,39.05796],[-1.28872,39.05892],[-1.28872,39.05961],[-1.2889,39.06016],[-1.28869,39.06071],[-1.28854,39.0629],[-1.28728,39.0635],[-1.28646,39.06429],[-1.28413,39.06503],[-1.28404,39.06529],[-1.28421,39.06583],[-1.28416,39.0666],[-1.28371,39.06712],[-1.28353,39.06779],[-1.2833,39.06801],[-1.28224,39.06822],[-1.28136,39.06875],[-1.27978,39.0688],[-1.27933,39.069],[-1.27695,39.07105],[-1.27662,39.07156],[-1.27648,39.07242],[-1.27609,39.07319],[-1.27408,39.07424],[-1.27222,39.07467],[-1.27217,39.0755],[-1.27287,39.07663],[-1.27329,39.07801],[-1.27376,39.07888],[-1.27371,39.07958],[-1.27318,39.08044],[-1.27313,39.08228],[-1.27402,39.08306],[-1.27454,39.08311],[-1.27504,39.08393],[-1.27561,39.08567],[-1.27533,39.08665],[-1.27544,39.08715],[-1.27871,39.09016],[-1.27922,39.09016],[-1.27941,39.08994],[-1.28023,39.09001],[-1.28232,39.09107],[-1.28435,39.09189],[-1.28539,39.09266],[-1.28742,39.09304],[-1.28835,39.09341],[-1.28932,39.09347],[-1.28892,39.09381],[-1.28819,39.09378],[-1.28765,39.09441],[-1.28725,39.09583],[-1.28717,39.09766],[-1.28662,39.09844],[-1.28663,39.09915],[-1.28718,39.10029],[-1.28764,39.1008],[-1.28768,39.10155],[-1.28814,39.10158],[-1.28842,39.10178],[-1.28933,39.10183],[-1.29014,39.10239],[-1.29078,39.1023],[-1.29225,39.10252],[-1.29333,39.1024],[-1.29529,39.10261],[-1.2963,39.10344],[-1.29656,39.10422],[-1.29658,39.10673],[-1.29898,39.109],[-1.29956,39.10998],[-1.29968,39.1106],[-1.30012,39.11117],[-1.29993,39.1119],[-1.30012,39.11247],[-1.30013,39.11406],[-1.30037,39.11489],[-1.30023,39.1215],[-1.30132,39.12275],[-1.30131,39.12332],[-1.30103,39.12405],[-1.30099,39.12624],[-1.30146,39.12787],[-1.30153,39.1291],[-1.3025,39.13068],[-1.30264,39.13137],[-1.3031,39.13217],[-1.30313,39.13347],[-1.30336,39.13414],[-1.30335,39.13619],[-1.30411,39.13752],[-1.30436,39.13893],[-1.30412,39.13963],[-1.3041,39.14146],[-1.3051,39.14243],[-1.30529,39.14295],[-1.30584,39.14365],[-1.30802,39.14555],[-1.30931,39.14531],[-1.31018,39.14476],[-1.31411,39.14496],[-1.31478,39.14475],[-1.3173,39.14479],[-1.31979,39.14534],[-1.32206,39.14635],[-1.32507,39.1456],[-1.32674,39.14558],[-1.32894,39.14536],[-1.32942,39.14518],[-1.33103,39.14521],[-1.33162,39.14543],[-1.33425,39.14485],[-1.337,39.14459],[-1.3381,39.14422],[-1.33877,39.1442],[-1.33951,39.14501],[-1.3396,39.14632],[-1.34017,39.14775],[-1.34071,39.14845],[-1.34329,39.15027],[-1.34627,39.15113],[-1.34726,39.15186],[-1.34798,39.15205],[-1.34827,39.15228],[-1.34895,39.15478],[-1.34999,39.1556],[-1.34972,39.15674],[-1.34992,39.15745],[-1.34967,39.15831],[-1.35053,39.1581],[-1.35184,39.15832],[-1.35326,39.15818],[-1.35392,39.15844],[-1.35446,39.159],[-1.35686,39.15999],[-1.3568,39.16047],[-1.35651,39.16099],[-1.35541,39.16212],[-1.35506,39.16288],[-1.3551,39.16343],[-1.3556,39.1647],[-1.35648,39.16529],[-1.35907,39.16546],[-1.36068,39.1662],[-1.36153,39.16688],[-1.36199,39.16788],[-1.36257,39.16833],[-1.36402,39.16737],[-1.36556,39.16672],[-1.36719,39.1675],[-1.36843,39.16764],[-1.36876,39.16788],[-1.36921,39.16869],[-1.37053,39.16959],[-1.3718,39.16961],[-1.3732,39.16903],[-1.37524,39.16947],[-1.3765,39.16928],[-1.3773,39.16933],[-1.37821,39.16994],[-1.37973,39.17033],[-1.38049,39.17094],[-1.3813,39.17196],[-1.38191,39.17225],[-1.38259,39.17249],[-1.38341,39.17251],[-1.38484,39.17191],[-1.38563,39.17192],[-1.38699,39.17292],[-1.38888,39.174],[-1.38941,39.17503],[-1.39242,39.17538],[-1.39421,39.17589],[-1.3948,39.17693],[-1.3962,39.1775],[-1.39653,39.178],[-1.3972,39.17834],[-1.39716,39.18187],[-1.39728,39.18238],[-1.39902,39.18365],[-1.39926,39.18413],[-1.40044,39.18473],[-1.40119,39.18578],[-1.40359,39.18708],[-1.40411,39.18787],[-1.40587,39.18935],[-1.4065,39.19069],[-1.40648,39.19126],[-1.40619,39.19208],[-1.40629,39.19325],[-1.40766,39.19331],[-1.40845,39.19305],[-1.40867,39.19284],[-1.40862,39.19256],[-1.4089,39.19164],[-1.40956,39.19118],[-1.41095,39.19142],[-1.41188,39.19201],[-1.41353,39.1923],[-1.41646,39.19163],[-1.41884,39.19085],[-1.42071,39.19087],[-1.4209,39.19099],[-1.4211,39.19163],[-1.42231,39.19184],[-1.42341,39.1927],[-1.42417,39.19486],[-1.42589,39.19644],[-1.42661,39.19687],[-1.42708,39.1976],[-1.42739,39.19761],[-1.42876,39.19687],[-1.43075,39.19618],[-1.43146,39.19668],[-1.43161,39.19737],[-1.43191,39.19767],[-1.43265,39.19794],[-1.43397,39.19803],[-1.4346,39.19831],[-1.43497,39.19896],[-1.43497,39.2014],[-1.43573,39.20221],[-1.43566,39.20288],[-1.43471,39.20318],[-1.4332,39.20276],[-1.43171,39.20314],[-1.42967,39.2031],[-1.42874,39.20293],[-1.42783,39.20347],[-1.42725,39.20353],[-1.4261,39.20323],[-1.42575,39.20289],[-1.42519,39.20266],[-1.4246,39.20273],[-1.42323,39.20251],[-1.4223,39.20193],[-1.42041,39.20189],[-1.41939,39.20239],[-1.41916,39.20313],[-1.41878,39.20358],[-1.41555,39.20301],[-1.41503,39.20323],[-1.41454,39.20375],[-1.41304,39.20461],[-1.41152,39.20499],[-1.41097,39.20555],[-1.40983,39.20615],[-1.40787,39.20623],[-1.40632,39.20654],[-1.40564,39.20626],[-1.40371,39.20787],[-1.40217,39.20855],[-1.39955,39.20919],[-1.39721,39.20913],[-1.39545,39.20765],[-1.39203,39.20864],[-1.39143,39.20868],[-1.38704,39.20752],[-1.38352,39.20746],[-1.38153,39.20865],[-1.38043,39.2096],[-1.37701,39.20988],[-1.37579,39.21045],[-1.37423,39.21089],[-1.37188,39.21087],[-1.37069,39.21067],[-1.36406,39.21209],[-1.36103,39.21209],[-1.35938,39.21232],[-1.35804,39.21279],[-1.3572,39.21333],[-1.35609,39.21365],[-1.35513,39.2142],[-1.35354,39.21426],[-1.35286,39.21458],[-1.35099,39.21482],[-1.34975,39.21442],[-1.34794,39.21464],[-1.34727,39.21488],[-1.34617,39.21569],[-1.34565,39.2159],[-1.34427,39.21568],[-1.34109,39.21563],[-1.33677,39.21619],[-1.33611,39.21606],[-1.33447,39.21618],[-1.3337,39.216],[-1.33293,39.21614],[-1.3313,39.21593],[-1.32947,39.21614],[-1.32865,39.21592],[-1.32766,39.21589],[-1.32458,39.21649],[-1.32329,39.21655],[-1.32244,39.21692],[-1.32149,39.21679],[-1.31837,39.21687],[-1.31686,39.21649],[-1.31414,39.21701],[-1.31045,39.21743],[-1.30671,39.21694],[-1.30388,39.2169],[-1.30032,39.21793],[-1.29792,39.21811],[-1.29712,39.21795],[-1.29616,39.21802],[-1.29567,39.21761],[-1.29522,39.21661],[-1.29468,39.21632],[-1.29242,39.21651],[-1.29069,39.21626],[-1.28808,39.21622],[-1.28593,39.21655],[-1.28483,39.21618],[-1.28258,39.21614],[-1.28085,39.21653],[-1.27956,39.21659],[-1.27797,39.21715],[-1.27651,39.21672],[-1.27534,39.21693],[-1.27385,39.21693],[-1.2726,39.21716],[-1.27137,39.21772],[-1.27027,39.21781],[-1.26904,39.21836],[-1.26766,39.21818],[-1.26601,39.2184],[-1.2651,39.21915],[-1.26457,39.21925],[-1.2632,39.21916],[-1.26257,39.21889],[-1.26178,39.21814],[-1.26056,39.21786],[-1.26007,39.21792],[-1.25953,39.21863],[-1.2589,39.21889],[-1.25606,39.2184],[-1.25531,39.21806],[-1.25486,39.21735],[-1.25412,39.21707],[-1.24934,39.21766],[-1.24775,39.21746],[-1.24614,39.21814],[-1.24498,39.2189],[-1.24165,39.21916],[-1.23978,39.21976],[-1.23913,39.21949],[-1.23834,39.21868],[-1.23659,39.21919],[-1.23515,39.2184],[-1.23088,39.21802],[-1.22758,39.21692],[-1.2246,39.21726],[-1.22414,39.21701],[-1.2236,39.21643],[-1.22165,39.21653],[-1.21949,39.21563],[-1.21713,39.21563],[-1.21459,39.21621],[-1.21253,39.21579],[-1.20932,39.21545],[-1.20702,39.21502],[-1.20046,39.21465],[-1.19548,39.21392],[-1.1951,39.2149],[-1.19463,39.21561],[-1.19447,39.21692],[-1.19375,39.21757],[-1.19341,39.21829],[-1.1936,39.21907],[-1.19355,39.22194],[-1.19388,39.2224],[-1.19489,39.22297],[-1.19535,39.22351],[-1.19658,39.22414],[-1.19714,39.2246],[-1.19714,39.2268],[-1.19652,39.22799],[-1.19484,39.23004],[-1.19438,39.23178],[-1.1939,39.2325],[-1.1938,39.23452],[-1.19404,39.23536],[-1.19399,39.23583],[-1.19246,39.2379],[-1.19175,39.23848],[-1.19139,39.23906],[-1.19136,39.23991],[-1.1916,39.24066],[-1.19128,39.2419],[-1.19127,39.24322],[-1.19152,39.24403],[-1.19142,39.24464],[-1.1897,39.24593],[-1.18859,39.24645],[-1.18812,39.24637],[-1.18792,39.24572],[-1.18764,39.24557],[-1.18433,39.24557],[-1.18347,39.24603],[-1.18232,39.24724],[-1.18081,39.24824],[-1.18045,39.24873],[-1.18009,39.25063],[-1.18166,39.25371],[-1.18166,39.25471],[-1.18131,39.25568],[-1.18063,39.25667],[-1.1795,39.2573],[-1.17813,39.25778],[-1.17891,39.2581],[-1.17979,39.25885],[-1.18009,39.25968],[-1.18012,39.26211],[-1.18048,39.26275],[-1.18138,39.26356],[-1.18133,39.26405],[-1.17983,39.26445],[-1.1792,39.26541],[-1.17751,39.26567],[-1.17599,39.26539],[-1.17578,39.26498],[-1.17322,39.26442],[-1.17239,39.26403],[-1.17062,39.26399],[-1.16896,39.26421],[-1.16725,39.26483],[-1.16645,39.26461],[-1.16429,39.26453],[-1.16361,39.26415],[-1.16261,39.26408],[-1.16151,39.26503],[-1.16074,39.26662],[-1.16001,39.26727],[-1.15953,39.26817],[-1.15885,39.26849],[-1.15814,39.26849],[-1.15515,39.26797],[-1.15313,39.26748],[-1.1525,39.26713],[-1.15112,39.26692],[-1.15051,39.26701],[-1.14975,39.26686],[-1.14881,39.267],[-1.14798,39.2668],[-1.14678,39.26677],[-1.14378,39.26716],[-1.14297,39.26701],[-1.14185,39.26796],[-1.13998,39.26852],[-1.13891,39.26926],[-1.13637,39.26933],[-1.13522,39.26972],[-1.13362,39.26926],[-1.13204,39.26945],[-1.13125,39.26885],[-1.1307,39.26794],[-1.13059,39.26687],[-1.13004,39.26658],[-1.129,39.26683],[-1.12676,39.26559],[-1.12508,39.26546],[-1.12185,39.26461],[-1.12076,39.26449],[-1.11829,39.2636],[-1.11713,39.26358],[-1.1166,39.26336],[-1.11431,39.26332],[-1.11251,39.26393],[-1.10995,39.26393],[-1.10785,39.2643],[-1.10613,39.26447],[-1.10564,39.26438],[-1.10375,39.26539],[-1.10327,39.26538],[-1.1016,39.26403],[-1.10085,39.26379],[-1.09997,39.26395],[-1.09949,39.26387],[-1.09795,39.26222],[-1.09561,39.26183],[-1.09474,39.2613],[-1.09448,39.26178],[-1.09389,39.26223],[-1.09121,39.26297],[-1.08978,39.26397],[-1.08918,39.26398],[-1.08787,39.26333],[-1.08657,39.26403],[-1.08643,39.26432],[-1.08662,39.26486],[-1.08657,39.26526],[-1.0857,39.26617],[-1.08488,39.26666],[-1.0842,39.26749],[-1.08378,39.2676],[-1.08341,39.26813],[-1.08336,39.26922],[-1.08308,39.26944],[-1.08303,39.27039],[-1.08276,39.27054],[-1.08277,39.27099],[-1.08382,39.27194],[-1.08412,39.2734],[-1.08248,39.27407],[-1.08157,39.27478],[-1.08105,39.27551],[-1.08012,39.27591],[-1.07986,39.27731],[-1.07848,39.27849],[-1.07849,39.27915],[-1.07904,39.28129],[-1.08035,39.28301],[-1.08033,39.28349],[-1.08007,39.28414],[-1.08008,39.28514],[-1.08039,39.28567],[-1.08116,39.2864],[-1.0802,39.28749],[-1.07954,39.28759],[-1.07914,39.28831],[-1.0796,39.28992],[-1.07975,39.29144],[-1.07957,39.29195],[-1.07957,39.29272],[-1.07987,39.29311],[-1.08123,39.29404],[-1.08127,39.29507],[-1.08189,39.29602],[-1.08253,39.29642],[-1.08309,39.29733],[-1.08315,39.29823],[-1.08263,39.29919],[-1.0827,39.29963],[-1.08208,39.2999],[-1.07979,39.30018],[-1.07906,39.30045],[-1.07854,39.30115],[-1.07913,39.3023],[-1.07766,39.302],[-1.0771,39.30292],[-1.07615,39.3033],[-1.07531,39.30393],[-1.07502,39.30468],[-1.07405,39.30505],[-1.07348,39.30583],[-1.07233,39.30619],[-1.07189,39.3072],[-1.07261,39.30771],[-1.07311,39.30847],[-1.07379,39.30846],[-1.07512,39.30944],[-1.076,39.30958],[-1.0764,39.30981],[-1.0772,39.31076],[-1.07738,39.31142],[-1.07778,39.31174],[-1.07777,39.3128],[-1.07711,39.31443],[-1.07647,39.31505],[-1.0766,39.31517],[-1.07658,39.31608],[-1.07614,39.31595],[-1.07561,39.31518],[-1.07499,39.31474],[-1.0734,39.31464],[-1.0719,39.31421],[-1.07072,39.31422],[-1.06841,39.31516],[-1.06778,39.31509],[-1.06717,39.31539],[-1.06645,39.31546],[-1.06542,39.31647],[-1.06443,39.31666],[-1.06336,39.31756],[-1.06149,39.31796],[-1.05927,39.31977],[-1.0576,39.31985],[-1.05637,39.32023],[-1.05402,39.32025],[-1.05305,39.32103],[-1.0512,39.32151],[-1.05079,39.32192],[-1.04982,39.32246],[-1.04963,39.3236],[-1.04873,39.32457],[-1.04723,39.32543],[-1.04575,39.32598],[-1.04516,39.32651],[-1.04367,39.32664],[-1.04365,39.3276],[-1.04348,39.32791],[-1.04303,39.32799],[-1.04214,39.32853],[-1.04146,39.32876],[-1.04073,39.32876],[-1.0377,39.32807],[-1.03544,39.32802],[-1.0344,39.32842],[-1.03146,39.32843],[-1.02952,39.32948],[-1.02936,39.32985],[-1.02967,39.33025],[-1.02932,39.3307],[-1.02939,39.33115],[-1.02838,39.33178],[-1.02774,39.33273],[-1.0276,39.3348],[-1.02702,39.33626],[-1.027,39.33703],[-1.02724,39.33793],[-1.02695,39.33882],[-1.0269,39.34033],[-1.02738,39.34125],[-1.02597,39.34226],[-1.02524,39.34232],[-1.02315,39.3432],[-1.02209,39.34437],[-1.02078,39.34519],[-1.01929,39.34647],[-1.01992,39.34741],[-1.02033,39.34879],[-1.02102,39.3499],[-1.02109,39.35028],[-1.02037,39.352],[-1.01976,39.35251],[-1.01924,39.35271],[-1.01824,39.3525],[-1.01674,39.35246],[-1.01581,39.35267],[-1.01441,39.35263],[-1.01364,39.35243],[-1.01192,39.35261],[-1.01117,39.35237],[-1.00972,39.35234],[-1.00966,39.35151],[-1.0072,39.34937],[-1.00656,39.34916],[-1.00534,39.34907],[-1.0049,39.3488],[-1.00465,39.34844],[-1.00452,39.34739],[-1.00178,39.34683],[-1.00069,39.34685],[-0.99896,39.34761],[-0.99777,39.34794],[-0.99691,39.34848],[-0.99494,39.34892],[-0.99374,39.34866],[-0.99276,39.34821],[-0.99268,39.348],[-0.99109,39.34771],[-0.99062,39.34731],[-0.99014,39.34727],[-0.99022,39.3459],[-0.99076,39.34521],[-0.9907,39.34488],[-0.99045,39.34463],[-0.98786,39.34258],[-0.98523,39.34242],[-0.98373,39.34123],[-0.98367,39.34054],[-0.9839,39.33993],[-0.98371,39.33936],[-0.98373,39.33776],[-0.98346,39.33685],[-0.98314,39.33658],[-0.98207,39.33656],[-0.98095,39.33676],[-0.98008,39.33646],[-0.97973,39.33606],[-0.97758,39.3362],[-0.97376,39.3352],[-0.97294,39.33464],[-0.97183,39.33452],[-0.96918,39.33367],[-0.96829,39.33354],[-0.96743,39.33307],[-0.96698,39.33208],[-0.96618,39.33114],[-0.96472,39.33046],[-0.96358,39.33017],[-0.96221,39.33012],[-0.96184,39.32994],[-0.961,39.33008],[-0.95991,39.32987],[-0.9588,39.32996],[-0.95769,39.32952],[-0.95664,39.32875],[-0.95568,39.32858],[-0.95377,39.32757],[-0.95311,39.32741],[-0.95138,39.32638],[-0.95064,39.32626],[-0.94854,39.32542],[-0.94658,39.32507],[-0.94592,39.32481],[-0.94493,39.32406],[-0.94412,39.32395],[-0.94413,39.3228],[-0.94376,39.32201],[-0.94198,39.32123],[-0.94091,39.32114],[-0.93874,39.3205],[-0.93724,39.32041],[-0.93495,39.31992],[-0.93423,39.31886],[-0.93251,39.31816],[-0.93142,39.31804],[-0.93076,39.31778],[-0.92928,39.31705],[-0.92709,39.31536],[-0.92565,39.31488],[-0.92343,39.31458],[-0.92148,39.31476],[-0.91884,39.31253],[-0.91729,39.31236],[-0.9159,39.31157],[-0.91344,39.31143],[-0.91125,39.31085],[-0.91036,39.3094],[-0.91058,39.30766],[-0.90979,39.30678],[-0.9087,39.30633],[-0.90824,39.30547],[-0.90871,39.30456],[-0.9088,39.30236],[-0.90872,39.30199],[-0.90812,39.30126],[-0.90689,39.30071],[-0.90608,39.29964],[-0.90496,39.29919],[-0.9026,39.29909],[-0.90106,39.29882],[-0.89781,39.29784],[-0.89752,39.29753],[-0.89662,39.2971],[-0.89638,39.29661],[-0.8942,39.29478],[-0.89297,39.2946],[-0.8927,39.29443],[-0.89244,39.29359],[-0.8918,39.29295],[-0.8917,39.2926],[-0.89123,39.29287],[-0.89022,39.29426],[-0.89032,39.29457],[-0.89128,39.29551],[-0.89149,39.29869],[-0.889,39.30254],[-0.88826,39.30304],[-0.88802,39.30444],[-0.88657,39.30572],[-0.88386,39.30637],[-0.88278,39.30647],[-0.88218,39.30722],[-0.87948,39.30779],[-0.87891,39.30855],[-0.87777,39.30917],[-0.87689,39.30936],[-0.87642,39.30922],[-0.87535,39.30996],[-0.87437,39.31093],[-0.8733,39.31034],[-0.87105,39.30997],[-0.87003,39.30955],[-0.86944,39.30874],[-0.86702,39.30751],[-0.86573,39.30766],[-0.86427,39.30761],[-0.86325,39.30722],[-0.86207,39.30708],[-0.86096,39.30651],[-0.85907,39.30661],[-0.85754,39.30635],[-0.85656,39.30593],[-0.85464,39.30546],[-0.8504,39.30584],[-0.84769,39.30626],[-0.84549,39.30774],[-0.84088,39.30833],[-0.83922,39.30826],[-0.8363,39.30694],[-0.834,39.30673],[-0.83236,39.30863],[-0.8306,39.30857],[-0.82921,39.30815],[-0.82792,39.30805],[-0.82681,39.30764],[-0.82484,39.30759],[-0.82326,39.3067],[-0.82149,39.3066],[-0.81931,39.30631],[-0.81883,39.30612],[-0.81879,39.30631],[-0.81839,39.30657],[-0.81579,39.30653],[-0.81464,39.30672],[-0.81299,39.30647],[-0.8103,39.30685],[-0.80801,39.30682],[-0.80593,39.30651],[-0.80519,39.30609],[-0.80334,39.30604],[-0.80202,39.30558],[-0.80148,39.30639],[-0.80129,39.30707],[-0.80041,39.30774],[-0.79916,39.30818],[-0.79748,39.30848],[-0.79707,39.30881],[-0.79611,39.30885],[-0.79477,39.30853],[-0.79374,39.30775],[-0.79242,39.30723],[-0.78911,39.30713],[-0.78806,39.3069],[-0.78679,39.30708],[-0.78487,39.30683],[-0.78486,39.30647],[-0.78434,39.30584],[-0.78433,39.30547],[-0.78371,39.30525],[-0.78221,39.30522],[-0.78139,39.30537],[-0.78079,39.3052],[-0.77942,39.30515],[-0.77936,39.30537],[-0.77601,39.30533],[-0.77401,39.30573],[-0.77329,39.30571],[-0.77111,39.30523],[-0.76666,39.30513],[-0.76641,39.30373],[-0.76652,39.30049],[-0.76681,39.29967],[-0.76685,39.29866],[-0.76649,39.29801],[-0.7652,39.29734],[-0.76467,39.29664],[-0.765,39.29556],[-0.76553,39.29484],[-0.76553,39.29428],[-0.76523,39.29352],[-0.76433,39.29228],[-0.76285,39.29125],[-0.76221,39.28996],[-0.76065,39.28943],[-0.76029,39.28918],[-0.75972,39.28767],[-0.75945,39.28584],[-0.76,39.28505],[-0.76011,39.28389],[-0.76047,39.2827],[-0.76141,39.28229],[-0.76161,39.28184],[-0.7617,39.27869],[-0.76076,39.27829],[-0.7588,39.27776],[-0.75632,39.27854],[-0.75346,39.27903],[-0.75273,39.27939],[-0.75024,39.27937],[-0.74997,39.27957],[-0.74932,39.27959],[-0.74919,39.2798],[-0.74859,39.27957],[-0.74764,39.27958],[-0.747,39.27984],[-0.74641,39.28038],[-0.74428,39.28093],[-0.74401,39.28118],[-0.74382,39.28209],[-0.74257,39.28301],[-0.7407,39.28346],[-0.74044,39.28327],[-0.73976,39.28321],[-0.73851,39.28335],[-0.73799,39.28321],[-0.73719,39.28339],[-0.73676,39.2831],[-0.73625,39.28205],[-0.7344,39.28063],[-0.73196,39.28055],[-0.73112,39.28028],[-0.73062,39.27977],[-0.73,39.27949],[-0.7268,39.27887],[-0.72617,39.27837],[-0.72596,39.27764],[-0.72506,39.27734],[-0.72333,39.27705],[-0.72176,39.27701],[-0.72111,39.27678],[-0.71963,39.27676],[-0.71883,39.2769],[-0.71677,39.27648],[-0.71517,39.27641],[-0.71435,39.27599],[-0.71298,39.27592],[-0.71158,39.27531],[-0.70987,39.27499],[-0.70735,39.27493],[-0.70639,39.27511],[-0.70509,39.27509],[-0.70398,39.27468],[-0.70299,39.27461],[-0.70224,39.2743],[-0.70108,39.27362],[-0.70062,39.27308],[-0.69942,39.27242],[-0.69937,39.27197],[-0.6997,39.27131],[-0.70045,39.27044],[-0.70095,39.26946],[-0.70166,39.26865],[-0.70174,39.26832],[-0.70056,39.26584],[-0.69937,39.26499],[-0.69848,39.26391],[-0.69895,39.26336],[-0.69976,39.26133],[-0.7008,39.26024],[-0.70102,39.25912],[-0.70203,39.25865],[-0.70374,39.25899],[-0.7053,39.25741],[-0.70456,39.25633],[-0.70373,39.25422],[-0.70396,39.2527],[-0.70263,39.25165],[-0.70263,39.24989],[-0.70215,39.24894],[-0.7021,39.24725],[-0.70079,39.24572],[-0.70135,39.24372],[-0.70115,39.24316],[-0.70118,39.24192],[-0.6996,39.24071],[-0.69977,39.24009],[-0.69983,39.23874],[-0.69848,39.2382],[-0.69817,39.23792],[-0.69818,39.23623],[-0.69763,39.23591],[-0.69736,39.23557],[-0.69764,39.23473],[-0.69764,39.23372],[-0.69633,39.2329],[-0.69617,39.23244],[-0.69571,39.2319],[-0.69567,39.23061],[-0.69511,39.22971],[-0.69412,39.22903],[-0.69413,39.22717],[-0.69384,39.22713],[-0.69337,39.2266],[-0.69253,39.2247],[-0.69249,39.22418],[-0.69161,39.22403],[-0.69115,39.22363],[-0.69066,39.22282],[-0.68932,39.22169],[-0.68778,39.22107],[-0.68763,39.21993],[-0.68724,39.21959],[-0.68651,39.22014],[-0.68608,39.22022],[-0.68478,39.22017],[-0.68348,39.21973],[-0.68114,39.21978],[-0.68105,39.218],[-0.68075,39.21725],[-0.68011,39.21676],[-0.67952,39.21678],[-0.67803,39.21765],[-0.67795,39.21798],[-0.67817,39.21855],[-0.67816,39.21911],[-0.67752,39.21973],[-0.67688,39.21965],[-0.67514,39.22014],[-0.67453,39.21958],[-0.67333,39.2193],[-0.6721,39.21992],[-0.67003,39.2199],[-0.66928,39.22029],[-0.6665,39.22068],[-0.66412,39.22041],[-0.6629,39.21991],[-0.66198,39.21932],[-0.65972,39.21926],[-0.65859,39.21959],[-0.65541,39.21886],[-0.65305,39.21731],[-0.65274,39.21653],[-0.65186,39.21533],[-0.65035,39.21403],[-0.64977,39.21327],[-0.64949,39.2123],[-0.64948,39.21131],[-0.64923,39.21055],[-0.64953,39.2095],[-0.64929,39.20832],[-0.64968,39.20723],[-0.65078,39.20542],[-0.65087,39.20443],[-0.65163,39.20445],[-0.65194,39.20467],[-0.65307,39.20405],[-0.65477,39.20378],[-0.65516,39.20354],[-0.65608,39.20259],[-0.65626,39.20024],[-0.6566,39.1995],[-0.65707,39.19901],[-0.65715,39.19863],[-0.65691,39.19774],[-0.65691,39.19689],[-0.65546,39.19584],[-0.65473,39.19564],[-0.6542,39.19523],[-0.65293,39.19311],[-0.65247,39.19262],[-0.65194,39.19147],[-0.65186,39.19069],[-0.65138,39.18912],[-0.65274,39.18885],[-0.65425,39.188],[-0.65601,39.18644],[-0.6562,39.18575],[-0.65671,39.18527],[-0.65551,39.18387],[-0.65439,39.18294],[-0.65374,39.18268],[-0.65257,39.18253],[-0.64983,39.18083],[-0.64801,39.17997],[-0.64638,39.17862],[-0.64615,39.17805],[-0.6456,39.17758],[-0.64424,39.17749],[-0.64374,39.17691],[-0.64334,39.17596],[-0.64234,39.17535],[-0.64201,39.17495],[-0.64368,39.17425],[-0.64506,39.17307],[-0.64654,39.17276],[-0.64693,39.17252],[-0.64737,39.17139],[-0.64819,39.17083],[-0.6483,39.16953],[-0.64858,39.1687],[-0.64851,39.16842],[-0.64763,39.16745],[-0.64674,39.16686],[-0.64668,39.16641],[-0.64724,39.16561],[-0.64912,39.16561],[-0.65006,39.16514],[-0.65013,39.16489],[-0.64989,39.16431],[-0.64814,39.16275],[-0.64608,39.16195],[-0.6457,39.16162],[-0.6454,39.16086],[-0.64541,39.16022],[-0.6462,39.15943],[-0.64632,39.15891],[-0.64573,39.15738],[-0.64463,39.15722],[-0.64367,39.1564],[-0.64043,39.15435],[-0.63964,39.15367],[-0.63905,39.15218],[-0.63905,39.15124],[-0.6386,39.15052],[-0.63903,39.14994],[-0.63871,39.14924],[-0.63809,39.1488],[-0.63632,39.1487],[-0.63558,39.1485],[-0.63306,39.14866],[-0.63174,39.14743],[-0.63071,39.146],[-0.62894,39.14577],[-0.62879,39.14465],[-0.62849,39.14413],[-0.62785,39.14373],[-0.6265,39.14231],[-0.62519,39.14174],[-0.62519,39.14098],[-0.62468,39.14042],[-0.62494,39.13989],[-0.62469,39.13948],[-0.62699,39.13955],[-0.62774,39.13991],[-0.62921,39.13972],[-0.63131,39.13821],[-0.63203,39.13748],[-0.63423,39.13667],[-0.63532,39.13594],[-0.63618,39.13572],[-0.63658,39.13574],[-0.63941,39.1368],[-0.64068,39.13687],[-0.64097,39.13602],[-0.64049,39.13465],[-0.6411,39.13406],[-0.64248,39.13358],[-0.64336,39.13397],[-0.64529,39.13404],[-0.64675,39.13367],[-0.64794,39.13357],[-0.64825,39.1333],[-0.64817,39.13284],[-0.64847,39.13217],[-0.6504,39.13208],[-0.65177,39.13175],[-0.65235,39.13183],[-0.65296,39.13114],[-0.65286,39.13022],[-0.65306,39.13003],[-0.6544,39.12973],[-0.65539,39.12996],[-0.65616,39.12968],[-0.65702,39.12923],[-0.65754,39.1285],[-0.65824,39.12804],[-0.65834,39.12777],[-0.65936,39.1282],[-0.66196,39.12852],[-0.66255,39.12846],[-0.66371,39.12793],[-0.66472,39.12786],[-0.66575,39.12752],[-0.66874,39.1271],[-0.66923,39.12717],[-0.66953,39.12774],[-0.66988,39.12775],[-0.67214,39.1256],[-0.6734,39.12509],[-0.67426,39.12419],[-0.67411,39.12328],[-0.67429,39.1225],[-0.67332,39.12072],[-0.67337,39.11912],[-0.67396,39.11883],[-0.67319,39.11832],[-0.67249,39.11686],[-0.67151,39.11618],[-0.67015,39.11442],[-0.67003,39.1135],[-0.66976,39.11304],[-0.66896,39.11267],[-0.66899,39.11229],[-0.66927,39.11207],[-0.66921,39.11105],[-0.66624,39.10941],[-0.66551,39.10812],[-0.66479,39.10771],[-0.66422,39.10709],[-0.66345,39.10686],[-0.66294,39.10644],[-0.6627,39.10566],[-0.66095,39.1041],[-0.66049,39.1029],[-0.65893,39.10245],[-0.65867,39.10219],[-0.65853,39.1015],[-0.65805,39.10083],[-0.65726,39.10039],[-0.65657,39.09965],[-0.65532,39.09916],[-0.65521,39.09812],[-0.65477,39.09708],[-0.65471,39.09607],[-0.65447,39.09568],[-0.65341,39.09518],[-0.65274,39.09415],[-0.65215,39.0937],[-0.65138,39.09339],[-0.65139,39.09258],[-0.65064,39.09165],[-0.65099,39.09053],[-0.65342,39.08867],[-0.65402,39.08762],[-0.65599,39.08638],[-0.65816,39.08618],[-0.65896,39.08638],[-0.65992,39.08686],[-0.66088,39.0879],[-0.66229,39.08906],[-0.66526,39.09059],[-0.66725,39.09219],[-0.66856,39.09371],[-0.67055,39.09539],[-0.67083,39.09665],[-0.67247,39.09711],[-0.67383,39.09703],[-0.67647,39.09771],[-0.67964,39.09757],[-0.68037,39.09785],[-0.68079,39.09824],[-0.68128,39.09827],[-0.68348,39.09653],[-0.68473,39.09602],[-0.68653,39.09495],[-0.68691,39.09432],[-0.68587,39.09334],[-0.68542,39.09235],[-0.68479,39.09172],[-0.68514,39.09124],[-0.68478,39.09078],[-0.68478,39.09037],[-0.68585,39.08883],[-0.68594,39.08845],[-0.68586,39.08808],[-0.68546,39.08763],[-0.68508,39.08632],[-0.6844,39.08564],[-0.68426,39.08495],[-0.68401,39.08469],[-0.68221,39.08449],[-0.6813,39.08376],[-0.68033,39.08171],[-0.67888,39.07981],[-0.67843,39.07952],[-0.67854,39.07896],[-0.67901,39.07843],[-0.67911,39.07734],[-0.67936,39.07672],[-0.67865,39.07431],[-0.67894,39.07413],[-0.68034,39.07415],[-0.68058,39.07469],[-0.68107,39.07484],[-0.68459,39.07482],[-0.68544,39.07418],[-0.6857,39.07346],[-0.68668,39.07327],[-0.68781,39.07214],[-0.68846,39.07292],[-0.69232,39.07354],[-0.69381,39.07414],[-0.69497,39.07429],[-0.69708,39.07596],[-0.69809,39.07638],[-0.69892,39.07695],[-0.70155,39.07726],[-0.70263,39.07702],[-0.70309,39.07663],[-0.70565,39.07668],[-0.70627,39.07648],[-0.70722,39.0765],[-0.70849,39.07724],[-0.70993,39.07854],[-0.71113,39.07859],[-0.71187,39.0782],[-0.71319,39.07798],[-0.71449,39.07828],[-0.71625,39.07914],[-0.71727,39.07921],[-0.71826,39.07959],[-0.71957,39.07938],[-0.72042,39.07902],[-0.72354,39.07902],[-0.72411,39.07821],[-0.72541,39.07791],[-0.72615,39.07756],[-0.72832,39.07753],[-0.72964,39.07695],[-0.73188,39.07726],[-0.73245,39.0775],[-0.73397,39.07871],[-0.7346,39.07899],[-0.7355,39.07907],[-0.73625,39.07886],[-0.73645,39.07973],[-0.73627,39.08024],[-0.73651,39.08135],[-0.73693,39.08173],[-0.73714,39.08215],[-0.73782,39.08269],[-0.73782,39.08468],[-0.73831,39.08541],[-0.73833,39.08672],[-0.73864,39.08807],[-0.73967,39.08928],[-0.74073,39.0896],[-0.74129,39.09006],[-0.74173,39.09127],[-0.74239,39.09189],[-0.74297,39.09286],[-0.74302,39.09507],[-0.74346,39.09557],[-0.74388,39.0965],[-0.74518,39.09795],[-0.74588,39.09737],[-0.7477,39.09655],[-0.74798,39.09601],[-0.74869,39.09556],[-0.75028,39.09561],[-0.75341,39.09689],[-0.75427,39.0964],[-0.75496,39.09626],[-0.75565,39.0959],[-0.75542,39.09551],[-0.75544,39.09512],[-0.75619,39.0944],[-0.75635,39.0938],[-0.75679,39.09305],[-0.75911,39.09304],[-0.76018,39.09322],[-0.76118,39.09133],[-0.76328,39.09115],[-0.76428,39.09127],[-0.76514,39.0905],[-0.76612,39.08992],[-0.76675,39.08896],[-0.76916,39.08853],[-0.77046,39.08849],[-0.77114,39.08817],[-0.77131,39.0871],[-0.77215,39.08585],[-0.77219,39.08481],[-0.77245,39.08433],[-0.77251,39.08369],[-0.7725,39.08276],[-0.77226,39.08248],[-0.77231,39.08109],[-0.77258,39.08078],[-0.77298,39.07946],[-0.77362,39.07874],[-0.77518,39.07841],[-0.77574,39.07802],[-0.77586,39.07776],[-0.77586,39.07638],[-0.77516,39.07571],[-0.77481,39.07496],[-0.77509,39.07386],[-0.77489,39.07324],[-0.7749,39.0723],[-0.77547,39.07108],[-0.77553,39.07058],[-0.77554,39.07014],[-0.77501,39.06896],[-0.7751,39.06675],[-0.77556,39.06621],[-0.77568,39.06565],[-0.77837,39.06401],[-0.77907,39.06403],[-0.7792,39.06385],[-0.77913,39.06334],[-0.77836,39.063],[-0.77823,39.06278],[-0.77833,39.06227],[-0.77805,39.06133],[-0.77733,39.06082],[-0.7773,39.06004],[-0.77702,39.05936],[-0.7774,39.05861],[-0.7782,39.05817],[-0.77863,39.05745],[-0.779,39.0572],[-0.78098,39.05697],[-0.78414,39.05721],[-0.7851,39.05697],[-0.78617,39.05623],[-0.78676,39.05602],[-0.78911,39.0555],[-0.78975,39.05515],[-0.79075,39.0549],[-0.79129,39.05409],[-0.79171,39.05301],[-0.79263,39.05205],[-0.79391,39.05163],[-0.79521,39.05158],[-0.79631,39.0513],[-0.79659,39.05105],[-0.79673,39.05042],[-0.79705,39.0499],[-0.79782,39.04919],[-0.79788,39.04842],[-0.79761,39.04782],[-0.79837,39.0476],[-0.79899,39.0471],[-0.79924,39.04569],[-0.80058,39.04517],[-0.80062,39.04399],[-0.80036,39.04372],[-0.80036,39.04333],[-0.80144,39.04242],[-0.80237,39.04124],[-0.80354,39.0391],[-0.80345,39.03866],[-0.80369,39.03803],[-0.80619,39.03699],[-0.80748,39.03697],[-0.80757,39.0364],[-0.80796,39.03612],[-0.80901,39.0359],[-0.81008,39.03601],[-0.81035,39.03578],[-0.81118,39.03369],[-0.81173,39.03329],[-0.81384,39.03271],[-0.81459,39.03125],[-0.81527,39.03082],[-0.81605,39.03082],[-0.81616,39.03048],[-0.81728,39.02938],[-0.81919,39.02823],[-0.82052,39.02801],[-0.82137,39.02818],[-0.82185,39.02796],[-0.82354,39.02519],[-0.82499,39.02383],[-0.8262,39.02321],[-0.82687,39.02306],[-0.82766,39.02256],[-0.82833,39.02242],[-0.82941,39.02169],[-0.83049,39.02143],[-0.83135,39.02142],[-0.83191,39.02057],[-0.83143,39.01956],[-0.83142,39.01833],[-0.83124,39.01785],[-0.8314,39.01727],[-0.8299,39.01546],[-0.82975,39.01478],[-0.82929,39.01406],[-0.83048,39.01193],[-0.83057,39.00892],[-0.83042,39.00826],[-0.83062,39.00732],[-0.83037,39.00624],[-0.83069,39.00504],[-0.8305,39.00426],[-0.83214,39.00314],[-0.83249,39.00261],[-0.83226,39.00171],[-0.83226,39.00032],[-0.83207,38.99984],[-0.83232,38.99909],[-0.83124,38.99814],[-0.83092,38.99757],[-0.83096,38.99678],[-0.83142,38.99533],[-0.83389,38.99389],[-0.8342,38.99351],[-0.83397,38.99237],[-0.83423,38.99069],[-0.83364,38.98995],[-0.83233,38.98937],[-0.8321,38.98909],[-0.83211,38.98869],[-0.83274,38.98818],[-0.83456,38.98744],[-0.83479,38.98649],[-0.83564,38.98501],[-0.8371,38.98507],[-0.83829,38.9855],[-0.84084,38.98559],[-0.84156,38.98597],[-0.8426,38.98626],[-0.84426,38.98607],[-0.84431,38.98647],[-0.84504,38.98704],[-0.84514,38.98756],[-0.84537,38.98767],[-0.84663,38.98663],[-0.84772,38.98636],[-0.84771,38.98544],[-0.84697,38.98429],[-0.84773,38.98352],[-0.84789,38.98267],[-0.84857,38.98145],[-0.84963,38.98083],[-0.84992,38.98032],[-0.85159,38.98034],[-0.85264,38.9801],[-0.85447,38.97943],[-0.8552,38.97872],[-0.85614,38.97826],[-0.85911,38.97824],[-0.86034,38.97849],[-0.86644,38.9786],[-0.8675,38.97777],[-0.86849,38.97776],[-0.86935,38.97815],[-0.87001,38.97762],[-0.8706,38.97754],[-0.87301,38.97761],[-0.87438,38.97802],[-0.87536,38.97785],[-0.87541,38.97765],[-0.87568,38.97764],[-0.87591,38.97709],[-0.87575,38.97646],[-0.87625,38.97596],[-0.87662,38.97518],[-0.87811,38.97501],[-0.87884,38.97529],[-0.87966,38.97586],[-0.88229,38.97617],[-0.88335,38.97592],[-0.88416,38.9752],[-0.88569,38.97452],[-0.88694,38.97439],[-0.88779,38.97378],[-0.88828,38.97281],[-0.88862,38.97254],[-0.88929,38.9723],[-0.89048,38.97221],[-0.89131,38.97182],[-0.89241,38.96996],[-0.89358,38.96883],[-0.89426,38.96858],[-0.895,38.96853],[-0.89503,38.9675],[-0.89475,38.96721],[-0.89482,38.96638],[-0.89516,38.96612],[-0.89585,38.966],[-0.89641,38.96561],[-0.89659,38.96465],[-0.8984,38.96301],[-0.89946,38.96264],[-0.90017,38.96192],[-0.90167,38.96084],[-0.90255,38.96073],[-0.90328,38.96038],[-0.9041,38.96058],[-0.90513,38.96061],[-0.90576,38.96038],[-0.90568,38.95976],[-0.90592,38.95921],[-0.90604,38.95805],[-0.907,38.95689],[-0.90774,38.95662],[-0.9088,38.95675],[-0.90987,38.95658],[-0.91019,38.95582],[-0.91087,38.95513],[-0.91322,38.9551],[-0.91397,38.95488],[-0.91394,38.95421],[-0.91413,38.95375],[-0.91392,38.9531],[-0.91524,38.95224],[-0.91887,38.95226],[-0.92041,38.95204],[-0.92185,38.95152],[-0.92283,38.95139],[-0.92335,38.95118],[-0.9233,38.9507],[-0.92357,38.9504],[-0.9244,38.94991],[-0.9257,38.94867],[-0.92635,38.9484],[-0.92715,38.94842],[-0.92825,38.94884],[-0.92921,38.94878],[-0.92953,38.94848],[-0.93041,38.94814],[-0.93355,38.94642],[-0.93413,38.94565],[-0.9352,38.9456],[-0.93526,38.94505],[-0.93571,38.94464],[-0.9359,38.9441],[-0.93893,38.9422],[-0.93929,38.94171],[-0.93972,38.94062],[-0.94006,38.94034],[-0.94084,38.94031],[-0.94272,38.94095],[-0.9443,38.94106],[-0.94516,38.9413],[-0.94688,38.94241],[-0.94758,38.94221],[-0.94888,38.94111],[-0.95064,38.94117],[-0.95143,38.94155],[-0.95217,38.94145],[-0.95434,38.94313],[-0.95497,38.9434],[-0.95781,38.94418],[-0.95947,38.944],[-0.95953,38.94256],[-0.9597,38.94211],[-0.95958,38.94156],[-0.96009,38.94071],[-0.96013,38.94017],[-0.95927,38.93873],[-0.95772,38.93759],[-0.95715,38.93633],[-0.95765,38.93564],[-0.95778,38.93465],[-0.95861,38.93333],[-0.95855,38.9328],[-0.95758,38.93189],[-0.95729,38.93055],[-0.95737,38.93029],[-0.95802,38.92973],[-0.95799,38.92942],[-0.95824,38.9288],[-0.95872,38.92825],[-0.95879,38.92775],[-0.95859,38.9273],[-0.9587,38.92696],[-0.95794,38.92583],[-0.95639,38.92515],[-0.95578,38.92392],[-0.9568,38.92268],[-0.95667,38.92097],[-0.95706,38.92057],[-0.95759,38.92075],[-0.95799,38.92057],[-0.95871,38.92054],[-0.95826,38.92016],[-0.95678,38.91993],[-0.95662,38.91903],[-0.95599,38.91861],[-0.95589,38.91833],[-0.95594,38.91757],[-0.95639,38.91674],[-0.95434,38.91501],[-0.9537,38.91395],[-0.95392,38.91371],[-0.95408,38.91272],[-0.95478,38.91187],[-0.95472,38.91138],[-0.95534,38.91044],[-0.95593,38.90999],[-0.95701,38.9099],[-0.95726,38.90966],[-0.9573,38.90927],[-0.95646,38.90893],[-0.95599,38.9084],[-0.95831,38.90615],[-0.95906,38.90613],[-0.95912,38.90592],[-0.95959,38.90606],[-0.96055,38.90553],[-0.96212,38.90546],[-0.9625,38.90514],[-0.96429,38.90439],[-0.96459,38.90409],[-0.96508,38.90273],[-0.9658,38.90207],[-0.96588,38.90132],[-0.96574,38.90068],[-0.96688,38.89982],[-0.96813,38.89937],[-0.96874,38.89933],[-0.96971,38.89938],[-0.97101,38.89978],[-0.97164,38.89982],[-0.97228,38.89962],[-0.97236,38.89935],[-0.97261,38.89921],[-0.97506,38.89867],[-0.97529,38.89756],[-0.97662,38.89575],[-0.97673,38.89519],[-0.97724,38.89485],[-0.97773,38.89371],[-0.97961,38.89202],[-0.97977,38.89072],[-0.98022,38.89032],[-0.98108,38.89009],[-0.98381,38.89016],[-0.98566,38.89124],[-0.98774,38.8915],[-0.98865,38.89135],[-0.99185,38.89138],[-0.99299,38.89097],[-0.99262,38.89036],[-0.99193,38.88969],[-0.99189,38.88808],[-0.99141,38.8869],[-0.99134,38.88567],[-0.99066,38.88478],[-0.99034,38.88396],[-0.99026,38.88317],[-0.98956,38.88222],[-0.99002,38.88143],[-0.98959,38.88086],[-0.98931,38.88018],[-0.98928,38.8797],[-0.99011,38.8785],[-0.98914,38.87798],[-0.9888,38.87748],[-0.98878,38.87662],[-0.98908,38.87603],[-0.98826,38.87548],[-0.98764,38.87454],[-0.98672,38.87437],[-0.98627,38.8741],[-0.98533,38.87266],[-0.9847,38.87207],[-0.98566,38.87115],[-0.98517,38.87001],[-0.9849,38.86976],[-0.9836,38.86955],[-0.98197,38.86851],[-0.97777,38.86863],[-0.97758,38.86825],[-0.97768,38.86783],[-0.9773,38.86736],[-0.97719,38.86651],[-0.97678,38.86602],[-0.9767,38.86546],[-0.97543,38.86548],[-0.97483,38.86602],[-0.97426,38.86605],[-0.97356,38.86575],[-0.9729,38.86504],[-0.97199,38.8651],[-0.97072,38.86457],[-0.96967,38.86314],[-0.96866,38.86324],[-0.96724,38.86301],[-0.96641,38.86258],[-0.96523,38.8606],[-0.96365,38.85972],[-0.96321,38.85895],[-0.9625,38.85849],[-0.9623,38.85799],[-0.96248,38.85723],[-0.96178,38.85582],[-0.96166,38.8552],[-0.96069,38.8543],[-0.96039,38.85378],[-0.96025,38.85286],[-0.95905,38.85156],[-0.95893,38.85019],[-0.95824,38.84925],[-0.95817,38.84869],[-0.95741,38.84864],[-0.95577,38.84772],[-0.95496,38.84641],[-0.95393,38.84591],[-0.95387,38.84556],[-0.95363,38.84531],[-0.95258,38.84472],[-0.95196,38.84408],[-0.9515,38.84405],[-0.95121,38.84384],[-0.94995,38.84382],[-0.94989,38.84324],[-0.94935,38.8425],[-0.94705,38.84114],[-0.94633,38.84094],[-0.94469,38.8396],[-0.94466,38.83764],[-0.94541,38.8366],[-0.94431,38.83622],[-0.94388,38.83588],[-0.94261,38.83624],[-0.94048,38.83622],[-0.93998,38.83616],[-0.93935,38.8358],[-0.93841,38.83553],[-0.93683,38.83563],[-0.9355,38.83421],[-0.93479,38.83401],[-0.93234,38.83231],[-0.93083,38.83168],[-0.93022,38.83095],[-0.93008,38.83009],[-0.92968,38.82955],[-0.92965,38.82882],[-0.92976,38.82845],[-0.93018,38.82801],[-0.93034,38.82717],[-0.9308,38.82667],[-0.93171,38.82353],[-0.93102,38.82255],[-0.93072,38.81951],[-0.92948,38.81832],[-0.9299,38.81765],[-0.93006,38.8168],[-0.93053,38.81608],[-0.9307,38.81478],[-0.93148,38.814],[-0.93161,38.81193],[-0.93218,38.81107],[-0.93299,38.81108],[-0.93305,38.81086],[-0.93321,38.81087],[-0.93565,38.81161],[-0.93739,38.81334],[-0.93942,38.81372],[-0.94061,38.81433],[-0.94141,38.81434],[-0.94263,38.81386],[-0.9437,38.8125],[-0.94448,38.8123],[-0.94579,38.81138],[-0.94678,38.81099],[-0.94711,38.81066],[-0.94946,38.8107],[-0.95226,38.80953],[-0.95282,38.80876],[-0.95405,38.808],[-0.95424,38.80732],[-0.95485,38.80658],[-0.95638,38.80546],[-0.95681,38.80542],[-0.95688,38.80513],[-0.95721,38.80482],[-0.95984,38.8043],[-0.96101,38.80388],[-0.96303,38.80244],[-0.96447,38.80183],[-0.96487,38.80187],[-0.96538,38.8017],[-0.96581,38.80114],[-0.96663,38.80107]]]}},{"type":"Feature","id":"4-0","properties":{"NomSistExp":"Cenia - Mijares","Subsistema":"Plana de Castellón","Superf km2":843.84,"Area km2":843.84,"id":"4-0"},"geometry":{"type":"Polygon","coordinates":[[[-0.01316,39.90652],[-0.01609,39.90501],[-0.01708,39.90404],[-0.01773,39.90362],[-0.02085,39.90289],[-0.02354,39.90172],[-0.02367,39.90153],[-0.02392,39.90156],[-0.03282,39.89519],[-0.03715,39.8911],[-0.03833,39.89029],[-0.03992,39.88854],[-0.04194,39.88674],[-0.04467,39.8839],[-0.04647,39.88258],[-0.04841,39.88072],[-0.05192,39.87822],[-0.05221,39.87832],[-0.05258,39.87807],[-0.05246,39.87784],[-0.05258,39.87762],[-0.05423,39.87635],[-0.05499,39.8754],[-0.05592,39.87372],[-0.05432,39.87231],[-0.05643,39.87384],[-0.05678,39.8738],[-0.05794,39.87318],[-0.05929,39.87145],[-0.06,39.87005],[-0.06022,39.86925],[-0.05787,39.86833],[-0.06068,39.86931],[-0.06209,39.86809],[-0.06421,39.86507],[-0.06487,39.86237],[-0.06486,39.86121],[-0.06254,39.86093],[-0.06241,39.8608],[-0.06259,39.8607],[-0.06578,39.86115],[-0.06636,39.86059],[-0.06616,39.85863],[-0.06699,39.85736],[-0.06746,39.85748],[-0.06663,39.85855],[-0.06683,39.86128],[-0.0674,39.86182],[-0.06813,39.8621],[-0.06898,39.86142],[-0.06887,39.86134],[-0.06909,39.86134],[-0.06922,39.86103],[-0.06934,39.86111],[-0.06959,39.86088],[-0.06994,39.86111],[-0.06857,39.8625],[-0.07027,39.86403],[-0.07071,39.86378],[-0.0703,39.86407],[-0.0707,39.86442],[-0.07194,39.86346],[-0.07252,39.86387],[-0.07249,39.8636],[-0.07317,39.86364],[-0.07525,39.86188],[-0.07056,39.85896],[-0.06906,39.85872],[-0.06902,39.85851],[-0.0705,39.85865],[-0.07683,39.86271],[-0.0774,39.86267],[-0.0792,39.86185],[-0.0801,39.86126],[-0.08451,39.85764],[-0.08543,39.85722],[-0.08887,39.85398],[-0.09063,39.85176],[-0.09606,39.84377],[-0.09785,39.84163],[-0.09967,39.83829],[-0.09957,39.83799],[-0.09986,39.83791],[-0.10007,39.83749],[-0.10027,39.83704],[-0.10018,39.8366],[-0.10112,39.83537],[-0.1012,39.83521],[-0.10107,39.83501],[-0.1014,39.83495],[-0.10171,39.83452],[-0.10197,39.83402],[-0.1019,39.83373],[-0.10232,39.8338],[-0.10278,39.83345],[-0.10327,39.83272],[-0.10325,39.83252],[-0.1036,39.83257],[-0.10406,39.83197],[-0.10406,39.83174],[-0.10456,39.83176],[-0.10501,39.83116],[-0.10503,39.8309],[-0.10568,39.83094],[-0.10667,39.8301],[-0.1074,39.82905],[-0.10737,39.82881],[-0.1079,39.82869],[-0.10851,39.82796],[-0.10842,39.82762],[-0.10866,39.82763],[-0.10886,39.82742],[-0.10963,39.82636],[-0.1099,39.82583],[-0.10975,39.82561],[-0.11,39.82566],[-0.11092,39.82478],[-0.11133,39.8241],[-0.11119,39.8237],[-0.11162,39.82384],[-0.11253,39.82295],[-0.11289,39.82225],[-0.11256,39.82194],[-0.11315,39.82216],[-0.11377,39.82174],[-0.11445,39.8209],[-0.11423,39.82065],[-0.11474,39.82075],[-0.1155,39.81987],[-0.11595,39.8192],[-0.11597,39.81904],[-0.11572,39.81886],[-0.11622,39.81889],[-0.11728,39.8178],[-0.11749,39.81744],[-0.11743,39.8171],[-0.11842,39.81727],[-0.11922,39.81657],[-0.11991,39.81545],[-0.12005,39.8149],[-0.1206,39.8149],[-0.12092,39.81464],[-0.12288,39.81079],[-0.12488,39.80746],[-0.12486,39.80721],[-0.12412,39.80679],[-0.12515,39.80714],[-0.12553,39.80674],[-0.1259,39.80584],[-0.12532,39.80559],[-0.12599,39.8056],[-0.12669,39.80482],[-0.12669,39.80445],[-0.12613,39.80416],[-0.12655,39.8043],[-0.127,39.80397],[-0.12735,39.80311],[-0.12718,39.80297],[-0.1274,39.80305],[-0.12786,39.80271],[-0.12838,39.80159],[-0.12812,39.80148],[-0.12849,39.80153],[-0.12876,39.80126],[-0.12937,39.8002],[-0.12951,39.79986],[-0.12917,39.79972],[-0.12957,39.79978],[-0.13002,39.79942],[-0.13035,39.79872],[-0.13007,39.79848],[-0.13039,39.79853],[-0.13085,39.79819],[-0.13133,39.79729],[-0.13134,39.79709],[-0.13105,39.79698],[-0.1316,39.79699],[-0.13189,39.79674],[-0.13277,39.79533],[-0.13282,39.79472],[-0.13362,39.7945],[-0.13473,39.79322],[-0.13654,39.79],[-0.13674,39.78933],[-0.13745,39.7893],[-0.13873,39.7881],[-0.13907,39.78819],[-0.1396,39.78795],[-0.14072,39.78686],[-0.14137,39.78653],[-0.14285,39.78398],[-0.14365,39.78218],[-0.14758,39.77708],[-0.14901,39.77448],[-0.14935,39.77441],[-0.14994,39.77383],[-0.15145,39.77158],[-0.15235,39.76995],[-0.15199,39.76922],[-0.15157,39.76954],[-0.15209,39.76846],[-0.15222,39.76844],[-0.15211,39.76867],[-0.15229,39.76892],[-0.15266,39.76902],[-0.1535,39.76885],[-0.15402,39.76843],[-0.15458,39.76718],[-0.15512,39.76662],[-0.15562,39.76572],[-0.15611,39.76444],[-0.15591,39.76393],[-0.15567,39.76409],[-0.15633,39.76295],[-0.15616,39.76351],[-0.15713,39.76385],[-0.15806,39.76362],[-0.15879,39.76311],[-0.15937,39.76224],[-0.1593,39.7619],[-0.1596,39.76197],[-0.15991,39.76179],[-0.16059,39.76098],[-0.16149,39.75936],[-0.16151,39.75921],[-0.16124,39.75907],[-0.16162,39.75908],[-0.1619,39.75891],[-0.1636,39.75659],[-0.16437,39.75604],[-0.16571,39.75471],[-0.16822,39.7518],[-0.16955,39.7501],[-0.1698,39.74952],[-0.17185,39.74662],[-0.17382,39.74446],[-0.18021,39.73622],[-0.18177,39.73401],[-0.18425,39.7299],[-0.18751,39.72409],[-0.18822,39.72229],[-0.19035,39.7229],[-0.19177,39.72359],[-0.19306,39.72375],[-0.19641,39.72528],[-0.20075,39.72674],[-0.20511,39.72848],[-0.21548,39.73225],[-0.21851,39.73352],[-0.2235,39.73522],[-0.22649,39.73654],[-0.23278,39.74025],[-0.23355,39.73925],[-0.2345,39.73854],[-0.23597,39.73911],[-0.23725,39.73982],[-0.24103,39.74036],[-0.24203,39.74065],[-0.24617,39.74297],[-0.24743,39.74306],[-0.25349,39.74271],[-0.25649,39.74273],[-0.25825,39.74292],[-0.25956,39.74327],[-0.26065,39.74421],[-0.26368,39.74551],[-0.26794,39.74877],[-0.27108,39.74989],[-0.27199,39.75061],[-0.27294,39.75209],[-0.2734,39.75295],[-0.27417,39.75536],[-0.27416,39.75623],[-0.27383,39.7572],[-0.27252,39.75906],[-0.27234,39.7596],[-0.27244,39.76028],[-0.27334,39.76169],[-0.27474,39.76328],[-0.2758,39.7653],[-0.27634,39.76739],[-0.27658,39.77052],[-0.2784,39.7716],[-0.27935,39.77266],[-0.27993,39.77373],[-0.28072,39.77422],[-0.28516,39.77509],[-0.28767,39.77492],[-0.28856,39.77521],[-0.28972,39.7759],[-0.29086,39.77693],[-0.29177,39.77748],[-0.29593,39.77741],[-0.29761,39.77806],[-0.29903,39.77811],[-0.30079,39.77869],[-0.30314,39.77904],[-0.30412,39.77882],[-0.30417,39.7784],[-0.30388,39.7776],[-0.30441,39.77654],[-0.30498,39.77599],[-0.30641,39.77577],[-0.30753,39.77429],[-0.30794,39.77401],[-0.30889,39.77378],[-0.31149,39.77426],[-0.31302,39.77419],[-0.31316,39.77424],[-0.31315,39.77507],[-0.31377,39.77567],[-0.31466,39.77612],[-0.31532,39.7762],[-0.31586,39.7766],[-0.31677,39.77694],[-0.31804,39.77796],[-0.31882,39.7782],[-0.32117,39.78056],[-0.32347,39.78246],[-0.32353,39.78266],[-0.32335,39.78292],[-0.32573,39.78425],[-0.32715,39.78456],[-0.33069,39.78493],[-0.33166,39.78541],[-0.33237,39.78664],[-0.33291,39.7869],[-0.33436,39.78721],[-0.33604,39.7873],[-0.33672,39.78764],[-0.33771,39.78753],[-0.34041,39.78807],[-0.34218,39.78913],[-0.34306,39.78928],[-0.344,39.78966],[-0.3448,39.78969],[-0.34551,39.78943],[-0.34588,39.78907],[-0.34646,39.78908],[-0.34824,39.79085],[-0.34972,39.791],[-0.35035,39.79128],[-0.35049,39.79219],[-0.34982,39.7962],[-0.34954,39.79701],[-0.34959,39.79825],[-0.34928,39.79929],[-0.34991,39.8008],[-0.35173,39.80239],[-0.35169,39.80264],[-0.35096,39.80344],[-0.35086,39.80381],[-0.35084,39.80467],[-0.35109,39.80505],[-0.35082,39.80806],[-0.35093,39.80849],[-0.35113,39.80883],[-0.3535,39.81027],[-0.35327,39.81117],[-0.35389,39.81197],[-0.35473,39.81264],[-0.35489,39.81369],[-0.35514,39.81409],[-0.35507,39.8144],[-0.35484,39.81454],[-0.35601,39.81648],[-0.3569,39.81734],[-0.35767,39.81776],[-0.35898,39.81804],[-0.36105,39.81902],[-0.36132,39.81927],[-0.36176,39.82025],[-0.36358,39.8216],[-0.36383,39.8225],[-0.36382,39.82305],[-0.36349,39.82343],[-0.36285,39.82384],[-0.36179,39.82421],[-0.36092,39.8249],[-0.36076,39.82598],[-0.3599,39.82698],[-0.36015,39.82765],[-0.36003,39.82919],[-0.35898,39.82967],[-0.35838,39.82956],[-0.35668,39.83048],[-0.35569,39.8307],[-0.35438,39.83075],[-0.35244,39.83144],[-0.35146,39.83137],[-0.35106,39.83169],[-0.34953,39.83223],[-0.34766,39.83235],[-0.3468,39.83194],[-0.34584,39.8309],[-0.34508,39.8304],[-0.34416,39.83011],[-0.34302,39.82943],[-0.34043,39.82926],[-0.33886,39.82951],[-0.33814,39.82942],[-0.33505,39.82686],[-0.33239,39.8258],[-0.33149,39.82463],[-0.33061,39.8239],[-0.32986,39.8237],[-0.32875,39.82383],[-0.32694,39.82448],[-0.325,39.82414],[-0.32415,39.82384],[-0.31747,39.82353],[-0.31598,39.82307],[-0.31593,39.82327],[-0.31565,39.82328],[-0.31556,39.82502],[-0.31502,39.8261],[-0.31488,39.82688],[-0.31404,39.82796],[-0.31393,39.82888],[-0.31367,39.82946],[-0.31358,39.83134],[-0.31569,39.83221],[-0.31666,39.83239],[-0.3179,39.83302],[-0.31776,39.83365],[-0.31693,39.83444],[-0.3163,39.83459],[-0.31568,39.83437],[-0.31466,39.83462],[-0.31331,39.83562],[-0.31217,39.83681],[-0.31163,39.83701],[-0.31105,39.83795],[-0.31091,39.83895],[-0.31053,39.83975],[-0.30799,39.84189],[-0.30771,39.84201],[-0.30446,39.84194],[-0.30206,39.84211],[-0.30204,39.8429],[-0.30169,39.84412],[-0.30086,39.84566],[-0.3007,39.84682],[-0.30094,39.84707],[-0.30101,39.84743],[-0.30084,39.84782],[-0.29995,39.84879],[-0.29961,39.84981],[-0.29967,39.84999],[-0.29944,39.85036],[-0.29942,39.85249],[-0.29704,39.85359],[-0.29515,39.8548],[-0.29455,39.85552],[-0.29199,39.85717],[-0.29074,39.8588],[-0.29051,39.86065],[-0.29113,39.86111],[-0.29148,39.86159],[-0.29233,39.86187],[-0.29303,39.86374],[-0.29413,39.86505],[-0.29426,39.86547],[-0.29621,39.86604],[-0.29675,39.86672],[-0.29733,39.86697],[-0.3007,39.86732],[-0.30205,39.86769],[-0.30256,39.86762],[-0.3035,39.86781],[-0.30517,39.86782],[-0.30574,39.86746],[-0.30635,39.86766],[-0.30693,39.86752],[-0.30848,39.86775],[-0.30939,39.86812],[-0.31043,39.86815],[-0.31106,39.86801],[-0.31244,39.86802],[-0.31342,39.86742],[-0.31386,39.86732],[-0.31417,39.8671],[-0.31425,39.86684],[-0.31513,39.86648],[-0.31657,39.86552],[-0.31748,39.86522],[-0.32048,39.86531],[-0.3211,39.8655],[-0.32279,39.86558],[-0.3242,39.86627],[-0.32492,39.86723],[-0.32475,39.86809],[-0.32551,39.86953],[-0.32586,39.87096],[-0.32488,39.87221],[-0.32563,39.87216],[-0.32543,39.87237],[-0.32922,39.87294],[-0.33025,39.87334],[-0.33256,39.87384],[-0.3344,39.87403],[-0.33699,39.87462],[-0.3375,39.87454],[-0.3388,39.87471],[-0.33919,39.87456],[-0.34008,39.87457],[-0.34151,39.87477],[-0.34378,39.87437],[-0.34563,39.87579],[-0.34648,39.87679],[-0.34743,39.87739],[-0.34851,39.87719],[-0.35117,39.87726],[-0.355,39.87823],[-0.35632,39.87843],[-0.35813,39.87765],[-0.35841,39.87769],[-0.36002,39.87897],[-0.36103,39.87955],[-0.36193,39.88037],[-0.36112,39.88147],[-0.35982,39.88411],[-0.35964,39.88519],[-0.35864,39.88597],[-0.35822,39.88668],[-0.35837,39.88725],[-0.35926,39.88888],[-0.35924,39.89002],[-0.3589,39.89138],[-0.35941,39.89299],[-0.35968,39.89637],[-0.35996,39.89709],[-0.35984,39.89726],[-0.36119,39.89755],[-0.36186,39.89798],[-0.36415,39.89846],[-0.36809,39.89862],[-0.37049,39.89937],[-0.37132,39.89995],[-0.37297,39.90067],[-0.3747,39.90077],[-0.37595,39.90123],[-0.37605,39.90187],[-0.37667,39.90269],[-0.3786,39.90441],[-0.37983,39.90577],[-0.38102,39.90611],[-0.38151,39.90673],[-0.3823,39.90678],[-0.38542,39.90763],[-0.38639,39.90883],[-0.38711,39.90942],[-0.38742,39.90985],[-0.3875,39.91043],[-0.38848,39.91133],[-0.38815,39.91447],[-0.38869,39.91503],[-0.3895,39.91719],[-0.38947,39.91804],[-0.39025,39.91827],[-0.3911,39.91897],[-0.39114,39.91981],[-0.39369,39.91989],[-0.39519,39.92033],[-0.39778,39.92061],[-0.39858,39.92098],[-0.39895,39.92153],[-0.39981,39.92178],[-0.40142,39.9219],[-0.40357,39.92299],[-0.40535,39.92306],[-0.40578,39.92347],[-0.40762,39.92411],[-0.40816,39.9246],[-0.40858,39.92597],[-0.4101,39.92662],[-0.41142,39.92763],[-0.41248,39.92795],[-0.41248,39.92887],[-0.41294,39.92967],[-0.413,39.93068],[-0.41349,39.93219],[-0.41352,39.93376],[-0.41408,39.93445],[-0.41608,39.93525],[-0.41644,39.93566],[-0.41656,39.93616],[-0.41622,39.93652],[-0.4153,39.93693],[-0.41397,39.93663],[-0.41371,39.93683],[-0.41345,39.93739],[-0.41259,39.93801],[-0.4106,39.93827],[-0.40958,39.93802],[-0.40633,39.93793],[-0.40554,39.93767],[-0.40388,39.93638],[-0.40228,39.93572],[-0.4006,39.93422],[-0.39985,39.93458],[-0.39859,39.9348],[-0.39659,39.93484],[-0.39591,39.93507],[-0.39525,39.93559],[-0.39537,39.93666],[-0.39508,39.93801],[-0.39372,39.93954],[-0.39345,39.9401],[-0.39242,39.94076],[-0.39182,39.94187],[-0.39175,39.94235],[-0.38934,39.94293],[-0.3869,39.94183],[-0.38619,39.94179],[-0.38575,39.94201],[-0.38393,39.94362],[-0.38363,39.94438],[-0.38258,39.94507],[-0.38329,39.94639],[-0.38297,39.94685],[-0.38196,39.94744],[-0.38179,39.94875],[-0.38101,39.94948],[-0.38054,39.95097],[-0.37988,39.95215],[-0.37919,39.9526],[-0.37808,39.95268],[-0.37623,39.95321],[-0.37499,39.95305],[-0.37473,39.95315],[-0.37455,39.9542],[-0.37373,39.95565],[-0.37373,39.956],[-0.37417,39.95678],[-0.37381,39.95786],[-0.37328,39.9586],[-0.37222,39.95858],[-0.37181,39.95879],[-0.37138,39.96067],[-0.37078,39.96157],[-0.37013,39.96206],[-0.36916,39.96242],[-0.36844,39.96346],[-0.36841,39.96422],[-0.36865,39.96495],[-0.36859,39.96571],[-0.36776,39.96671],[-0.36762,39.96846],[-0.36734,39.96911],[-0.36728,39.97017],[-0.36671,39.97044],[-0.36664,39.97152],[-0.36613,39.97202],[-0.36592,39.97255],[-0.36439,39.97362],[-0.36256,39.97407],[-0.36144,39.97414],[-0.3605,39.97477],[-0.35918,39.97688],[-0.35836,39.97891],[-0.35803,39.97933],[-0.35703,39.97976],[-0.35631,39.9814],[-0.35381,39.98015],[-0.35256,39.97895],[-0.35077,39.97798],[-0.34925,39.97777],[-0.34822,39.97611],[-0.34712,39.97534],[-0.34581,39.97624],[-0.34467,39.97794],[-0.34373,39.97856],[-0.34299,39.97873],[-0.34144,39.97971],[-0.33981,39.97966],[-0.3391,39.97948],[-0.33864,39.97957],[-0.33743,39.97917],[-0.33642,39.97936],[-0.33543,39.97892],[-0.33416,39.97887],[-0.33275,39.98004],[-0.33223,39.98101],[-0.33147,39.98139],[-0.33052,39.98216],[-0.32992,39.98323],[-0.32979,39.98451],[-0.32923,39.98506],[-0.32716,39.98504],[-0.32433,39.9857],[-0.32334,39.98605],[-0.32292,39.98646],[-0.32217,39.98681],[-0.32054,39.98795],[-0.31925,39.98823],[-0.31846,39.98863],[-0.31797,39.98863],[-0.31703,39.98778],[-0.31522,39.98703],[-0.31295,39.98692],[-0.31168,39.9867],[-0.30944,39.9871],[-0.30761,39.98837],[-0.30606,39.98921],[-0.305,39.98943],[-0.3041,39.98923],[-0.3034,39.98926],[-0.30248,39.98977],[-0.30196,39.99218],[-0.30096,39.99354],[-0.29965,39.99381],[-0.29827,39.99382],[-0.29695,39.99445],[-0.29693,39.99486],[-0.29665,39.99492],[-0.29663,39.99512],[-0.29583,39.99539],[-0.29505,39.99591],[-0.29437,39.99614],[-0.29193,39.99646],[-0.29109,39.99709],[-0.29053,39.99849],[-0.28966,39.99894],[-0.28857,39.99898],[-0.28803,39.99854],[-0.28651,39.99851],[-0.28488,39.99954],[-0.28239,39.99996],[-0.28071,40.00114],[-0.28019,40.00189],[-0.27954,40.00214],[-0.27744,40.00135],[-0.27576,40.00029],[-0.27429,39.99992],[-0.27353,39.99938],[-0.27088,39.9992],[-0.26795,39.99788],[-0.26682,39.99807],[-0.26564,39.9986],[-0.26531,39.99859],[-0.26572,39.99802],[-0.26604,39.99678],[-0.26449,39.99512],[-0.26438,39.9945],[-0.26394,39.99369],[-0.26381,39.99241],[-0.26235,39.99334],[-0.26116,39.99339],[-0.25963,39.99313],[-0.25687,39.99303],[-0.25612,39.99274],[-0.25528,39.99216],[-0.2543,39.99209],[-0.25209,39.99377],[-0.25052,39.99443],[-0.24916,39.99468],[-0.24843,39.99497],[-0.24819,39.99654],[-0.24722,39.9977],[-0.24657,39.99795],[-0.24495,39.99798],[-0.24425,39.9982],[-0.2434,39.99899],[-0.2421,39.99972],[-0.24202,40.00022],[-0.24245,40.00074],[-0.24256,40.00159],[-0.24303,40.00255],[-0.24294,40.00438],[-0.24258,40.0052],[-0.24095,40.00637],[-0.2393,40.00657],[-0.2386,40.00645],[-0.23773,40.00666],[-0.23703,40.00781],[-0.23689,40.00859],[-0.23655,40.00933],[-0.2358,40.0102],[-0.23548,40.01096],[-0.23497,40.01096],[-0.23405,40.01062],[-0.23306,40.01093],[-0.23213,40.01092],[-0.23168,40.01063],[-0.23155,40.00993],[-0.23131,40.00969],[-0.2299,40.00966],[-0.2296,40.00926],[-0.22961,40.0074],[-0.22929,40.0071],[-0.22881,40.00703],[-0.22676,40.0074],[-0.22535,40.00742],[-0.22398,40.00764],[-0.21997,40.00859],[-0.21709,40.00819],[-0.21575,40.0089],[-0.21388,40.00955],[-0.2121,40.00996],[-0.21021,40.00999],[-0.20902,40.01029],[-0.20873,40.01072],[-0.2088,40.01135],[-0.20926,40.0121],[-0.20917,40.01443],[-0.20897,40.01502],[-0.20913,40.01648],[-0.20956,40.0175],[-0.20939,40.01808],[-0.20964,40.01839],[-0.21033,40.01877],[-0.21043,40.01901],[-0.20988,40.02041],[-0.2107,40.02112],[-0.21149,40.02135],[-0.21238,40.02219],[-0.21208,40.02268],[-0.21126,40.02311],[-0.21047,40.0241],[-0.20865,40.02493],[-0.20747,40.02503],[-0.20638,40.0254],[-0.2054,40.02533],[-0.20476,40.025],[-0.20357,40.02551],[-0.20179,40.02559],[-0.20069,40.02632],[-0.2001,40.02653],[-0.19853,40.02664],[-0.19676,40.02768],[-0.19619,40.02891],[-0.19559,40.02951],[-0.19529,40.02962],[-0.19479,40.02963],[-0.19327,40.02854],[-0.1921,40.02816],[-0.19124,40.02708],[-0.1907,40.02688],[-0.18949,40.02854],[-0.18781,40.02934],[-0.18616,40.03047],[-0.18489,40.03059],[-0.18379,40.03132],[-0.1832,40.03153],[-0.182,40.03162],[-0.18104,40.03195],[-0.17996,40.03202],[-0.17867,40.03238],[-0.17688,40.03233],[-0.17521,40.03188],[-0.1722,40.03238],[-0.1708,40.03157],[-0.16999,40.03137],[-0.16937,40.03143],[-0.16782,40.0309],[-0.16563,40.02934],[-0.16489,40.02791],[-0.16462,40.02779],[-0.1642,40.02782],[-0.16389,40.02804],[-0.16356,40.02883],[-0.16141,40.02947],[-0.1607,40.02943],[-0.15966,40.029],[-0.15739,40.02896],[-0.15583,40.02935],[-0.15535,40.02927],[-0.15479,40.02893],[-0.15427,40.02891],[-0.15181,40.02978],[-0.15047,40.0307],[-0.14941,40.03107],[-0.14861,40.03158],[-0.14732,40.03192],[-0.14679,40.03242],[-0.14471,40.03373],[-0.14381,40.03385],[-0.14257,40.03438],[-0.14133,40.0342],[-0.13939,40.03463],[-0.13755,40.03632],[-0.13519,40.03734],[-0.13458,40.03735],[-0.13279,40.03675],[-0.13092,40.03727],[-0.1282,40.03746],[-0.12667,40.03824],[-0.12539,40.03868],[-0.12361,40.03876],[-0.12245,40.03959],[-0.12218,40.04015],[-0.12152,40.04072],[-0.12154,40.04148],[-0.12084,40.04207],[-0.12062,40.04259],[-0.12011,40.0431],[-0.11868,40.04341],[-0.11863,40.04374],[-0.11887,40.04437],[-0.11856,40.04509],[-0.11734,40.04508],[-0.11668,40.04532],[-0.11607,40.04654],[-0.11486,40.04718],[-0.11367,40.04727],[-0.11055,40.04802],[-0.10901,40.04801],[-0.1072,40.04943],[-0.10551,40.0496],[-0.10496,40.05],[-0.10406,40.05104],[-0.10289,40.05133],[-0.10198,40.05198],[-0.10153,40.05308],[-0.10199,40.0545],[-0.10197,40.05491],[-0.1013,40.05607],[-0.09967,40.05753],[-0.09892,40.05901],[-0.09731,40.05946],[-0.09634,40.05992],[-0.09546,40.06069],[-0.09364,40.0612],[-0.09333,40.06145],[-0.09323,40.06202],[-0.09134,40.06225],[-0.09093,40.06246],[-0.08975,40.06359],[-0.0893,40.06431],[-0.08639,40.06643],[-0.08586,40.06739],[-0.08515,40.06783],[-0.08493,40.06849],[-0.08423,40.06908],[-0.08372,40.06982],[-0.08284,40.0705],[-0.08233,40.07073],[-0.08087,40.07082],[-0.07927,40.07215],[-0.07816,40.07256],[-0.07594,40.0741],[-0.07338,40.07391],[-0.07262,40.07477],[-0.07168,40.0754],[-0.06969,40.07503],[-0.06909,40.0751],[-0.06778,40.07444],[-0.06744,40.07578],[-0.06754,40.07709],[-0.06559,40.07902],[-0.06482,40.08054],[-0.06355,40.08215],[-0.06208,40.08298],[-0.06126,40.08306],[-0.0607,40.08362],[-0.06095,40.08428],[-0.0617,40.0853],[-0.06144,40.08606],[-0.06145,40.08653],[-0.06254,40.08737],[-0.06216,40.08799],[-0.06165,40.08831],[-0.0616,40.0887],[-0.06083,40.08892],[-0.06019,40.0894],[-0.05985,40.08992],[-0.05966,40.09083],[-0.05936,40.09105],[-0.05778,40.09115],[-0.05685,40.0916],[-0.05648,40.09195],[-0.05472,40.0919],[-0.05447,40.09162],[-0.05441,40.09125],[-0.05393,40.09098],[-0.05311,40.09117],[-0.05092,40.09116],[-0.04968,40.09153],[-0.04846,40.09151],[-0.04777,40.09123],[-0.04698,40.0904],[-0.04549,40.08965],[-0.04358,40.09002],[-0.04101,40.08994],[-0.04054,40.08958],[-0.03909,40.08918],[-0.03788,40.08809],[-0.03714,40.08785],[-0.0363,40.08787],[-0.03427,40.08844],[-0.03111,40.08814],[-0.03028,40.08832],[-0.02875,40.08834],[-0.0274,40.08857],[-0.02559,40.08928],[-0.02519,40.09031],[-0.02513,40.09128],[-0.02518,40.09169],[-0.02556,40.09241],[-0.025,40.09429],[-0.02275,40.09431],[-0.02135,40.09526],[-0.02006,40.09559],[-0.01847,40.0966],[-0.01717,40.0963],[-0.01568,40.09563],[-0.01486,40.09565],[-0.01319,40.09605],[-0.01128,40.09747],[-0.00899,40.09838],[-0.00766,40.09716],[-0.00732,40.09633],[-0.00741,40.0958],[-0.00847,40.09493],[-0.00889,40.0941],[-0.00858,40.09148],[-0.00826,40.09107],[-0.00869,40.09025],[-0.00799,40.08987],[-0.0079,40.08866],[-0.00748,40.08813],[-0.0074,40.08777],[-0.00749,40.08723],[-0.00799,40.08666],[-0.00815,40.08567],[-0.00867,40.08503],[-0.00877,40.08207],[-0.00849,40.08162],[-0.00779,40.08116],[-0.00639,40.07955],[-0.00631,40.07825],[-0.00611,40.07777],[-0.0064,40.07711],[-0.006,40.07649],[-0.00508,40.07592],[-0.00379,40.07402],[-0.00172,40.07302],[0.00034,40.0724],[0.00296,40.07037],[0.00438,40.07085],[0.00669,40.07269],[0.0085,40.07297],[0.01034,40.07364],[0.01115,40.07414],[0.01305,40.07491],[0.01374,40.07528],[0.01381,40.07576],[0.01414,40.07612],[0.01605,40.0772],[0.01725,40.07761],[0.01821,40.07774],[0.01947,40.07895],[0.01998,40.07895],[0.02023,40.07916],[0.02043,40.07895],[0.02082,40.07893],[0.0218,40.07922],[0.02326,40.0805],[0.02392,40.08145],[0.02439,40.08254],[0.02534,40.08346],[0.02728,40.08466],[0.02797,40.08549],[0.02861,40.08584],[0.02947,40.08589],[0.03052,40.08564],[0.03546,40.08682],[0.03967,40.08392],[0.05015,40.07611],[0.05399,40.07635],[0.05557,40.07761],[0.05692,40.07843],[0.06129,40.08053],[0.06462,40.08161],[0.07959,40.08382],[0.08213,40.08267],[0.08477,40.08316],[0.08587,40.07903],[0.08926,40.07505],[0.09429,40.07417],[0.09375,40.07178],[0.08925,40.0679],[0.08737,40.06292],[0.088,40.06025],[0.09052,40.05579],[0.09049,40.05562],[0.08867,40.05606],[0.08807,40.05649],[0.08715,40.0568],[0.08651,40.05679],[0.08602,40.05606],[0.0859,40.05618],[0.0862,40.05665],[0.08578,40.05683],[0.08499,40.05687],[0.08432,40.05666],[0.0833,40.05601],[0.0829,40.05557],[0.08406,40.05454],[0.08361,40.05466],[0.08265,40.05548],[0.08151,40.05515],[0.08099,40.05478],[0.08057,40.05416],[0.08162,40.0532],[0.08129,40.05326],[0.08006,40.0541],[0.07893,40.05356],[0.07752,40.05246],[0.07844,40.05131],[0.07832,40.05126],[0.07735,40.05219],[0.07611,40.05175],[0.07557,40.05132],[0.07503,40.05052],[0.07622,40.04955],[0.07615,40.04947],[0.07482,40.05043],[0.07356,40.04986],[0.07265,40.04917],[0.07174,40.04815],[0.07151,40.04722],[0.07183,40.04666],[0.07216,40.04659],[0.07275,40.04687],[0.07266,40.04666],[0.07117,40.04587],[0.07103,40.04598],[0.07141,40.04623],[0.0709,40.04668],[0.07038,40.04678],[0.06959,40.04668],[0.06801,40.04608],[0.06792,40.04535],[0.06743,40.04502],[0.06736,40.0451],[0.06776,40.04556],[0.06725,40.04585],[0.06636,40.04591],[0.06559,40.04571],[0.06503,40.04525],[0.06494,40.04463],[0.06504,40.04406],[0.06565,40.04458],[0.06577,40.04447],[0.06433,40.0431],[0.0642,40.04317],[0.06455,40.04368],[0.06338,40.04389],[0.06257,40.04369],[0.06205,40.04323],[0.0619,40.04276],[0.06209,40.04236],[0.0626,40.04239],[0.06273,40.04237],[0.06264,40.04227],[0.06212,40.0421],[0.06108,40.04255],[0.06071,40.04245],[0.05895,40.04123],[0.05831,40.04101],[0.05596,40.03953],[0.05466,40.03932],[0.05376,40.03864],[0.05318,40.03845],[0.05185,40.03737],[0.05211,40.03699],[0.05206,40.03682],[0.05175,40.03669],[0.05168,40.03679],[0.0519,40.03698],[0.05156,40.037],[0.05106,40.03683],[0.0495,40.03523],[0.04932,40.03457],[0.05012,40.03408],[0.04921,40.03445],[0.04866,40.0341],[0.0479,40.03322],[0.04715,40.03192],[0.04807,40.0315],[0.0471,40.03178],[0.04683,40.03151],[0.04565,40.02942],[0.04518,40.02785],[0.04622,40.0276],[0.0465,40.02658],[0.04628,40.02669],[0.04605,40.02745],[0.04477,40.02679],[0.04425,40.026],[0.04326,40.02349],[0.04317,40.02312],[0.04429,40.02284],[0.04463,40.02188],[0.04447,40.02183],[0.04431,40.022],[0.04412,40.0227],[0.04334,40.02242],[0.04271,40.02188],[0.04178,40.02021],[0.04078,40.01783],[0.04074,40.01696],[0.04155,40.01669],[0.0405,40.01689],[0.03999,40.01633],[0.04006,40.01601],[0.0393,40.01605],[0.03884,40.01571],[0.03775,40.01438],[0.037,40.01277],[0.03614,40.0119],[0.03552,40.0109],[0.03447,40.00855],[0.03366,40.00604],[0.03225,40.0026],[0.03216,40.0022],[0.03312,40.00167],[0.0321,40.00206],[0.03196,40.00196],[0.03185,40.00173],[0.03218,40.00149],[0.03185,40.00155],[0.03167,40.0014],[0.03074,39.99951],[0.0287,39.99378],[0.02794,39.99092],[0.02763,39.99043],[0.02692,39.98824],[0.02556,39.98341],[0.02537,39.98209],[0.02503,39.98132],[0.02467,39.97878],[0.02432,39.97813],[0.02566,39.97775],[0.02486,39.97525],[0.02739,39.97284],[0.02943,39.97115],[0.02906,39.96774],[0.02883,39.96751],[0.0278,39.96265],[0.02754,39.96246],[0.02728,39.96261],[0.02744,39.96278],[0.02856,39.96747],[0.02765,39.9679],[0.02536,39.97043],[0.02512,39.97029],[0.02461,39.9708],[0.0249,39.97095],[0.02408,39.97171],[0.02354,39.97168],[0.02224,39.96983],[0.02152,39.96977],[0.021,39.96952],[0.0201,39.96975],[0.0199,39.97005],[0.02111,39.97181],[0.02064,39.97316],[0.01763,39.97441],[0.0175,39.9742],[0.01715,39.97433],[0.01463,39.9707],[0.01491,39.9705],[0.01474,39.97031],[0.0164,39.96959],[0.01662,39.96984],[0.01701,39.96986],[0.01857,39.96919],[0.01845,39.96892],[0.01818,39.96905],[0.01805,39.96893],[0.01983,39.96812],[0.01955,39.96768],[0.01933,39.96763],[0.01396,39.96987],[0.01278,39.96825],[0.01201,39.96848],[0.01274,39.96819],[0.01255,39.96792],[0.0135,39.96753],[0.01385,39.96809],[0.01406,39.96799],[0.01362,39.96747],[0.01449,39.9671],[0.01483,39.96766],[0.01505,39.96756],[0.0146,39.96704],[0.01557,39.96664],[0.01584,39.96701],[0.01675,39.96651],[0.01772,39.96631],[0.02251,39.96792],[0.02268,39.96762],[0.01722,39.9657],[0.01676,39.96573],[0.01115,39.96806],[0.01031,39.96769],[0.00873,39.96633],[0.00587,39.9595],[0.00509,39.95722],[0.00554,39.95704],[0.0056,39.95665],[0.00534,39.95581],[0.00506,39.95591],[0.00537,39.95679],[0.00517,39.95697],[0.00467,39.95689],[0.00489,39.9567],[0.00488,39.95645],[0.00441,39.95595],[0.00397,39.95471],[0.00391,39.95433],[0.00421,39.95372],[0.00412,39.95352],[0.00393,39.95351],[0.0033,39.95049],[0.00329,39.95024],[0.00366,39.95008],[0.00362,39.94994],[0.00326,39.94991],[0.00295,39.94878],[0.00374,39.94818],[0.00344,39.94786],[0.00258,39.94768],[0.00225,39.9461],[0.00204,39.94265],[0.00292,39.94237],[0.00224,39.94231],[0.00202,39.94202],[0.0016,39.94042],[0.00181,39.94021],[0.00143,39.93977],[0.00132,39.93907],[0.00148,39.93866],[0.00216,39.93812],[0.0025,39.93811],[0.00245,39.93861],[0.00268,39.93861],[0.00261,39.93699],[0.00239,39.93686],[0.00242,39.93718],[0.00222,39.93726],[0.00143,39.93702],[0.0011,39.93665],[0.0007,39.93525],[0.00081,39.93468],[0.00106,39.93437],[0.00148,39.93426],[0.00146,39.93455],[0.00167,39.93453],[0.00158,39.93302],[0.00135,39.93304],[0.00146,39.93349],[0.00064,39.93347],[-0.00011,39.93293],[-0.00026,39.93263],[-0.00076,39.93067],[-0.00034,39.93046],[-0.00086,39.93037],[-0.0011,39.92993],[-0.0019,39.92693],[-0.00185,39.92665],[-0.00221,39.92654],[-0.0026,39.92571],[-0.00324,39.92241],[-0.00301,39.92224],[-0.00361,39.92218],[-0.00387,39.92178],[-0.00492,39.91791],[-0.0049,39.9177],[-0.0046,39.91751],[-0.00516,39.91742],[-0.00551,39.91678],[-0.00574,39.91542],[-0.00516,39.91517],[-0.00541,39.91506],[-0.00611,39.91521],[-0.00682,39.91474],[-0.00705,39.91412],[-0.0083,39.91281],[-0.00879,39.91194],[-0.00933,39.91168],[-0.00932,39.91112],[-0.01097,39.90896],[-0.0113,39.9082],[-0.01316,39.90652]]]}},{"type":"Feature","id":"5-0","properties":{"NomSistExp":"Júcar","Subsistema":"Bajo Júcar","Superf km2":1408.03,"Area km2":1408.03,"id":"5-0"},"geometry":{"type":"Polygon","coordinates":[[[-0.57754,39.381],[-0.57545,39.38151],[-0.57504,39.38177],[-0.57433,39.38184],[-0.57371,39.38178],[-0.5718,39.38085],[-0.57135,39.38086],[-0.57074,39.38135],[-0.57015,39.38237],[-0.56892,39.38294],[-0.56811,39.38296],[-0.56738,39.38276],[-0.5656,39.38159],[-0.56434,39.38144],[-0.56214,39.38265],[-0.56162,39.38343],[-0.56112,39.38358],[-0.56028,39.38337],[-0.55962,39.38273],[-0.55781,39.38274],[-0.55441,39.38358],[-0.55375,39.38367],[-0.55326,39.38351],[-0.55213,39.38353],[-0.5507,39.38411],[-0.55005,39.38378],[-0.54861,39.38148],[-0.54818,39.38109],[-0.54681,39.38099],[-0.54391,39.38152],[-0.54307,39.38184],[-0.54124,39.38355],[-0.53948,39.38433],[-0.53727,39.38494],[-0.53195,39.38715],[-0.5278,39.38925],[-0.52569,39.39049],[-0.52479,39.39064],[-0.52235,39.39055],[-0.52032,39.39075],[-0.51993,39.39114],[-0.5193,39.39266],[-0.51827,39.39323],[-0.516,39.39373],[-0.51458,39.39436],[-0.51184,39.39622],[-0.51081,39.39714],[-0.50969,39.39909],[-0.50812,39.40075],[-0.50773,39.40134],[-0.50719,39.40279],[-0.50654,39.40342],[-0.50354,39.40411],[-0.49871,39.40401],[-0.49706,39.40454],[-0.49645,39.40502],[-0.49481,39.40894],[-0.49426,39.41083],[-0.49401,39.41125],[-0.49293,39.41221],[-0.49261,39.41285],[-0.49238,39.41408],[-0.49145,39.41528],[-0.49089,39.41654],[-0.48855,39.41904],[-0.48835,39.42015],[-0.49002,39.42136],[-0.49017,39.42284],[-0.49008,39.42349],[-0.48959,39.42401],[-0.48832,39.42646],[-0.48755,39.42737],[-0.49188,39.43081],[-0.50355,39.42803],[-0.50922,39.43108],[-0.5094,39.43203],[-0.50905,39.43413],[-0.50902,39.43638],[-0.50993,39.44052],[-0.50305,39.44494],[-0.49806,39.45127],[-0.49408,39.45736],[-0.49744,39.47192],[-0.48605,39.47486],[-0.48148,39.47382],[-0.47908,39.47304],[-0.4781,39.47236],[-0.47726,39.47138],[-0.47505,39.46968],[-0.47413,39.46804],[-0.47183,39.46647],[-0.47004,39.46553],[-0.46026,39.4651],[-0.4605,39.46298],[-0.46032,39.4623],[-0.45952,39.46184],[-0.45832,39.46073],[-0.45747,39.45965],[-0.4559,39.45854],[-0.45455,39.4583],[-0.45394,39.45654],[-0.45754,39.45468],[-0.45794,39.45403],[-0.45785,39.45288],[-0.45722,39.45058],[-0.45452,39.44658],[-0.45423,39.44556],[-0.45206,39.44265],[-0.45166,39.44171],[-0.45104,39.44094],[-0.44827,39.44101],[-0.44385,39.43897],[-0.43981,39.43751],[-0.43692,39.43692],[-0.43344,39.43679],[-0.43113,39.43602],[-0.4293,39.43562],[-0.42547,39.43566],[-0.42273,39.43496],[-0.42068,39.43361],[-0.41715,39.42931],[-0.41601,39.42855],[-0.41344,39.42754],[-0.41261,39.42672],[-0.41233,39.42596],[-0.4127,39.42426],[-0.41241,39.42236],[-0.40985,39.41997],[-0.40815,39.41891],[-0.40746,39.41809],[-0.40671,39.41688],[-0.40589,39.41426],[-0.40445,39.41267],[-0.4074,39.41104],[-0.40861,39.40987],[-0.40911,39.40912],[-0.4089,39.40817],[-0.40896,39.407],[-0.40935,39.40609],[-0.41043,39.40532],[-0.41108,39.4045],[-0.40784,39.40346],[-0.40513,39.40288],[-0.39986,39.40291],[-0.39552,39.40237],[-0.39295,39.4017],[-0.39018,39.40137],[-0.38573,39.39998],[-0.38418,39.39966],[-0.37644,39.39876],[-0.37254,39.39878],[-0.36895,39.39706],[-0.36726,39.39611],[-0.36619,39.39531],[-0.36549,39.39464],[-0.36382,39.39243],[-0.36006,39.3834],[-0.357,39.37833],[-0.35515,39.3758],[-0.35439,39.37503],[-0.34708,39.36871],[-0.34473,39.36592],[-0.34326,39.36359],[-0.34229,39.3617],[-0.33932,39.35842],[-0.33506,39.35519],[-0.33055,39.35209],[-0.32678,39.34992],[-0.32378,39.34858],[-0.32272,39.34882],[-0.32252,39.34825],[-0.32236,39.34824],[-0.32268,39.34801],[-0.32204,39.34836],[-0.31241,39.35049],[-0.31195,39.35049],[-0.31191,39.35021],[-0.31168,39.35012],[-0.30772,39.34157],[-0.30484,39.33437],[-0.29911,39.32305],[-0.2975,39.32057],[-0.2974,39.32018],[-0.29761,39.31986],[-0.29666,39.31789],[-0.29545,39.31578],[-0.29418,39.31285],[-0.29246,39.30987],[-0.29206,39.30884],[-0.29167,39.30843],[-0.29231,39.30838],[-0.29836,39.30995],[-0.29856,39.3095],[-0.29389,39.30828],[-0.29277,39.30831],[-0.29148,39.30801],[-0.29125,39.30733],[-0.28921,39.30365],[-0.28612,39.29838],[-0.28562,39.29708],[-0.28433,39.29496],[-0.28233,39.29101],[-0.28058,39.28853],[-0.27493,39.27924],[-0.2729,39.27901],[-0.27243,39.27863],[-0.27347,39.27901],[-0.27632,39.27898],[-0.27861,39.27919],[-0.27861,39.27842],[-0.27594,39.27857],[-0.27475,39.27834],[-0.27369,39.27839],[-0.27324,39.27866],[-0.27313,39.27821],[-0.27342,39.27794],[-0.27343,39.27719],[-0.27296,39.27595],[-0.27086,39.27239],[-0.27014,39.27061],[-0.26822,39.26719],[-0.26101,39.25551],[-0.26018,39.25378],[-0.25958,39.25205],[-0.25824,39.24944],[-0.25814,39.24904],[-0.25827,39.24865],[-0.25789,39.24857],[-0.25742,39.24797],[-0.25669,39.246],[-0.25599,39.24463],[-0.25505,39.24339],[-0.25353,39.24024],[-0.25024,39.23452],[-0.2483,39.2315],[-0.24783,39.23019],[-0.24671,39.22878],[-0.24617,39.22758],[-0.24383,39.22391],[-0.24344,39.22359],[-0.24218,39.22114],[-0.23703,39.21339],[-0.2365,39.21282],[-0.2337,39.20842],[-0.23325,39.20737],[-0.23224,39.20589],[-0.23182,39.20499],[-0.22354,39.19151],[-0.22259,39.18964],[-0.22256,39.18917],[-0.22221,39.18846],[-0.2216,39.18806],[-0.22148,39.18765],[-0.22004,39.18688],[-0.21872,39.18737],[-0.21834,39.18735],[-0.21701,39.18688],[-0.21628,39.18634],[-0.21651,39.18599],[-0.21643,39.18568],[-0.21656,39.18538],[-0.2178,39.18522],[-0.21731,39.18434],[-0.21741,39.18415],[-0.21793,39.18395],[-0.21795,39.18366],[-0.21826,39.18349],[-0.21815,39.1833],[-0.21826,39.18274],[-0.21878,39.18289],[-0.2191,39.18255],[-0.21892,39.18248],[-0.21886,39.18198],[-0.21829,39.18142],[-0.21834,39.18113],[-0.21963,39.1806],[-0.22003,39.18012],[-0.2204,39.1803],[-0.22069,39.18096],[-0.2216,39.18142],[-0.22262,39.18135],[-0.22385,39.1809],[-0.22409,39.18056],[-0.22388,39.18032],[-0.22398,39.18017],[-0.22694,39.181],[-0.2275,39.181],[-0.22835,39.1809],[-0.22853,39.18062],[-0.2291,39.18037],[-0.22956,39.17994],[-0.23052,39.18006],[-0.23075,39.17964],[-0.23093,39.18036],[-0.23158,39.18035],[-0.23163,39.18018],[-0.2318,39.18051],[-0.2323,39.18051],[-0.23369,39.18005],[-0.23385,39.18024],[-0.23419,39.18022],[-0.23494,39.17988],[-0.23775,39.17747],[-0.23901,39.17539],[-0.2401,39.17233],[-0.24062,39.16824],[-0.24094,39.16714],[-0.24073,39.16244],[-0.24021,39.1594],[-0.23991,39.15856],[-0.2395,39.15434],[-0.23921,39.15365],[-0.23893,39.15193],[-0.23521,39.15141],[-0.23346,39.15138],[-0.23339,39.15127],[-0.23507,39.15124],[-0.24263,39.15237],[-0.243,39.15231],[-0.24409,39.15268],[-0.2441,39.15284],[-0.24439,39.15279],[-0.24487,39.15299],[-0.24521,39.15246],[-0.24238,39.15152],[-0.23596,39.15054],[-0.23822,39.15079],[-0.23892,39.15015],[-0.23954,39.14863],[-0.23935,39.14597],[-0.23864,39.14318],[-0.2379,39.14173],[-0.2376,39.14145],[-0.23643,39.1416],[-0.23554,39.14061],[-0.23564,39.14033],[-0.23593,39.14081],[-0.23642,39.14079],[-0.23656,39.14027],[-0.23628,39.14007],[-0.23612,39.14029],[-0.23602,39.13995],[-0.23709,39.13958],[-0.23707,39.13928],[-0.23613,39.1371],[-0.2354,39.13718],[-0.23603,39.13699],[-0.23604,39.13675],[-0.23632,39.13663],[-0.23585,39.13534],[-0.2356,39.13514],[-0.23536,39.13525],[-0.23516,39.13435],[-0.23482,39.13378],[-0.23453,39.13363],[-0.23408,39.13372],[-0.23403,39.13391],[-0.23382,39.1335],[-0.23426,39.13362],[-0.23485,39.13321],[-0.23493,39.13284],[-0.23476,39.13221],[-0.23467,39.13208],[-0.23422,39.13203],[-0.23398,39.13132],[-0.23332,39.13146],[-0.23328,39.13166],[-0.23316,39.13157],[-0.23294,39.1311],[-0.2333,39.13137],[-0.2336,39.13129],[-0.23383,39.13104],[-0.2339,39.13052],[-0.23358,39.13008],[-0.23326,39.12995],[-0.23282,39.12998],[-0.23288,39.13035],[-0.23268,39.13035],[-0.2323,39.1294],[-0.23255,39.12941],[-0.23272,39.1297],[-0.23332,39.12939],[-0.23306,39.12922],[-0.23267,39.12845],[-0.23238,39.12855],[-0.23236,39.12836],[-0.23254,39.12826],[-0.23232,39.12779],[-0.23187,39.12761],[-0.23138,39.12775],[-0.23132,39.12827],[-0.23056,39.12737],[-0.23032,39.12643],[-0.23051,39.12642],[-0.23061,39.12674],[-0.23116,39.12674],[-0.23153,39.1264],[-0.23156,39.12598],[-0.23127,39.12581],[-0.23115,39.126],[-0.23126,39.12561],[-0.22983,39.12493],[-0.22987,39.12483],[-0.23255,39.12614],[-0.23287,39.12584],[-0.23053,39.12465],[-0.23127,39.12419],[-0.23114,39.12353],[-0.23124,39.12323],[-0.23218,39.12279],[-0.231,39.12102],[-0.23074,39.1201],[-0.23338,39.1196],[-0.23539,39.12146],[-0.23588,39.12227],[-0.23785,39.1241],[-0.23898,39.1245],[-0.2398,39.12529],[-0.24094,39.12577],[-0.24266,39.1261],[-0.24403,39.12592],[-0.24858,39.12601],[-0.24912,39.12579],[-0.25053,39.12479],[-0.25229,39.12448],[-0.25271,39.12427],[-0.25332,39.12374],[-0.25337,39.12275],[-0.25183,39.12185],[-0.25037,39.12148],[-0.24835,39.12056],[-0.24699,39.11915],[-0.24644,39.11846],[-0.24622,39.11789],[-0.24496,39.11683],[-0.24474,39.11644],[-0.2458,39.11616],[-0.24684,39.11546],[-0.24782,39.11512],[-0.24862,39.11461],[-0.24958,39.11448],[-0.25074,39.11373],[-0.25106,39.11376],[-0.25204,39.1145],[-0.25272,39.11473],[-0.25288,39.11562],[-0.25315,39.11594],[-0.25486,39.11731],[-0.2561,39.11772],[-0.25727,39.11839],[-0.25834,39.11957],[-0.2586,39.12018],[-0.25993,39.12082],[-0.26092,39.12089],[-0.26227,39.12066],[-0.26355,39.11977],[-0.26425,39.11881],[-0.26427,39.11767],[-0.26403,39.11692],[-0.27326,39.12213],[-0.28432,39.11638],[-0.28821,39.11392],[-0.28991,39.11177],[-0.29208,39.11223],[-0.29281,39.11261],[-0.29415,39.11268],[-0.29466,39.11263],[-0.29526,39.1121],[-0.29645,39.11165],[-0.29909,39.11263],[-0.30124,39.11412],[-0.30211,39.11441],[-0.30395,39.1131],[-0.30489,39.11195],[-0.30493,39.1117],[-0.30469,39.11127],[-0.30495,39.11084],[-0.3048,39.10954],[-0.30517,39.10866],[-0.30734,39.10623],[-0.30836,39.10538],[-0.30924,39.10509],[-0.3099,39.10448],[-0.30991,39.10421],[-0.31078,39.10343],[-0.31084,39.103],[-0.31016,39.10214],[-0.30835,39.10078],[-0.30514,39.09877],[-0.30315,39.09716],[-0.30119,39.09626],[-0.2981,39.09539],[-0.29759,39.09416],[-0.29665,39.09098],[-0.29669,39.08927],[-0.2971,39.08764],[-0.29909,39.084],[-0.29984,39.08326],[-0.3004,39.08354],[-0.3007,39.08397],[-0.30179,39.08484],[-0.30303,39.08503],[-0.30422,39.08576],[-0.30629,39.08766],[-0.30703,39.08795],[-0.3086,39.08803],[-0.30875,39.08843],[-0.30881,39.08997],[-0.31001,39.09084],[-0.31058,39.09159],[-0.31276,39.09254],[-0.31406,39.09282],[-0.31593,39.09209],[-0.31673,39.09225],[-0.31715,39.09266],[-0.31896,39.09331],[-0.32021,39.09429],[-0.32514,39.09657],[-0.32721,39.0979],[-0.32827,39.09799],[-0.3293,39.09877],[-0.33262,39.10005],[-0.33424,39.0983],[-0.33524,39.0982],[-0.33596,39.09747],[-0.33725,39.09672],[-0.33687,39.09469],[-0.33718,39.094],[-0.33674,39.09334],[-0.33687,39.08982],[-0.33727,39.08899],[-0.33815,39.08827],[-0.33933,39.08755],[-0.34322,39.08579],[-0.34752,39.08541],[-0.34862,39.08507],[-0.34948,39.08505],[-0.35013,39.08444],[-0.35058,39.08337],[-0.35104,39.08291],[-0.35375,39.08296],[-0.35595,39.08411],[-0.35681,39.08433],[-0.35751,39.08349],[-0.35815,39.08172],[-0.35871,39.08091],[-0.3588,39.08008],[-0.3598,39.07764],[-0.35988,39.07682],[-0.36028,39.07648],[-0.36014,39.07604],[-0.36047,39.07587],[-0.36163,39.07653],[-0.36259,39.0767],[-0.36378,39.07729],[-0.36497,39.07671],[-0.36907,39.077],[-0.36939,39.0766],[-0.37001,39.07637],[-0.37107,39.07637],[-0.37146,39.07539],[-0.37224,39.07446],[-0.37238,39.07368],[-0.37286,39.07312],[-0.37295,39.07264],[-0.37579,39.07014],[-0.37642,39.06935],[-0.37809,39.0695],[-0.37996,39.06854],[-0.38032,39.06782],[-0.38055,39.06632],[-0.38115,39.06514],[-0.38579,39.06405],[-0.3872,39.06341],[-0.38752,39.06299],[-0.38642,39.0623],[-0.38585,39.06166],[-0.38594,39.06031],[-0.38633,39.05906],[-0.38617,39.0585],[-0.38548,39.05791],[-0.38513,39.05785],[-0.38522,39.0576],[-0.38481,39.05641],[-0.38402,39.05637],[-0.3834,39.0557],[-0.38295,39.0556],[-0.3816,39.05484],[-0.38079,39.05473],[-0.38071,39.05438],[-0.37923,39.0534],[-0.37815,39.05319],[-0.37549,39.05193],[-0.37435,39.05159],[-0.37283,39.05042],[-0.37106,39.04959],[-0.37035,39.0491],[-0.37011,39.04844],[-0.37015,39.0481],[-0.37175,39.047],[-0.37165,39.04648],[-0.37192,39.04578],[-0.3712,39.04566],[-0.37056,39.04492],[-0.37057,39.04337],[-0.37087,39.04281],[-0.37243,39.0428],[-0.37358,39.04225],[-0.37455,39.04199],[-0.37602,39.04204],[-0.37839,39.04252],[-0.3792,39.04156],[-0.37941,39.04105],[-0.3804,39.04024],[-0.38062,39.03972],[-0.38175,39.03888],[-0.38335,39.0385],[-0.38473,39.03779],[-0.38592,39.03747],[-0.38656,39.03712],[-0.38763,39.03728],[-0.38809,39.03719],[-0.38843,39.03616],[-0.38857,39.03395],[-0.38972,39.03309],[-0.39339,39.03319],[-0.39489,39.03366],[-0.39539,39.03366],[-0.39559,39.03346],[-0.39643,39.03347],[-0.39782,39.03393],[-0.39883,39.03376],[-0.4003,39.03379],[-0.4006,39.03393],[-0.40077,39.03463],[-0.40118,39.03493],[-0.40177,39.03481],[-0.40283,39.03388],[-0.4044,39.03364],[-0.40481,39.03388],[-0.40586,39.0339],[-0.40771,39.03548],[-0.41116,39.03569],[-0.41216,39.03664],[-0.41308,39.03682],[-0.41341,39.03703],[-0.41436,39.03837],[-0.41532,39.03755],[-0.41633,39.03722],[-0.41667,39.03694],[-0.41675,39.0361],[-0.4166,39.03558],[-0.41673,39.03524],[-0.41653,39.03437],[-0.41843,39.03438],[-0.41861,39.03365],[-0.4189,39.03352],[-0.41927,39.03354],[-0.42026,39.03399],[-0.42347,39.03407],[-0.42358,39.03387],[-0.42448,39.03386],[-0.42475,39.03366],[-0.42522,39.03366],[-0.42534,39.03325],[-0.42599,39.03319],[-0.42685,39.03281],[-0.42794,39.03277],[-0.42927,39.03219],[-0.43061,39.0322],[-0.43196,39.03245],[-0.43254,39.0319],[-0.43355,39.0315],[-0.4349,39.03037],[-0.43663,39.02963],[-0.43701,39.02841],[-0.43729,39.02817],[-0.43861,39.02802],[-0.43935,39.02732],[-0.44048,39.02679],[-0.44314,39.02618],[-0.44344,39.02618],[-0.44386,39.02645],[-0.44506,39.02753],[-0.44728,39.02761],[-0.44874,39.02749],[-0.44977,39.02856],[-0.4505,39.02881],[-0.45121,39.02878],[-0.45356,39.02816],[-0.45392,39.02791],[-0.45445,39.02719],[-0.45635,39.02668],[-0.45698,39.02674],[-0.45804,39.02713],[-0.45885,39.02679],[-0.45937,39.02675],[-0.46167,39.02681],[-0.46249,39.02702],[-0.46359,39.02706],[-0.4644,39.02751],[-0.4658,39.02744],[-0.4666,39.02798],[-0.46891,39.02861],[-0.46971,39.02926],[-0.46992,39.02983],[-0.47022,39.03013],[-0.47204,39.0309],[-0.47256,39.03139],[-0.47276,39.03212],[-0.47359,39.03282],[-0.47473,39.03353],[-0.47623,39.03417],[-0.47714,39.03488],[-0.47737,39.03516],[-0.47752,39.03584],[-0.4779,39.0363],[-0.478,39.03716],[-0.47829,39.03768],[-0.47887,39.03813],[-0.48003,39.03845],[-0.48014,39.03872],[-0.47996,39.03923],[-0.48024,39.03975],[-0.48183,39.0404],[-0.48346,39.04198],[-0.48444,39.04367],[-0.4852,39.0442],[-0.48521,39.04474],[-0.48544,39.04507],[-0.48545,39.0461],[-0.4859,39.04696],[-0.48822,39.04753],[-0.48963,39.04846],[-0.49057,39.04945],[-0.49152,39.04999],[-0.49275,39.05098],[-0.49362,39.05114],[-0.49408,39.05168],[-0.49421,39.0526],[-0.49454,39.05296],[-0.49502,39.05315],[-0.49569,39.05261],[-0.49626,39.05261],[-0.49657,39.05312],[-0.4972,39.05332],[-0.49772,39.05374],[-0.49794,39.05431],[-0.49851,39.05499],[-0.49972,39.05563],[-0.49991,39.05615],[-0.5003,39.0566],[-0.50034,39.05723],[-0.49914,39.05874],[-0.49905,39.06037],[-0.49876,39.06116],[-0.49868,39.06311],[-0.49876,39.06357],[-0.49968,39.06487],[-0.49986,39.06539],[-0.50159,39.06689],[-0.50184,39.06744],[-0.50299,39.06826],[-0.50327,39.0688],[-0.50368,39.06893],[-0.50416,39.06997],[-0.50421,39.07099],[-0.50444,39.07128],[-0.50764,39.07174],[-0.50954,39.07227],[-0.51123,39.07344],[-0.51168,39.0742],[-0.51233,39.07482],[-0.5125,39.07528],[-0.51297,39.07562],[-0.51335,39.0767],[-0.5145,39.07686],[-0.51545,39.0772],[-0.51577,39.07803],[-0.51576,39.07979],[-0.51649,39.08157],[-0.51651,39.08287],[-0.51679,39.08416],[-0.51744,39.08473],[-0.51938,39.08532],[-0.51993,39.08609],[-0.52114,39.08651],[-0.5215,39.08761],[-0.52147,39.08921],[-0.52158,39.08955],[-0.52249,39.09012],[-0.52377,39.09181],[-0.52431,39.09224],[-0.52471,39.09222],[-0.52597,39.0926],[-0.52641,39.09251],[-0.52665,39.09209],[-0.52694,39.09197],[-0.52994,39.09217],[-0.53029,39.0919],[-0.53075,39.09098],[-0.53137,39.09033],[-0.53347,39.09021],[-0.5349,39.08902],[-0.53453,39.08856],[-0.53337,39.08838],[-0.53233,39.08746],[-0.53224,39.08596],[-0.53196,39.08562],[-0.53125,39.08532],[-0.53015,39.08518],[-0.53012,39.08482],[-0.52938,39.08421],[-0.52817,39.08427],[-0.52752,39.08378],[-0.52719,39.0828],[-0.5273,39.07948],[-0.52742,39.07921],[-0.52905,39.07815],[-0.5295,39.07743],[-0.53043,39.07705],[-0.53092,39.07638],[-0.53167,39.07613],[-0.53185,39.0747],[-0.53258,39.07434],[-0.53276,39.07351],[-0.53312,39.07302],[-0.53465,39.07233],[-0.53725,39.07225],[-0.53864,39.07085],[-0.53927,39.07044],[-0.53991,39.07027],[-0.54012,39.06923],[-0.54033,39.06907],[-0.54104,39.06931],[-0.54188,39.06989],[-0.54284,39.07006],[-0.545,39.07091],[-0.54891,39.07121],[-0.54919,39.0711],[-0.54969,39.07044],[-0.55,39.07038],[-0.55252,39.07085],[-0.55408,39.07082],[-0.55559,39.06998],[-0.55692,39.06876],[-0.55972,39.06666],[-0.56066,39.06549],[-0.56084,39.06481],[-0.56133,39.06433],[-0.56146,39.06331],[-0.56213,39.0629],[-0.56182,39.06191],[-0.56249,39.06107],[-0.56233,39.05904],[-0.56202,39.05852],[-0.56134,39.05806],[-0.56109,39.05747],[-0.56129,39.05616],[-0.56102,39.05496],[-0.56059,39.05422],[-0.56024,39.05299],[-0.55919,39.05254],[-0.5591,39.05177],[-0.55869,39.05075],[-0.55891,39.05021],[-0.55889,39.04974],[-0.55847,39.049],[-0.55832,39.04831],[-0.55768,39.04769],[-0.55684,39.04605],[-0.55706,39.04544],[-0.55704,39.04497],[-0.55501,39.04374],[-0.55437,39.04355],[-0.5537,39.04296],[-0.55434,39.04217],[-0.5562,39.04142],[-0.55627,39.0397],[-0.55712,39.03957],[-0.55804,39.03897],[-0.55842,39.03842],[-0.55857,39.0378],[-0.55909,39.03728],[-0.55808,39.03672],[-0.55802,39.03649],[-0.55826,39.03592],[-0.5582,39.03547],[-0.55687,39.03448],[-0.55726,39.03385],[-0.55772,39.03347],[-0.55751,39.03307],[-0.55758,39.03042],[-0.55736,39.0297],[-0.55793,39.02886],[-0.55794,39.02801],[-0.5577,39.02728],[-0.55784,39.0267],[-0.55931,39.02626],[-0.56313,39.02664],[-0.56433,39.02615],[-0.56461,39.02572],[-0.56445,39.02512],[-0.5646,39.02477],[-0.56723,39.0237],[-0.56821,39.02389],[-0.56878,39.0222],[-0.56862,39.02126],[-0.56906,39.01988],[-0.56981,39.01942],[-0.57109,39.01931],[-0.5717,39.01959],[-0.5723,39.0193],[-0.57387,39.01914],[-0.57454,39.01845],[-0.57581,39.01765],[-0.57606,39.01692],[-0.5774,39.01539],[-0.57791,39.01444],[-0.57825,39.01423],[-0.57954,39.01419],[-0.58004,39.01395],[-0.5812,39.01282],[-0.58143,39.01163],[-0.58289,39.01028],[-0.58356,39.00986],[-0.58429,39.00981],[-0.5843,39.00959],[-0.5846,39.00959],[-0.58531,39.01001],[-0.58627,39.01028],[-0.58698,39.01028],[-0.58765,39.01004],[-0.58874,39.00931],[-0.58966,39.00914],[-0.58994,39.00868],[-0.59118,39.0083],[-0.59235,39.00733],[-0.59486,39.00689],[-0.59547,39.00693],[-0.59698,39.00744],[-0.59844,39.00825],[-0.59952,39.00823],[-0.60011,39.00794],[-0.60198,39.0077],[-0.60352,39.00777],[-0.6045,39.0086],[-0.6061,39.00841],[-0.60683,39.00815],[-0.60746,39.0076],[-0.60667,39.00699],[-0.60662,39.0053],[-0.6064,39.00512],[-0.60535,39.00492],[-0.60609,39.00421],[-0.60588,39.00323],[-0.60665,39.00258],[-0.60677,39.00225],[-0.60672,39.00187],[-0.60629,39.00156],[-0.606,39.00111],[-0.60573,39.00013],[-0.60569,38.99897],[-0.60537,38.99877],[-0.60351,38.99865],[-0.60295,38.9982],[-0.60296,38.99788],[-0.60355,38.99739],[-0.60429,38.99735],[-0.6044,38.99699],[-0.60479,38.99689],[-0.60575,38.99624],[-0.60627,38.99543],[-0.6069,38.995],[-0.60822,38.99481],[-0.60916,38.995],[-0.61037,38.9949],[-0.61183,38.99517],[-0.61203,38.99385],[-0.61282,38.99285],[-0.613,38.99155],[-0.61453,38.99058],[-0.61488,38.98971],[-0.61684,38.98847],[-0.61802,38.9882],[-0.61993,38.98847],[-0.62121,38.98845],[-0.62191,38.98801],[-0.62267,38.98725],[-0.62471,38.98693],[-0.62557,38.98657],[-0.62616,38.98661],[-0.62699,38.98702],[-0.62856,38.98709],[-0.62951,38.98731],[-0.63056,38.98727],[-0.63116,38.98683],[-0.63146,38.98638],[-0.63172,38.98536],[-0.63609,38.98209],[-0.6372,38.98139],[-0.63776,38.98139],[-0.63778,38.98117],[-0.64028,38.98059],[-0.6436,38.98059],[-0.64495,38.97997],[-0.64526,38.98002],[-0.6464,38.98089],[-0.64825,38.98093],[-0.64888,38.98053],[-0.64964,38.98051],[-0.65068,38.98106],[-0.65091,38.98139],[-0.65221,38.98124],[-0.65286,38.98165],[-0.65335,38.98171],[-0.65471,38.98145],[-0.65588,38.98102],[-0.65744,38.97999],[-0.66139,38.97699],[-0.66286,38.97635],[-0.6641,38.97606],[-0.66577,38.97458],[-0.66638,38.97416],[-0.66717,38.97388],[-0.66721,38.97371],[-0.66802,38.97317],[-0.66811,38.9712],[-0.66796,38.97061],[-0.66823,38.96953],[-0.66928,38.96891],[-0.66995,38.96831],[-0.67022,38.96829],[-0.67028,38.96787],[-0.6715,38.96826],[-0.67294,38.96808],[-0.67406,38.96714],[-0.6751,38.96676],[-0.67783,38.96508],[-0.67849,38.96549],[-0.67899,38.96556],[-0.67987,38.96555],[-0.68118,38.96523],[-0.68203,38.96579],[-0.68323,38.96604],[-0.68355,38.96581],[-0.68397,38.96504],[-0.68419,38.96499],[-0.68431,38.96415],[-0.68531,38.96313],[-0.68612,38.96172],[-0.68742,38.96066],[-0.68753,38.9601],[-0.69035,38.95748],[-0.69126,38.95691],[-0.69118,38.95654],[-0.69137,38.95612],[-0.69148,38.95509],[-0.69195,38.95495],[-0.69214,38.9546],[-0.69254,38.95451],[-0.69291,38.95412],[-0.69296,38.95383],[-0.69514,38.95256],[-0.69578,38.95185],[-0.69619,38.95099],[-0.69594,38.95074],[-0.69587,38.95039],[-0.69538,38.95002],[-0.69565,38.94958],[-0.69847,38.94744],[-0.69896,38.94692],[-0.69978,38.94651],[-0.7004,38.94571],[-0.70146,38.94566],[-0.70379,38.94456],[-0.70435,38.94364],[-0.70593,38.94302],[-0.70705,38.94203],[-0.70832,38.94204],[-0.7087,38.94182],[-0.70897,38.94106],[-0.70971,38.94056],[-0.70988,38.93995],[-0.71023,38.93946],[-0.71085,38.93912],[-0.71134,38.9386],[-0.71213,38.9384],[-0.71357,38.93748],[-0.71395,38.93633],[-0.71341,38.9356],[-0.71527,38.9356],[-0.71613,38.93483],[-0.71702,38.9345],[-0.71738,38.93419],[-0.71808,38.93412],[-0.71814,38.93363],[-0.71845,38.93327],[-0.72097,38.93201],[-0.72131,38.93146],[-0.72135,38.93103],[-0.72262,38.93075],[-0.72299,38.93045],[-0.72329,38.93047],[-0.72403,38.93101],[-0.72488,38.93131],[-0.72655,38.93133],[-0.72822,38.93096],[-0.72981,38.93125],[-0.73074,38.93166],[-0.7321,38.93168],[-0.73311,38.93151],[-0.73438,38.93194],[-0.73725,38.93178],[-0.73846,38.93207],[-0.73949,38.93308],[-0.7412,38.93422],[-0.74172,38.93435],[-0.74168,38.9361],[-0.7422,38.93698],[-0.74192,38.93779],[-0.74193,38.9385],[-0.74251,38.93948],[-0.74439,38.94116],[-0.74617,38.94119],[-0.74739,38.94039],[-0.74871,38.94016],[-0.74976,38.94077],[-0.75147,38.94148],[-0.75348,38.94144],[-0.75478,38.94355],[-0.75554,38.944],[-0.75617,38.94467],[-0.75825,38.94567],[-0.75971,38.94604],[-0.76132,38.94704],[-0.76313,38.94745],[-0.76378,38.94807],[-0.76469,38.94784],[-0.76508,38.94751],[-0.76578,38.94732],[-0.76829,38.94553],[-0.76896,38.94538],[-0.76983,38.94485],[-0.77063,38.94475],[-0.77111,38.94438],[-0.77189,38.9449],[-0.77264,38.94566],[-0.77346,38.94584],[-0.77403,38.94639],[-0.77586,38.94722],[-0.77861,38.9495],[-0.77904,38.95023],[-0.78179,38.95139],[-0.78347,38.95278],[-0.78416,38.95359],[-0.78522,38.95433],[-0.78622,38.956],[-0.78612,38.95676],[-0.78753,38.95823],[-0.78756,38.95858],[-0.78812,38.95877],[-0.78929,38.95989],[-0.78956,38.96034],[-0.78933,38.96138],[-0.78954,38.96179],[-0.78964,38.96262],[-0.79146,38.96495],[-0.79156,38.96603],[-0.79207,38.9674],[-0.79252,38.96793],[-0.79258,38.96821],[-0.79331,38.96864],[-0.79368,38.96859],[-0.7947,38.96787],[-0.79615,38.96754],[-0.79656,38.96723],[-0.79792,38.96714],[-0.79974,38.96659],[-0.80071,38.96657],[-0.80075,38.96583],[-0.80114,38.96502],[-0.80176,38.96478],[-0.80192,38.96479],[-0.80196,38.96501],[-0.80278,38.96503],[-0.80471,38.96345],[-0.80522,38.96265],[-0.80621,38.96214],[-0.80798,38.96089],[-0.80878,38.96081],[-0.80988,38.96043],[-0.81023,38.96085],[-0.81126,38.96113],[-0.81267,38.96116],[-0.8127,38.96138],[-0.81288,38.96138],[-0.81326,38.96112],[-0.81334,38.96075],[-0.81358,38.96073],[-0.81399,38.96031],[-0.81499,38.9598],[-0.81683,38.95831],[-0.81954,38.9584],[-0.82045,38.95924],[-0.82116,38.95947],[-0.82209,38.95827],[-0.8239,38.9588],[-0.82502,38.95764],[-0.82696,38.9578],[-0.82938,38.95713],[-0.83073,38.95566],[-0.8308,38.9542],[-0.83055,38.95316],[-0.83221,38.95317],[-0.83305,38.9528],[-0.83472,38.95265],[-0.83586,38.95276],[-0.83827,38.9521],[-0.83934,38.95136],[-0.8401,38.95111],[-0.84253,38.9513],[-0.84326,38.95056],[-0.84348,38.9496],[-0.84464,38.94915],[-0.84613,38.94992],[-0.84717,38.95068],[-0.84798,38.94952],[-0.84911,38.94902],[-0.85063,38.94885],[-0.85149,38.94924],[-0.85326,38.94907],[-0.85356,38.9493],[-0.85593,38.94949],[-0.8571,38.94896],[-0.85801,38.94894],[-0.85947,38.9496],[-0.86163,38.94995],[-0.8622,38.95049],[-0.86333,38.95098],[-0.86438,38.9504],[-0.86536,38.95046],[-0.86697,38.95192],[-0.86855,38.95227],[-0.87007,38.9519],[-0.87101,38.95205],[-0.87207,38.95189],[-0.87281,38.95196],[-0.87359,38.95232],[-0.87424,38.95179],[-0.87558,38.95111],[-0.87664,38.95148],[-0.87843,38.95176],[-0.88063,38.95124],[-0.88206,38.95136],[-0.8837,38.95076],[-0.88413,38.95117],[-0.88617,38.952],[-0.88693,38.95275],[-0.88746,38.95301],[-0.88869,38.9535],[-0.88979,38.95362],[-0.89265,38.95435],[-0.89375,38.95515],[-0.89441,38.95541],[-0.89582,38.95568],[-0.89697,38.9553],[-0.89787,38.9555],[-0.90063,38.95558],[-0.90171,38.95626],[-0.90166,38.95704],[-0.90081,38.95819],[-0.90082,38.95848],[-0.90173,38.95911],[-0.90245,38.95931],[-0.90418,38.96059],[-0.90328,38.96038],[-0.90255,38.96073],[-0.90167,38.96084],[-0.90017,38.96192],[-0.89946,38.96264],[-0.8984,38.96301],[-0.89659,38.96465],[-0.89641,38.96561],[-0.89585,38.966],[-0.89516,38.96612],[-0.89482,38.96638],[-0.89475,38.96721],[-0.89503,38.9675],[-0.895,38.96853],[-0.89426,38.96858],[-0.89358,38.96883],[-0.89241,38.96996],[-0.89131,38.97182],[-0.89048,38.97221],[-0.88929,38.9723],[-0.88862,38.97254],[-0.88828,38.97281],[-0.88779,38.97378],[-0.88694,38.97439],[-0.88569,38.97452],[-0.88416,38.9752],[-0.88335,38.97592],[-0.88229,38.97617],[-0.87966,38.97586],[-0.87884,38.97529],[-0.87811,38.97501],[-0.87662,38.97518],[-0.87625,38.97596],[-0.87575,38.97646],[-0.87591,38.97709],[-0.87568,38.97764],[-0.87541,38.97765],[-0.87536,38.97785],[-0.87438,38.97802],[-0.87301,38.97761],[-0.8706,38.97754],[-0.87001,38.97762],[-0.86935,38.97815],[-0.86849,38.97776],[-0.8675,38.97777],[-0.86644,38.9786],[-0.86034,38.97849],[-0.85911,38.97824],[-0.85614,38.97826],[-0.8552,38.97872],[-0.85447,38.97943],[-0.85264,38.9801],[-0.85159,38.98034],[-0.84992,38.98032],[-0.84963,38.98083],[-0.84857,38.98145],[-0.84789,38.98267],[-0.84773,38.98352],[-0.84697,38.98429],[-0.84771,38.98544],[-0.84772,38.98636],[-0.84663,38.98663],[-0.84537,38.98767],[-0.84514,38.98756],[-0.84504,38.98704],[-0.84431,38.98647],[-0.84426,38.98607],[-0.8426,38.98626],[-0.84156,38.98597],[-0.84084,38.98559],[-0.83829,38.9855],[-0.8371,38.98507],[-0.83564,38.98501],[-0.83479,38.98649],[-0.83456,38.98744],[-0.83274,38.98818],[-0.83211,38.98869],[-0.8321,38.98909],[-0.83233,38.98937],[-0.83364,38.98995],[-0.83423,38.99069],[-0.83397,38.99237],[-0.8342,38.99351],[-0.83389,38.99389],[-0.83142,38.99533],[-0.83096,38.99678],[-0.83092,38.99757],[-0.83124,38.99814],[-0.83232,38.99909],[-0.83207,38.99984],[-0.83226,39.00032],[-0.83226,39.00171],[-0.83249,39.00261],[-0.83214,39.00314],[-0.8305,39.00426],[-0.83069,39.00504],[-0.83037,39.00624],[-0.83062,39.00732],[-0.83042,39.00826],[-0.83057,39.00892],[-0.83048,39.01193],[-0.83039,39.01229],[-0.82935,39.0138],[-0.82929,39.01413],[-0.82975,39.01478],[-0.8299,39.01546],[-0.8314,39.01727],[-0.83124,39.01785],[-0.83142,39.01833],[-0.83143,39.01956],[-0.83189,39.02044],[-0.83186,39.02069],[-0.83135,39.02142],[-0.83049,39.02143],[-0.82941,39.02169],[-0.82833,39.02242],[-0.82766,39.02256],[-0.82687,39.02306],[-0.8262,39.02321],[-0.82499,39.02383],[-0.82354,39.02519],[-0.82185,39.02796],[-0.82137,39.02818],[-0.82052,39.02801],[-0.81919,39.02823],[-0.81728,39.02938],[-0.81616,39.03048],[-0.81605,39.03082],[-0.81527,39.03082],[-0.81459,39.03125],[-0.81384,39.03271],[-0.81173,39.03329],[-0.81118,39.03369],[-0.81035,39.03578],[-0.81008,39.03601],[-0.80901,39.0359],[-0.80796,39.03612],[-0.80757,39.0364],[-0.80748,39.03697],[-0.80619,39.03699],[-0.80369,39.03803],[-0.80345,39.03866],[-0.80354,39.0391],[-0.80237,39.04124],[-0.80144,39.04242],[-0.80036,39.04333],[-0.80036,39.04372],[-0.80062,39.04399],[-0.80058,39.04517],[-0.79924,39.04569],[-0.79899,39.0471],[-0.79837,39.0476],[-0.79761,39.04782],[-0.79788,39.04842],[-0.79782,39.04919],[-0.79705,39.0499],[-0.79673,39.05042],[-0.79659,39.05105],[-0.79631,39.0513],[-0.79521,39.05158],[-0.79391,39.05163],[-0.79263,39.05205],[-0.79171,39.05301],[-0.79129,39.05409],[-0.79075,39.0549],[-0.78975,39.05515],[-0.78911,39.0555],[-0.78676,39.05602],[-0.78617,39.05623],[-0.7851,39.05697],[-0.78414,39.05721],[-0.78098,39.05697],[-0.779,39.0572],[-0.77863,39.05745],[-0.7782,39.05817],[-0.7774,39.05861],[-0.77702,39.05936],[-0.7773,39.06004],[-0.77733,39.06082],[-0.77805,39.06133],[-0.77833,39.06227],[-0.77823,39.06278],[-0.77836,39.063],[-0.77913,39.06334],[-0.7792,39.06385],[-0.77907,39.06403],[-0.77837,39.06401],[-0.77568,39.06565],[-0.77556,39.06621],[-0.7751,39.06675],[-0.77501,39.06896],[-0.77554,39.07014],[-0.77553,39.07058],[-0.77547,39.07108],[-0.7749,39.0723],[-0.77489,39.07324],[-0.77509,39.07386],[-0.77481,39.07496],[-0.77516,39.07571],[-0.77586,39.07638],[-0.77586,39.07776],[-0.77574,39.07802],[-0.77518,39.07841],[-0.77362,39.07874],[-0.77298,39.07946],[-0.77258,39.08078],[-0.77231,39.08109],[-0.77226,39.08248],[-0.7725,39.08276],[-0.77251,39.08369],[-0.77245,39.08433],[-0.77219,39.08481],[-0.77215,39.08585],[-0.77131,39.0871],[-0.7712,39.08803],[-0.77104,39.08827],[-0.77046,39.08849],[-0.76916,39.08853],[-0.76675,39.08896],[-0.76612,39.08992],[-0.76514,39.0905],[-0.76428,39.09127],[-0.76328,39.09115],[-0.76118,39.09133],[-0.76018,39.09322],[-0.75911,39.09304],[-0.75679,39.09305],[-0.75635,39.0938],[-0.75619,39.0944],[-0.75544,39.09512],[-0.75542,39.09551],[-0.75565,39.0959],[-0.75378,39.0966],[-0.7535,39.09687],[-0.75028,39.09561],[-0.74869,39.09556],[-0.74798,39.09601],[-0.7477,39.09655],[-0.74588,39.09737],[-0.74518,39.09795],[-0.74388,39.0965],[-0.74346,39.09557],[-0.74302,39.09507],[-0.74297,39.09286],[-0.74239,39.09189],[-0.74173,39.09127],[-0.74129,39.09006],[-0.74073,39.0896],[-0.73967,39.08928],[-0.73864,39.08807],[-0.73833,39.08672],[-0.73831,39.08541],[-0.73782,39.08468],[-0.73782,39.08269],[-0.73714,39.08215],[-0.73693,39.08173],[-0.73651,39.08135],[-0.73627,39.08024],[-0.73645,39.07973],[-0.73625,39.07886],[-0.73562,39.07905],[-0.73468,39.07901],[-0.73397,39.07871],[-0.73238,39.07746],[-0.72995,39.07694],[-0.72947,39.07699],[-0.72832,39.07753],[-0.72615,39.07756],[-0.72541,39.07791],[-0.72411,39.07821],[-0.72354,39.07902],[-0.72042,39.07902],[-0.71957,39.07938],[-0.71835,39.07959],[-0.71727,39.07921],[-0.71625,39.07914],[-0.71449,39.07828],[-0.71319,39.07798],[-0.71187,39.0782],[-0.71113,39.07859],[-0.71002,39.07856],[-0.70849,39.07724],[-0.70722,39.0765],[-0.70627,39.07648],[-0.70565,39.07668],[-0.70309,39.07663],[-0.70263,39.07702],[-0.70155,39.07726],[-0.69892,39.07695],[-0.69809,39.07638],[-0.69708,39.07596],[-0.69497,39.07429],[-0.69381,39.07414],[-0.69232,39.07354],[-0.68846,39.07292],[-0.68781,39.07214],[-0.68668,39.07327],[-0.6857,39.07346],[-0.68544,39.07418],[-0.68459,39.07482],[-0.68107,39.07484],[-0.68058,39.07469],[-0.68034,39.07415],[-0.67894,39.07413],[-0.67865,39.07431],[-0.67936,39.07672],[-0.67911,39.07734],[-0.67901,39.07843],[-0.67854,39.07896],[-0.67843,39.07952],[-0.67888,39.07981],[-0.68033,39.08171],[-0.6813,39.08376],[-0.68221,39.08449],[-0.68401,39.08469],[-0.68426,39.08495],[-0.6844,39.08564],[-0.68508,39.08632],[-0.68546,39.08763],[-0.68586,39.08808],[-0.68594,39.08845],[-0.68585,39.08883],[-0.68478,39.09037],[-0.68478,39.09078],[-0.68514,39.09124],[-0.68479,39.09172],[-0.68542,39.09235],[-0.68587,39.09334],[-0.68691,39.09432],[-0.68653,39.09495],[-0.68473,39.09602],[-0.68348,39.09653],[-0.68128,39.09827],[-0.68079,39.09824],[-0.68037,39.09785],[-0.67964,39.09757],[-0.67647,39.09771],[-0.67383,39.09703],[-0.67247,39.09711],[-0.67083,39.09665],[-0.67055,39.09539],[-0.66856,39.09371],[-0.66725,39.09219],[-0.66526,39.09059],[-0.66254,39.08923],[-0.66088,39.0879],[-0.65992,39.08686],[-0.65896,39.08638],[-0.6581,39.08618],[-0.65599,39.08638],[-0.65402,39.08762],[-0.65342,39.08867],[-0.65099,39.09053],[-0.65064,39.09165],[-0.65139,39.09258],[-0.65138,39.09339],[-0.65215,39.0937],[-0.65274,39.09415],[-0.65341,39.09518],[-0.65447,39.09568],[-0.65473,39.09614],[-0.65479,39.09715],[-0.65521,39.09812],[-0.65532,39.09916],[-0.65657,39.09965],[-0.65726,39.10039],[-0.65805,39.10083],[-0.65853,39.1015],[-0.65867,39.10219],[-0.65893,39.10245],[-0.66049,39.1029],[-0.66095,39.1041],[-0.6627,39.10566],[-0.66294,39.10644],[-0.66345,39.10686],[-0.66422,39.10709],[-0.66479,39.10771],[-0.66551,39.10812],[-0.66624,39.10941],[-0.66921,39.11105],[-0.66927,39.11207],[-0.66899,39.11229],[-0.66896,39.11267],[-0.66976,39.11304],[-0.67003,39.1135],[-0.67015,39.11442],[-0.67151,39.11618],[-0.67249,39.11686],[-0.67319,39.11832],[-0.67396,39.11883],[-0.67337,39.11912],[-0.67332,39.12072],[-0.67429,39.1225],[-0.67411,39.12328],[-0.67426,39.12419],[-0.6734,39.12509],[-0.67214,39.1256],[-0.66988,39.12775],[-0.66953,39.12774],[-0.66923,39.12717],[-0.66874,39.1271],[-0.66575,39.12752],[-0.66472,39.12786],[-0.66371,39.12793],[-0.66255,39.12846],[-0.66196,39.12852],[-0.65936,39.1282],[-0.65834,39.12777],[-0.65824,39.12804],[-0.65754,39.1285],[-0.65702,39.12923],[-0.65616,39.12968],[-0.65539,39.12996],[-0.6544,39.12973],[-0.65306,39.13003],[-0.65286,39.13022],[-0.65296,39.13114],[-0.65235,39.13183],[-0.65177,39.13175],[-0.6504,39.13208],[-0.64847,39.13217],[-0.64817,39.13284],[-0.64825,39.1333],[-0.64794,39.13357],[-0.64675,39.13367],[-0.64529,39.13404],[-0.64336,39.13397],[-0.64248,39.13358],[-0.6411,39.13406],[-0.64049,39.13465],[-0.64097,39.13602],[-0.64068,39.13687],[-0.63941,39.1368],[-0.63658,39.13574],[-0.63618,39.13572],[-0.63532,39.13594],[-0.63423,39.13667],[-0.63203,39.13748],[-0.63131,39.13821],[-0.62921,39.13972],[-0.62774,39.13991],[-0.62699,39.13955],[-0.62469,39.13948],[-0.62494,39.13989],[-0.62468,39.14042],[-0.62519,39.14098],[-0.62519,39.14174],[-0.6265,39.14231],[-0.62785,39.14373],[-0.62849,39.14413],[-0.62879,39.14465],[-0.62894,39.14577],[-0.63071,39.146],[-0.63174,39.14743],[-0.63306,39.14866],[-0.63558,39.1485],[-0.63632,39.1487],[-0.63809,39.1488],[-0.63871,39.14924],[-0.63903,39.14994],[-0.6386,39.15052],[-0.63905,39.15124],[-0.63905,39.15218],[-0.63964,39.15367],[-0.64043,39.15435],[-0.64367,39.1564],[-0.64463,39.15722],[-0.64573,39.15738],[-0.64632,39.15891],[-0.6462,39.15943],[-0.64541,39.16022],[-0.6454,39.16086],[-0.6457,39.16162],[-0.64608,39.16195],[-0.64814,39.16275],[-0.64989,39.16431],[-0.65013,39.16489],[-0.65006,39.16514],[-0.64912,39.16561],[-0.64724,39.16561],[-0.64668,39.16641],[-0.64674,39.16686],[-0.64763,39.16745],[-0.64851,39.16842],[-0.64858,39.1687],[-0.6483,39.16953],[-0.64819,39.17083],[-0.64737,39.17139],[-0.64693,39.17252],[-0.64654,39.17276],[-0.64506,39.17307],[-0.64368,39.17425],[-0.64201,39.17495],[-0.64234,39.17535],[-0.64334,39.17596],[-0.64374,39.17691],[-0.64424,39.17749],[-0.6456,39.17758],[-0.64615,39.17805],[-0.64638,39.17862],[-0.64801,39.17997],[-0.64983,39.18083],[-0.65257,39.18253],[-0.65374,39.18268],[-0.65439,39.18294],[-0.65551,39.18387],[-0.65671,39.18527],[-0.6562,39.18575],[-0.65601,39.18644],[-0.65425,39.188],[-0.65274,39.18885],[-0.65138,39.18912],[-0.65186,39.19069],[-0.65194,39.19147],[-0.65247,39.19262],[-0.65293,39.19311],[-0.6542,39.19523],[-0.65473,39.19564],[-0.65546,39.19584],[-0.65691,39.19689],[-0.65691,39.19774],[-0.65715,39.19863],[-0.65707,39.19901],[-0.6566,39.1995],[-0.65626,39.20024],[-0.65608,39.20259],[-0.65516,39.20354],[-0.65477,39.20378],[-0.65307,39.20405],[-0.65194,39.20467],[-0.65163,39.20445],[-0.65087,39.20443],[-0.65078,39.20542],[-0.64968,39.20723],[-0.64931,39.20814],[-0.6493,39.20883],[-0.64953,39.20958],[-0.64923,39.21064],[-0.64947,39.21125],[-0.64947,39.21223],[-0.6498,39.21334],[-0.65039,39.21407],[-0.65186,39.21533],[-0.65274,39.21653],[-0.65305,39.21731],[-0.65424,39.21818],[-0.65548,39.21889],[-0.65853,39.21958],[-0.65972,39.21926],[-0.66188,39.2193],[-0.66412,39.22041],[-0.6665,39.22068],[-0.66928,39.22029],[-0.67003,39.2199],[-0.6721,39.21992],[-0.67333,39.2193],[-0.67453,39.21958],[-0.67519,39.22014],[-0.67688,39.21965],[-0.67747,39.21974],[-0.67782,39.21956],[-0.67818,39.21904],[-0.67795,39.21798],[-0.67803,39.21765],[-0.67861,39.21721],[-0.67985,39.21673],[-0.68024,39.21682],[-0.68079,39.21731],[-0.68107,39.21807],[-0.68118,39.2198],[-0.68348,39.21973],[-0.68478,39.22017],[-0.68608,39.22022],[-0.68651,39.22014],[-0.68714,39.21957],[-0.68729,39.21962],[-0.68766,39.22001],[-0.68778,39.22107],[-0.68932,39.22169],[-0.69066,39.22282],[-0.69115,39.22363],[-0.69161,39.22403],[-0.69249,39.22418],[-0.69253,39.2247],[-0.69337,39.2266],[-0.69384,39.22713],[-0.69413,39.22717],[-0.69412,39.22903],[-0.69511,39.22971],[-0.69567,39.23061],[-0.69571,39.2319],[-0.69617,39.23244],[-0.69633,39.2329],[-0.69764,39.23372],[-0.69764,39.23473],[-0.69736,39.23557],[-0.69763,39.23591],[-0.69818,39.23623],[-0.69817,39.23792],[-0.69848,39.2382],[-0.69983,39.23874],[-0.69977,39.24009],[-0.6996,39.24071],[-0.70118,39.24192],[-0.70115,39.24316],[-0.70135,39.24372],[-0.70079,39.24572],[-0.7021,39.24725],[-0.70215,39.24894],[-0.70263,39.24989],[-0.70263,39.25165],[-0.70396,39.2527],[-0.70373,39.25422],[-0.70453,39.25627],[-0.70531,39.25752],[-0.70484,39.25781],[-0.70374,39.25899],[-0.70203,39.25865],[-0.70102,39.25912],[-0.7008,39.26024],[-0.69976,39.26133],[-0.69895,39.26336],[-0.69848,39.26397],[-0.69937,39.26499],[-0.70056,39.26584],[-0.70174,39.26832],[-0.70166,39.26865],[-0.70095,39.26946],[-0.70045,39.27044],[-0.6997,39.27131],[-0.69936,39.27231],[-0.70062,39.27308],[-0.70138,39.27384],[-0.70301,39.27461],[-0.70295,39.27528],[-0.70198,39.27655],[-0.7011,39.27721],[-0.70043,39.27745],[-0.69883,39.27749],[-0.69664,39.27796],[-0.69634,39.27957],[-0.69481,39.27993],[-0.69304,39.28079],[-0.69245,39.28124],[-0.69212,39.28244],[-0.69338,39.28326],[-0.69428,39.28417],[-0.69213,39.28606],[-0.69114,39.28663],[-0.69056,39.28762],[-0.68891,39.28897],[-0.68745,39.2894],[-0.68775,39.29085],[-0.68841,39.29207],[-0.68777,39.29284],[-0.68777,39.29318],[-0.68712,39.29375],[-0.6869,39.29426],[-0.68646,39.29469],[-0.68599,39.2956],[-0.68505,39.29651],[-0.68463,39.29652],[-0.68416,39.2963],[-0.6828,39.29503],[-0.68184,39.29441],[-0.68005,39.29227],[-0.67878,39.29185],[-0.67794,39.29128],[-0.6759,39.29112],[-0.67252,39.28878],[-0.67241,39.28834],[-0.67246,39.28592],[-0.67162,39.28513],[-0.6703,39.28493],[-0.6697,39.28467],[-0.66936,39.28431],[-0.66683,39.28424],[-0.66572,39.28383],[-0.66463,39.28371],[-0.66325,39.28245],[-0.66116,39.28232],[-0.66068,39.28193],[-0.6595,39.28148],[-0.65738,39.28107],[-0.65676,39.28079],[-0.65627,39.28026],[-0.65368,39.27941],[-0.65247,39.27856],[-0.65207,39.27898],[-0.6507,39.27897],[-0.65034,39.27933],[-0.64944,39.27961],[-0.64681,39.27956],[-0.6454,39.27911],[-0.64383,39.27913],[-0.6432,39.27963],[-0.6427,39.28144],[-0.64209,39.28195],[-0.64154,39.28216],[-0.63695,39.28205],[-0.63547,39.28099],[-0.63386,39.28044],[-0.63249,39.28062],[-0.62772,39.28079],[-0.6262,39.28162],[-0.62537,39.28159],[-0.62437,39.28123],[-0.62341,39.28167],[-0.62208,39.2826],[-0.62051,39.28316],[-0.61923,39.28397],[-0.61808,39.28269],[-0.61621,39.28181],[-0.61462,39.28056],[-0.61303,39.27986],[-0.61292,39.27823],[-0.61174,39.27733],[-0.61024,39.2767],[-0.60911,39.27573],[-0.60965,39.27523],[-0.60967,39.2743],[-0.60922,39.27371],[-0.6091,39.27309],[-0.60868,39.27235],[-0.60856,39.2712],[-0.60791,39.27036],[-0.60743,39.26933],[-0.60642,39.26869],[-0.60524,39.26751],[-0.60394,39.26693],[-0.60286,39.26576],[-0.60238,39.26479],[-0.60065,39.26462],[-0.59997,39.26409],[-0.59966,39.26315],[-0.59971,39.26209],[-0.59994,39.26146],[-0.59975,39.26091],[-0.59976,39.25952],[-0.59928,39.25881],[-0.59924,39.25833],[-0.59768,39.25844],[-0.594,39.25819],[-0.59299,39.2578],[-0.59211,39.25766],[-0.59099,39.25708],[-0.59012,39.25694],[-0.5889,39.25645],[-0.58863,39.2561],[-0.58854,39.25503],[-0.5876,39.25419],[-0.58702,39.25322],[-0.58662,39.25206],[-0.58591,39.2513],[-0.58562,39.25025],[-0.58568,39.24836],[-0.58474,39.24796],[-0.58254,39.24808],[-0.58126,39.24784],[-0.5799,39.24779],[-0.5789,39.24813],[-0.57662,39.24838],[-0.5751,39.24818],[-0.57434,39.2483],[-0.57287,39.24749],[-0.57113,39.2471],[-0.57056,39.24605],[-0.5691,39.24514],[-0.56782,39.24503],[-0.56621,39.24459],[-0.56485,39.24456],[-0.56355,39.24475],[-0.56216,39.24451],[-0.55962,39.24444],[-0.55867,39.24449],[-0.55808,39.2447],[-0.55699,39.24543],[-0.55635,39.2456],[-0.55529,39.2475],[-0.55093,39.24786],[-0.55046,39.24778],[-0.54962,39.24721],[-0.54818,39.24691],[-0.54361,39.2472],[-0.54331,39.24639],[-0.54212,39.2458],[-0.54194,39.24528],[-0.54099,39.24392],[-0.5406,39.24262],[-0.53996,39.24235],[-0.53963,39.24165],[-0.53986,39.24096],[-0.53996,39.23913],[-0.54057,39.23717],[-0.54063,39.23615],[-0.54051,39.23573],[-0.53875,39.23504],[-0.5375,39.23477],[-0.53542,39.23489],[-0.53376,39.23424],[-0.53093,39.23414],[-0.52972,39.23371],[-0.52722,39.23353],[-0.52696,39.23044],[-0.52729,39.23007],[-0.52804,39.22967],[-0.52894,39.2284],[-0.52929,39.22762],[-0.52908,39.22739],[-0.52803,39.22724],[-0.5269,39.22566],[-0.52691,39.22536],[-0.52737,39.22486],[-0.52743,39.22438],[-0.52735,39.22401],[-0.52683,39.22339],[-0.5249,39.22334],[-0.52274,39.22156],[-0.52199,39.2205],[-0.52113,39.21982],[-0.52047,39.21955],[-0.51958,39.21956],[-0.51796,39.22027],[-0.5175,39.22023],[-0.51551,39.22071],[-0.51516,39.22062],[-0.51489,39.22017],[-0.51459,39.21902],[-0.51465,39.21825],[-0.51518,39.21689],[-0.51451,39.21369],[-0.51449,39.21186],[-0.51323,39.21095],[-0.51251,39.20929],[-0.51137,39.20815],[-0.51071,39.20776],[-0.51006,39.207],[-0.50935,39.20657],[-0.50833,39.20557],[-0.5073,39.20507],[-0.50701,39.20431],[-0.50707,39.20211],[-0.50684,39.20136],[-0.50683,39.20014],[-0.50607,39.19873],[-0.50609,39.19736],[-0.50452,39.19737],[-0.50277,39.19834],[-0.49742,39.20006],[-0.49662,39.20004],[-0.49512,39.19943],[-0.49403,39.19931],[-0.4936,39.19884],[-0.49363,39.19693],[-0.49318,39.1953],[-0.49314,39.19413],[-0.492,39.19233],[-0.49127,39.19259],[-0.48896,39.19425],[-0.48381,39.19544],[-0.48261,39.19523],[-0.48159,39.19484],[-0.47849,39.19436],[-0.47791,39.19456],[-0.47699,39.19521],[-0.4759,39.19639],[-0.47444,39.19751],[-0.47367,39.19777],[-0.47247,39.19774],[-0.47126,39.1969],[-0.47059,39.19688],[-0.46886,39.19771],[-0.46733,39.19951],[-0.4675,39.19982],[-0.46809,39.20026],[-0.46881,39.20029],[-0.4691,39.20077],[-0.4705,39.20097],[-0.47035,39.20201],[-0.47104,39.20256],[-0.47115,39.20298],[-0.47051,39.20499],[-0.47058,39.20602],[-0.47147,39.20662],[-0.47159,39.20701],[-0.47165,39.20668],[-0.47182,39.20662],[-0.47351,39.20731],[-0.47575,39.20917],[-0.47608,39.21037],[-0.47603,39.21317],[-0.47757,39.21506],[-0.47765,39.21606],[-0.47781,39.21629],[-0.47996,39.21642],[-0.48205,39.21694],[-0.48299,39.21721],[-0.48401,39.21782],[-0.4929,39.21803],[-0.49724,39.21859],[-0.4974,39.21874],[-0.49692,39.21974],[-0.49685,39.22105],[-0.49691,39.22143],[-0.49729,39.22189],[-0.49931,39.22221],[-0.50281,39.22231],[-0.5044,39.22276],[-0.50581,39.22261],[-0.5065,39.22307],[-0.50737,39.22478],[-0.50759,39.22564],[-0.50647,39.22783],[-0.50631,39.23187],[-0.50635,39.23237],[-0.50678,39.2331],[-0.50688,39.23395],[-0.50784,39.23488],[-0.50763,39.2359],[-0.50754,39.23812],[-0.50777,39.23929],[-0.50747,39.24018],[-0.50749,39.24162],[-0.50874,39.2424],[-0.50981,39.24253],[-0.51078,39.24301],[-0.51187,39.24396],[-0.51204,39.24514],[-0.51303,39.24559],[-0.51382,39.24625],[-0.51386,39.25065],[-0.51488,39.2516],[-0.51533,39.2517],[-0.51596,39.25213],[-0.51675,39.25339],[-0.51812,39.25344],[-0.5196,39.25288],[-0.52081,39.25337],[-0.52191,39.2541],[-0.52216,39.25465],[-0.52298,39.25551],[-0.52362,39.25591],[-0.52417,39.25683],[-0.52451,39.25904],[-0.52492,39.26013],[-0.52637,39.26002],[-0.52707,39.26105],[-0.5283,39.2616],[-0.52892,39.2624],[-0.52903,39.26325],[-0.52941,39.26371],[-0.52963,39.26444],[-0.5301,39.26451],[-0.53089,39.2642],[-0.53194,39.26506],[-0.53275,39.26608],[-0.53389,39.26625],[-0.53422,39.26645],[-0.53488,39.26778],[-0.53465,39.268],[-0.53466,39.2684],[-0.53645,39.26993],[-0.53676,39.27097],[-0.5368,39.27213],[-0.53728,39.27307],[-0.5366,39.2749],[-0.5362,39.27522],[-0.5344,39.27584],[-0.53361,39.27594],[-0.53341,39.27632],[-0.53358,39.27671],[-0.53496,39.27685],[-0.536,39.27728],[-0.53623,39.27768],[-0.53626,39.27832],[-0.53589,39.27918],[-0.53491,39.28032],[-0.53389,39.28072],[-0.5319,39.28209],[-0.53071,39.2819],[-0.52962,39.28204],[-0.52784,39.28139],[-0.52726,39.28144],[-0.52646,39.28195],[-0.52598,39.28202],[-0.52402,39.28196],[-0.52291,39.28154],[-0.52235,39.28158],[-0.52213,39.28331],[-0.52179,39.28405],[-0.52017,39.28514],[-0.52016,39.28563],[-0.52081,39.28649],[-0.52105,39.28746],[-0.52052,39.28787],[-0.51981,39.28807],[-0.51969,39.28826],[-0.51963,39.28977],[-0.51978,39.29036],[-0.51883,39.29115],[-0.51869,39.29191],[-0.51861,39.29389],[-0.51887,39.29448],[-0.51713,39.29467],[-0.51707,39.29537],[-0.51673,39.29611],[-0.51592,39.29686],[-0.51615,39.29775],[-0.51612,39.29868],[-0.51581,39.29915],[-0.51658,39.29946],[-0.51712,39.30015],[-0.51757,39.30114],[-0.51879,39.30221],[-0.51892,39.30313],[-0.51936,39.30416],[-0.5194,39.30562],[-0.51971,39.30615],[-0.52042,39.30681],[-0.52059,39.30723],[-0.52045,39.30739],[-0.52077,39.3079],[-0.5223,39.30871],[-0.52377,39.30908],[-0.52533,39.31029],[-0.52733,39.31018],[-0.52862,39.30994],[-0.5298,39.30785],[-0.53142,39.30679],[-0.53124,39.3061],[-0.53125,39.30511],[-0.53228,39.30576],[-0.53375,39.30569],[-0.53619,39.30739],[-0.5374,39.30797],[-0.53773,39.30876],[-0.53782,39.30962],[-0.53812,39.31014],[-0.53932,39.31094],[-0.53976,39.31192],[-0.54003,39.31217],[-0.5413,39.31263],[-0.54155,39.31317],[-0.54298,39.31464],[-0.54143,39.31617],[-0.54136,39.31645],[-0.5429,39.31759],[-0.54308,39.31811],[-0.54348,39.31857],[-0.54351,39.31933],[-0.54465,39.3198],[-0.5446,39.32125],[-0.5443,39.3216],[-0.54527,39.32206],[-0.54555,39.32294],[-0.54771,39.32472],[-0.54943,39.32489],[-0.55011,39.32513],[-0.55172,39.32638],[-0.55272,39.32659],[-0.55348,39.32712],[-0.55564,39.32802],[-0.55621,39.32853],[-0.55621,39.32968],[-0.55639,39.33011],[-0.55622,39.33034],[-0.5561,39.33112],[-0.55557,39.33185],[-0.55604,39.33352],[-0.55544,39.33466],[-0.55621,39.3352],[-0.55678,39.33639],[-0.55675,39.33666],[-0.55623,39.33717],[-0.55673,39.33726],[-0.55745,39.3378],[-0.55909,39.33835],[-0.55919,39.3387],[-0.55983,39.33934],[-0.55991,39.34138],[-0.5606,39.34228],[-0.56177,39.34441],[-0.56172,39.3448],[-0.56141,39.34525],[-0.56027,39.34603],[-0.56134,39.34613],[-0.56215,39.34678],[-0.5627,39.34771],[-0.56259,39.34822],[-0.56286,39.34867],[-0.56414,39.34819],[-0.56806,39.34733],[-0.56947,39.34777],[-0.57116,39.34793],[-0.5715,39.34825],[-0.5716,39.34894],[-0.57203,39.34919],[-0.57274,39.34919],[-0.57494,39.34841],[-0.57613,39.34862],[-0.57663,39.34899],[-0.57667,39.34975],[-0.57641,39.35075],[-0.57711,39.35193],[-0.57724,39.35277],[-0.5782,39.35302],[-0.57853,39.3533],[-0.57881,39.35406],[-0.57901,39.35553],[-0.5787,39.35664],[-0.57792,39.35758],[-0.57757,39.35854],[-0.57741,39.36179],[-0.57702,39.36314],[-0.57612,39.36388],[-0.57508,39.36442],[-0.57291,39.3661],[-0.57337,39.36641],[-0.57415,39.36763],[-0.57536,39.36827],[-0.57576,39.36965],[-0.57658,39.3711],[-0.57707,39.37136],[-0.57836,39.37146],[-0.57932,39.37203],[-0.57934,39.37513],[-0.57964,39.37587],[-0.58058,39.37671],[-0.58146,39.37792],[-0.58143,39.37877],[-0.58058,39.37969],[-0.58028,39.37959],[-0.57754,39.381]]]}},{"type":"Feature","id":"5-1","properties":{"NomSistExp":"Júcar","Subsistema":"Litoral Albufera - Sueca","Superf km2":0.03,"Area km2":0.03,"id":"5-1"},"geometry":{"type":"Polygon","coordinates":[[[-0.31189,39.35066],[-0.31276,39.35076],[-0.31395,39.35064],[-0.32164,39.34891],[-0.32259,39.34885],[-0.31232,39.35137],[-0.31189,39.35066]]]}},{"type":"Feature","id":"6-0","properties":{"NomSistExp":"Cenia - Mijares","Subsistema":"Bajo Mijares - Rambla de la Viuda","Superf km2":1481.33,"Area km2":1481.33,"id":"6-0"},"geometry":{"type":"Polygon","coordinates":[[[-0.25864,40.09583],[-0.25918,40.09622],[-0.26116,40.09637],[-0.26219,40.09715],[-0.26403,40.09779],[-0.26507,40.09857],[-0.26595,40.09894],[-0.26706,40.09997],[-0.26872,40.1003],[-0.26863,40.10106],[-0.26618,40.10512],[-0.26617,40.10634],[-0.2666,40.10686],[-0.26668,40.10722],[-0.26633,40.10858],[-0.26723,40.10924],[-0.2705,40.10964],[-0.27113,40.11044],[-0.27278,40.11114],[-0.27411,40.11144],[-0.27504,40.11146],[-0.27609,40.11111],[-0.2772,40.11104],[-0.27843,40.11051],[-0.279,40.11045],[-0.28022,40.11143],[-0.28029,40.11161],[-0.27945,40.11217],[-0.2788,40.11374],[-0.27882,40.11399],[-0.27939,40.11444],[-0.28091,40.11487],[-0.28164,40.11675],[-0.28362,40.1186],[-0.28495,40.11913],[-0.28761,40.11921],[-0.28768,40.11978],[-0.28972,40.12368],[-0.29003,40.12508],[-0.28968,40.12624],[-0.29247,40.12751],[-0.29392,40.12842],[-0.29492,40.12945],[-0.29638,40.13014],[-0.2973,40.13035],[-0.29748,40.13102],[-0.29779,40.13132],[-0.29957,40.13148],[-0.30143,40.13234],[-0.30315,40.13204],[-0.30419,40.13325],[-0.30502,40.13374],[-0.30569,40.134],[-0.30677,40.13414],[-0.3082,40.13516],[-0.30992,40.1361],[-0.31176,40.13674],[-0.31208,40.13703],[-0.31244,40.13835],[-0.31272,40.13867],[-0.31499,40.14024],[-0.31601,40.14045],[-0.31722,40.14118],[-0.31876,40.14261],[-0.3205,40.14333],[-0.32146,40.1435],[-0.32251,40.14428],[-0.32366,40.14475],[-0.32673,40.14545],[-0.3281,40.14658],[-0.32959,40.14834],[-0.3306,40.14907],[-0.33148,40.15003],[-0.33193,40.1508],[-0.33274,40.15147],[-0.33347,40.15151],[-0.33466,40.15075],[-0.33517,40.15092],[-0.33558,40.15183],[-0.33564,40.15359],[-0.33718,40.15444],[-0.33821,40.15523],[-0.33897,40.15551],[-0.34145,40.15586],[-0.34249,40.15629],[-0.34262,40.15338],[-0.34292,40.1527],[-0.3433,40.15276],[-0.34399,40.15302],[-0.34617,40.15451],[-0.3491,40.15558],[-0.35,40.15619],[-0.35097,40.15644],[-0.35157,40.15627],[-0.35257,40.15634],[-0.3541,40.15708],[-0.35548,40.1582],[-0.35593,40.1594],[-0.35717,40.16026],[-0.35765,40.1613],[-0.35792,40.16154],[-0.35868,40.16182],[-0.36037,40.16195],[-0.36305,40.16325],[-0.36127,40.16424],[-0.36065,40.16531],[-0.3607,40.16564],[-0.36137,40.16626],[-0.36183,40.16724],[-0.36252,40.16798],[-0.362,40.16871],[-0.36221,40.1695],[-0.36218,40.17075],[-0.36173,40.1722],[-0.36089,40.17283],[-0.35949,40.17348],[-0.35913,40.17408],[-0.35927,40.17508],[-0.35793,40.17593],[-0.35734,40.17656],[-0.35723,40.17712],[-0.35446,40.17756],[-0.3529,40.1781],[-0.3515,40.17817],[-0.35061,40.17869],[-0.34971,40.1788],[-0.34905,40.17905],[-0.34867,40.17982],[-0.34887,40.18046],[-0.34882,40.18123],[-0.34786,40.18308],[-0.34629,40.18423],[-0.34471,40.1848],[-0.34429,40.18538],[-0.34212,40.18579],[-0.33997,40.1853],[-0.33859,40.18553],[-0.33793,40.18586],[-0.33694,40.18609],[-0.33514,40.18604],[-0.33412,40.18508],[-0.33403,40.18401],[-0.33375,40.18367],[-0.33139,40.18245],[-0.32976,40.18212],[-0.32837,40.18264],[-0.32591,40.18436],[-0.32585,40.18505],[-0.32653,40.18597],[-0.32625,40.18709],[-0.32585,40.18786],[-0.32427,40.18905],[-0.32372,40.19069],[-0.32261,40.19142],[-0.32286,40.19238],[-0.32281,40.19302],[-0.32211,40.19426],[-0.3217,40.19466],[-0.32159,40.1951],[-0.32161,40.19543],[-0.32187,40.19581],[-0.32321,40.19676],[-0.32332,40.19812],[-0.32415,40.19949],[-0.32491,40.20024],[-0.32254,40.20235],[-0.32217,40.20316],[-0.32237,40.20396],[-0.32176,40.20442],[-0.32124,40.20454],[-0.32092,40.20531],[-0.32086,40.206],[-0.32084,40.2073],[-0.32108,40.20805],[-0.32102,40.20911],[-0.32011,40.21025],[-0.32034,40.21038],[-0.32042,40.21088],[-0.32089,40.21124],[-0.32122,40.21188],[-0.32221,40.21217],[-0.32276,40.21252],[-0.32501,40.21264],[-0.32635,40.21249],[-0.32699,40.21327],[-0.32682,40.21417],[-0.32709,40.21485],[-0.33064,40.21644],[-0.33136,40.21696],[-0.33226,40.21709],[-0.33377,40.21694],[-0.33633,40.21846],[-0.3377,40.21856],[-0.33771,40.2191],[-0.33791,40.21934],[-0.33799,40.21983],[-0.33883,40.22069],[-0.33954,40.22095],[-0.34004,40.22147],[-0.34077,40.22167],[-0.34205,40.22264],[-0.34357,40.22315],[-0.34443,40.2231],[-0.34476,40.22338],[-0.34665,40.22416],[-0.34714,40.22409],[-0.34871,40.22312],[-0.35053,40.22314],[-0.35086,40.22335],[-0.35132,40.22338],[-0.35128,40.22507],[-0.35149,40.22528],[-0.35153,40.22564],[-0.35286,40.22664],[-0.35291,40.22832],[-0.35318,40.22874],[-0.3539,40.22926],[-0.35567,40.22981],[-0.35732,40.23137],[-0.35944,40.23268],[-0.3621,40.23506],[-0.36348,40.23559],[-0.3635,40.23579],[-0.36403,40.23609],[-0.36407,40.23656],[-0.36437,40.23691],[-0.36525,40.2376],[-0.36632,40.23813],[-0.36679,40.23867],[-0.36708,40.23964],[-0.36712,40.2411],[-0.3676,40.24198],[-0.36761,40.24328],[-0.3679,40.24434],[-0.36835,40.24513],[-0.36838,40.24565],[-0.36919,40.24621],[-0.36921,40.24759],[-0.36941,40.2481],[-0.36946,40.24903],[-0.36994,40.25021],[-0.36987,40.25175],[-0.36904,40.25296],[-0.36864,40.25404],[-0.3686,40.25504],[-0.36888,40.2551],[-0.36894,40.2556],[-0.36969,40.25696],[-0.36963,40.25819],[-0.36934,40.25892],[-0.36926,40.26072],[-0.37021,40.26135],[-0.37317,40.2628],[-0.3773,40.26293],[-0.37818,40.26281],[-0.38005,40.26299],[-0.38017,40.26337],[-0.3807,40.26362],[-0.38332,40.26418],[-0.38488,40.26359],[-0.38642,40.26326],[-0.38655,40.26224],[-0.38831,40.26127],[-0.389,40.2606],[-0.39012,40.26019],[-0.39176,40.25905],[-0.39325,40.25896],[-0.3957,40.25821],[-0.39741,40.25816],[-0.40077,40.25686],[-0.40198,40.25599],[-0.40216,40.25462],[-0.40252,40.2541],[-0.40413,40.25289],[-0.40426,40.2525],[-0.40626,40.2518],[-0.4073,40.25087],[-0.40953,40.24996],[-0.41144,40.24929],[-0.41366,40.24907],[-0.41471,40.24846],[-0.4155,40.24873],[-0.41615,40.24917],[-0.41529,40.24995],[-0.41489,40.25135],[-0.41515,40.2523],[-0.41587,40.25249],[-0.42029,40.25181],[-0.42134,40.25221],[-0.42494,40.25141],[-0.42593,40.25181],[-0.42723,40.25192],[-0.42797,40.25231],[-0.42954,40.25261],[-0.43064,40.25236],[-0.43161,40.25176],[-0.43332,40.25203],[-0.43474,40.25184],[-0.43644,40.25188],[-0.43681,40.25195],[-0.43775,40.25255],[-0.4409,40.25271],[-0.44212,40.25321],[-0.44252,40.25374],[-0.44319,40.25409],[-0.44328,40.2545],[-0.44452,40.25474],[-0.44692,40.25453],[-0.44887,40.25375],[-0.45136,40.25382],[-0.45324,40.25526],[-0.45422,40.25544],[-0.45486,40.25606],[-0.45553,40.25632],[-0.45684,40.25642],[-0.45809,40.25692],[-0.45884,40.25747],[-0.45962,40.25779],[-0.46084,40.25953],[-0.46436,40.26136],[-0.46516,40.26238],[-0.46598,40.26304],[-0.46782,40.26367],[-0.46869,40.26414],[-0.4703,40.26538],[-0.47197,40.26549],[-0.47196,40.26571],[-0.47225,40.26572],[-0.47229,40.2659],[-0.4731,40.26655],[-0.47225,40.26764],[-0.47252,40.26903],[-0.47333,40.27011],[-0.47447,40.27113],[-0.47487,40.27136],[-0.47605,40.27151],[-0.47723,40.27241],[-0.47777,40.27312],[-0.4782,40.27412],[-0.4788,40.27463],[-0.47915,40.27483],[-0.4808,40.27512],[-0.48318,40.2752],[-0.48403,40.27541],[-0.4859,40.27555],[-0.48706,40.27603],[-0.48905,40.27721],[-0.48941,40.278],[-0.48941,40.27899],[-0.49001,40.27953],[-0.49259,40.28013],[-0.49278,40.28113],[-0.49205,40.28242],[-0.49206,40.28276],[-0.49166,40.28317],[-0.49164,40.28357],[-0.49223,40.28433],[-0.49355,40.28542],[-0.4942,40.28619],[-0.49746,40.28885],[-0.49724,40.28985],[-0.49722,40.29202],[-0.49765,40.29254],[-0.4978,40.29322],[-0.49968,40.29514],[-0.5003,40.29636],[-0.501,40.29682],[-0.50109,40.29812],[-0.50158,40.29954],[-0.50153,40.30104],[-0.49989,40.30149],[-0.4992,40.30194],[-0.49888,40.30222],[-0.49851,40.303],[-0.49822,40.30299],[-0.49765,40.30401],[-0.49742,40.30846],[-0.49706,40.3093],[-0.49539,40.30973],[-0.49365,40.31142],[-0.4929,40.31166],[-0.49299,40.31203],[-0.49355,40.3125],[-0.49429,40.3127],[-0.49611,40.31411],[-0.49805,40.31458],[-0.50048,40.3172],[-0.50244,40.31877],[-0.50378,40.31907],[-0.50539,40.31918],[-0.50624,40.31975],[-0.50806,40.3204],[-0.50884,40.32093],[-0.51038,40.32135],[-0.51115,40.32189],[-0.51294,40.32205],[-0.51391,40.3225],[-0.51432,40.32291],[-0.5153,40.32296],[-0.5165,40.32328],[-0.52051,40.32563],[-0.52126,40.32684],[-0.5227,40.32799],[-0.52358,40.32814],[-0.52423,40.3285],[-0.52656,40.32923],[-0.52812,40.32949],[-0.52879,40.32932],[-0.52913,40.32954],[-0.52985,40.32961],[-0.53018,40.33003],[-0.52954,40.33005],[-0.52906,40.33028],[-0.52787,40.33118],[-0.52756,40.33184],[-0.52761,40.33235],[-0.5272,40.3328],[-0.5271,40.33336],[-0.52709,40.33441],[-0.52735,40.33513],[-0.52657,40.3352],[-0.52538,40.33573],[-0.52426,40.33581],[-0.52241,40.33634],[-0.52013,40.33663],[-0.51972,40.33694],[-0.51879,40.33727],[-0.51797,40.33807],[-0.51726,40.33842],[-0.51678,40.33888],[-0.51532,40.339],[-0.51464,40.33932],[-0.51385,40.33943],[-0.51335,40.33976],[-0.51198,40.33956],[-0.5106,40.33974],[-0.50923,40.33949],[-0.50676,40.33948],[-0.50587,40.34001],[-0.50489,40.34014],[-0.50319,40.34076],[-0.50264,40.34126],[-0.50193,40.34145],[-0.50141,40.34196],[-0.50042,40.34255],[-0.50017,40.34304],[-0.49987,40.34326],[-0.49646,40.34444],[-0.49525,40.34542],[-0.49491,40.34648],[-0.49551,40.34765],[-0.49609,40.34811],[-0.49674,40.3483],[-0.49708,40.34858],[-0.49763,40.35003],[-0.49754,40.35088],[-0.49719,40.35136],[-0.49631,40.35197],[-0.49421,40.35227],[-0.49363,40.35249],[-0.49327,40.35329],[-0.49227,40.35364],[-0.49172,40.35404],[-0.49132,40.35513],[-0.49144,40.35568],[-0.49127,40.35633],[-0.49141,40.35681],[-0.49118,40.35716],[-0.49016,40.35757],[-0.48986,40.35795],[-0.48918,40.35833],[-0.48836,40.35929],[-0.48704,40.35971],[-0.48691,40.36086],[-0.48623,40.3625],[-0.48573,40.36306],[-0.48561,40.36482],[-0.48526,40.36528],[-0.48469,40.36549],[-0.48269,40.36507],[-0.48119,40.36497],[-0.481,40.36485],[-0.48087,40.36423],[-0.48063,40.36395],[-0.47968,40.36347],[-0.47764,40.36378],[-0.47664,40.36371],[-0.47523,40.36304],[-0.47475,40.36244],[-0.4738,40.3618],[-0.47352,40.36111],[-0.47206,40.36293],[-0.47121,40.36356],[-0.47018,40.36403],[-0.46927,40.36385],[-0.46868,40.36395],[-0.46909,40.3657],[-0.46903,40.36641],[-0.46865,40.36689],[-0.46771,40.36722],[-0.46707,40.36794],[-0.46726,40.36922],[-0.46766,40.36975],[-0.46721,40.37037],[-0.46739,40.37105],[-0.46719,40.37171],[-0.46734,40.37259],[-0.46664,40.37384],[-0.4659,40.37448],[-0.46542,40.37577],[-0.46463,40.37671],[-0.46459,40.37719],[-0.46481,40.37776],[-0.46463,40.37809],[-0.46125,40.37811],[-0.46019,40.37864],[-0.45942,40.37811],[-0.45848,40.37785],[-0.45747,40.37799],[-0.45617,40.37792],[-0.45254,40.37549],[-0.45233,40.37526],[-0.45215,40.37453],[-0.44996,40.37276],[-0.44872,40.37235],[-0.44808,40.37198],[-0.44659,40.37161],[-0.44527,40.37082],[-0.44142,40.37061],[-0.43991,40.37],[-0.43793,40.36963],[-0.43662,40.369],[-0.43278,40.36888],[-0.43201,40.36873],[-0.43078,40.36921],[-0.43029,40.3705],[-0.42963,40.37167],[-0.42774,40.37308],[-0.42738,40.37357],[-0.4273,40.37403],[-0.42744,40.37454],[-0.42709,40.37482],[-0.42633,40.37501],[-0.42552,40.37462],[-0.42394,40.37434],[-0.42245,40.3743],[-0.4211,40.37491],[-0.41989,40.37469],[-0.41792,40.37466],[-0.41624,40.37488],[-0.41371,40.37554],[-0.41313,40.37602],[-0.41299,40.37703],[-0.41266,40.37756],[-0.40981,40.38012],[-0.40929,40.3813],[-0.40826,40.38225],[-0.40795,40.38221],[-0.40608,40.38056],[-0.40476,40.38035],[-0.40355,40.37962],[-0.40215,40.37851],[-0.40142,40.37772],[-0.39986,40.37754],[-0.39894,40.37674],[-0.39799,40.37692],[-0.39774,40.37716],[-0.39761,40.3781],[-0.39697,40.37883],[-0.39517,40.38038],[-0.3932,40.38143],[-0.39288,40.38187],[-0.3927,40.38256],[-0.3914,40.3846],[-0.39017,40.38501],[-0.38838,40.38508],[-0.38703,40.38601],[-0.38638,40.38625],[-0.38137,40.38597],[-0.38004,40.38553],[-0.37764,40.38542],[-0.37556,40.38451],[-0.37193,40.3845],[-0.37182,40.38481],[-0.37205,40.38544],[-0.37203,40.38698],[-0.37226,40.38769],[-0.37202,40.3885],[-0.37219,40.38897],[-0.37221,40.3903],[-0.37267,40.39109],[-0.37374,40.39405],[-0.37379,40.39521],[-0.37397,40.39569],[-0.37388,40.39592],[-0.3709,40.39783],[-0.36983,40.39807],[-0.36843,40.39814],[-0.36493,40.39971],[-0.36389,40.39987],[-0.36334,40.40028],[-0.36308,40.40084],[-0.36164,40.40192],[-0.35968,40.40265],[-0.35702,40.40466],[-0.35679,40.40532],[-0.35649,40.40563],[-0.35094,40.40963],[-0.35065,40.4111],[-0.34815,40.41318],[-0.3475,40.41421],[-0.34623,40.41463],[-0.34508,40.41429],[-0.34215,40.41568],[-0.34144,40.41589],[-0.34004,40.41596],[-0.33936,40.41672],[-0.33857,40.41636],[-0.33742,40.4161],[-0.33628,40.41629],[-0.33441,40.41734],[-0.33405,40.41769],[-0.33354,40.41904],[-0.33262,40.42015],[-0.3316,40.42094],[-0.33109,40.42231],[-0.33075,40.42277],[-0.33006,40.42258],[-0.32836,40.42151],[-0.32434,40.41999],[-0.32351,40.41939],[-0.32278,40.41913],[-0.31964,40.42081],[-0.31734,40.42074],[-0.31536,40.42007],[-0.31287,40.41997],[-0.31212,40.41956],[-0.30964,40.41932],[-0.30923,40.4195],[-0.30837,40.42028],[-0.30616,40.42031],[-0.30518,40.42086],[-0.30466,40.42089],[-0.30327,40.42012],[-0.30199,40.41864],[-0.3005,40.41736],[-0.30002,40.41663],[-0.29987,40.4168],[-0.29973,40.41796],[-0.2993,40.4184],[-0.29907,40.41891],[-0.2975,40.42011],[-0.29723,40.42067],[-0.29604,40.42179],[-0.2927,40.42326],[-0.29196,40.42343],[-0.29027,40.42462],[-0.28934,40.42495],[-0.28879,40.42565],[-0.28839,40.42565],[-0.28697,40.42483],[-0.2838,40.42444],[-0.2823,40.42382],[-0.28073,40.42354],[-0.28001,40.42354],[-0.27815,40.42398],[-0.27784,40.42419],[-0.27758,40.42476],[-0.27702,40.42516],[-0.27512,40.42555],[-0.27495,40.42707],[-0.2747,40.42789],[-0.27624,40.42884],[-0.27642,40.42958],[-0.27725,40.43081],[-0.27813,40.43149],[-0.27968,40.43212],[-0.28023,40.43253],[-0.28087,40.43376],[-0.28029,40.4348],[-0.2805,40.43573],[-0.28045,40.4362],[-0.27936,40.43751],[-0.27917,40.43842],[-0.2786,40.43966],[-0.27857,40.44075],[-0.27887,40.4418],[-0.27992,40.44291],[-0.2799,40.44347],[-0.27961,40.44412],[-0.2795,40.44557],[-0.27915,40.44631],[-0.27884,40.44661],[-0.27795,40.44721],[-0.2772,40.44737],[-0.27663,40.44778],[-0.27637,40.44851],[-0.27622,40.44842],[-0.27612,40.44758],[-0.27555,40.4471],[-0.27502,40.44705],[-0.27337,40.44732],[-0.2728,40.44616],[-0.27271,40.44508],[-0.27185,40.44386],[-0.27081,40.44335],[-0.26743,40.44324],[-0.2668,40.44297],[-0.26647,40.44218],[-0.26635,40.44126],[-0.2658,40.44034],[-0.26482,40.43922],[-0.26507,40.43832],[-0.26514,40.43718],[-0.26483,40.43631],[-0.26335,40.4349],[-0.2625,40.43441],[-0.26123,40.43438],[-0.25912,40.43593],[-0.25857,40.43687],[-0.25797,40.43732],[-0.25668,40.43766],[-0.25578,40.43818],[-0.25417,40.43823],[-0.25252,40.43878],[-0.25089,40.43882],[-0.24986,40.43909],[-0.2494,40.44062],[-0.24929,40.44282],[-0.24914,40.44323],[-0.24759,40.44407],[-0.24557,40.44434],[-0.24488,40.44457],[-0.24306,40.44573],[-0.2426,40.44657],[-0.24176,40.44756],[-0.24163,40.44947],[-0.24136,40.45016],[-0.24158,40.45095],[-0.24149,40.4527],[-0.2406,40.45452],[-0.24043,40.4562],[-0.23959,40.45764],[-0.23966,40.4587],[-0.23731,40.45901],[-0.23605,40.45979],[-0.23304,40.46051],[-0.2327,40.46079],[-0.23251,40.46148],[-0.23213,40.46172],[-0.2313,40.46174],[-0.23049,40.46155],[-0.22926,40.46175],[-0.22893,40.46251],[-0.22859,40.46294],[-0.22819,40.46317],[-0.22765,40.46403],[-0.22649,40.46416],[-0.22491,40.46469],[-0.22412,40.46479],[-0.2232,40.46553],[-0.22162,40.46563],[-0.22104,40.46587],[-0.22051,40.46638],[-0.21995,40.46657],[-0.21923,40.46635],[-0.2174,40.46491],[-0.21661,40.46485],[-0.21628,40.4641],[-0.21662,40.46296],[-0.2166,40.46124],[-0.21632,40.46101],[-0.21558,40.4608],[-0.21424,40.45973],[-0.21406,40.45848],[-0.21296,40.4573],[-0.2122,40.4569],[-0.2117,40.45637],[-0.20995,40.45553],[-0.20952,40.45431],[-0.20881,40.45334],[-0.20876,40.45241],[-0.20832,40.45108],[-0.20822,40.44957],[-0.2073,40.44905],[-0.20583,40.44879],[-0.20226,40.44868],[-0.2014,40.44904],[-0.20095,40.44905],[-0.19973,40.44845],[-0.19894,40.44838],[-0.19818,40.44855],[-0.19627,40.44854],[-0.19528,40.44877],[-0.19461,40.4491],[-0.19321,40.44916],[-0.19186,40.44987],[-0.1911,40.45056],[-0.19011,40.45069],[-0.1893,40.45104],[-0.18839,40.45292],[-0.18805,40.4532],[-0.18704,40.45354],[-0.18585,40.45429],[-0.18406,40.45437],[-0.18145,40.45597],[-0.18034,40.45624],[-0.17937,40.45615],[-0.17879,40.4556],[-0.17813,40.45542],[-0.17678,40.45465],[-0.17476,40.45392],[-0.17376,40.45404],[-0.1732,40.45394],[-0.17159,40.45247],[-0.17058,40.45189],[-0.16663,40.44873],[-0.16473,40.44867],[-0.16345,40.44922],[-0.16187,40.44947],[-0.16048,40.44943],[-0.15975,40.44925],[-0.15879,40.44936],[-0.15748,40.44893],[-0.15518,40.44913],[-0.15422,40.44961],[-0.15397,40.4501],[-0.15296,40.4509],[-0.15173,40.45223],[-0.15151,40.45275],[-0.15094,40.45316],[-0.15038,40.45308],[-0.14615,40.45341],[-0.14489,40.45396],[-0.14229,40.45422],[-0.13941,40.45514],[-0.13917,40.45535],[-0.1387,40.45665],[-0.13776,40.45844],[-0.13422,40.46193],[-0.134,40.4626],[-0.13357,40.46289],[-0.13304,40.464],[-0.1323,40.46465],[-0.13209,40.46578],[-0.13089,40.4669],[-0.1291,40.46815],[-0.1271,40.46861],[-0.1254,40.46831],[-0.12418,40.46748],[-0.12071,40.46753],[-0.11851,40.46553],[-0.11664,40.46459],[-0.11484,40.46453],[-0.11245,40.46472],[-0.11032,40.4653],[-0.10859,40.46508],[-0.10481,40.4658],[-0.1026,40.4653],[-0.1014,40.46468],[-0.10021,40.46431],[-0.09912,40.46342],[-0.09886,40.46287],[-0.09796,40.4625],[-0.09632,40.4612],[-0.09486,40.46059],[-0.09434,40.45978],[-0.09282,40.45898],[-0.09237,40.458],[-0.09167,40.45733],[-0.09127,40.4564],[-0.09055,40.45573],[-0.08957,40.45426],[-0.08832,40.45356],[-0.08682,40.45362],[-0.086,40.45296],[-0.08499,40.45172],[-0.08422,40.45171],[-0.08256,40.45062],[-0.08246,40.45016],[-0.08269,40.44942],[-0.08228,40.44893],[-0.08173,40.44728],[-0.08203,40.44625],[-0.08203,40.44567],[-0.08188,40.44554],[-0.08089,40.44584],[-0.07958,40.4459],[-0.07831,40.44645],[-0.07581,40.44646],[-0.07503,40.4468],[-0.07414,40.44691],[-0.07292,40.44755],[-0.07233,40.44799],[-0.07183,40.44875],[-0.07028,40.44982],[-0.06902,40.45034],[-0.06621,40.45278],[-0.06583,40.45342],[-0.06605,40.45438],[-0.06592,40.45678],[-0.06554,40.45713],[-0.06458,40.45727],[-0.06393,40.45791],[-0.06375,40.45935],[-0.06358,40.45963],[-0.06187,40.45973],[-0.05883,40.45949],[-0.05652,40.4587],[-0.05482,40.45774],[-0.05278,40.45507],[-0.05161,40.45558],[-0.05003,40.45574],[-0.04864,40.45616],[-0.04707,40.45644],[-0.04579,40.4563],[-0.04306,40.45694],[-0.04201,40.45661],[-0.03977,40.45663],[-0.03831,40.45628],[-0.03974,40.45533],[-0.04041,40.45453],[-0.04072,40.45398],[-0.04097,40.45263],[-0.04044,40.45051],[-0.04007,40.44984],[-0.03925,40.44496],[-0.03886,40.44442],[-0.03821,40.44408],[-0.03479,40.44363],[-0.02628,40.44189],[-0.02268,40.44216],[-0.01727,40.44221],[-0.01428,40.44141],[-0.00895,40.43899],[-0.00748,40.4385],[-0.0024,40.437],[0.00031,40.43642],[0.00257,40.43527],[0.00321,40.43461],[0.00522,40.4318],[0.00484,40.42969],[0.00434,40.42806],[0.00397,40.42485],[0.00328,40.42251],[0.00415,40.42142],[0.00441,40.42063],[0.0045,40.41939],[0.00426,40.41744],[0.004,40.41683],[0.00363,40.41674],[0.00112,40.41732],[-0.00055,40.41701],[-0.00142,40.41667],[-0.00321,40.4155],[-0.0045,40.41408],[-0.0085,40.41256],[-0.00861,40.41209],[-0.00824,40.41057],[-0.00824,40.40866],[-0.00862,40.40595],[-0.00912,40.4051],[-0.00957,40.40475],[-0.01019,40.40459],[-0.01439,40.4051],[-0.01539,40.40497],[-0.01625,40.40401],[-0.01697,40.40213],[-0.01818,40.39846],[-0.01851,40.39578],[-0.02314,40.39336],[-0.02409,40.39351],[-0.02587,40.39339],[-0.02653,40.3932],[-0.02728,40.39275],[-0.02843,40.39077],[-0.02873,40.38931],[-0.02909,40.38886],[-0.03038,40.38787],[-0.02927,40.38577],[-0.02795,40.38466],[-0.02605,40.38357],[-0.0255,40.383],[-0.02479,40.38027],[-0.0246,40.37824],[-0.02406,40.37665],[-0.02342,40.37619],[-0.02146,40.37562],[-0.02033,40.37466],[-0.01908,40.37313],[-0.01855,40.37186],[-0.01844,40.3708],[-0.01643,40.36887],[-0.01419,40.36744],[-0.01288,40.36598],[-0.01161,40.3638],[-0.01018,40.35924],[-0.00906,40.35715],[-0.00847,40.35552],[-0.00601,40.35295],[-0.00427,40.35151],[0.00144,40.34799],[0.00563,40.34377],[0.00611,40.34276],[0.00619,40.34158],[0.00588,40.33894],[0.00562,40.33794],[0.00528,40.33353],[0.0051,40.33304],[0.00523,40.33242],[0.00547,40.33172],[0.00639,40.33073],[0.00712,40.3304],[0.008,40.33028],[0.00861,40.32978],[0.01189,40.32524],[0.01174,40.32069],[0.01184,40.31994],[0.01205,40.31961],[0.01263,40.31957],[0.01764,40.32101],[0.02149,40.3201],[0.02203,40.31992],[0.02256,40.3195],[0.02265,40.31888],[0.02239,40.31717],[0.02252,40.31678],[0.0243,40.31537],[0.02477,40.31469],[0.02441,40.31305],[0.02508,40.31169],[0.02513,40.3107],[0.02465,40.30915],[0.0248,40.30845],[0.02551,40.30742],[0.02641,40.30708],[0.02636,40.30683],[0.02572,40.30654],[0.02395,40.30603],[0.02134,40.30566],[0.01822,40.30636],[0.01656,40.30619],[0.01398,40.30519],[0.01243,40.30432],[0.01044,40.30228],[0.00617,40.30183],[0.00551,40.30087],[0.00527,40.30023],[0.00478,40.29964],[0.00421,40.29915],[0.00259,40.29834],[0.00042,40.29738],[-0.00071,40.29703],[-0.00343,40.29661],[-0.00537,40.29583],[-0.00311,40.29436],[-0.00165,40.29242],[-0.0011,40.29029],[-0.00218,40.28864],[-0.00231,40.2869],[-0.00091,40.28514],[-0.00066,40.28382],[-0.00074,40.28272],[-0.00104,40.28166],[-0.00287,40.27746],[-0.00298,40.27545],[-0.00442,40.27425],[-0.00506,40.27348],[-0.00748,40.26971],[-0.00667,40.27009],[-0.00126,40.27142],[0.00062,40.27159],[0.00221,40.27127],[0.00399,40.27007],[0.00591,40.26924],[0.00721,40.26897],[0.01195,40.26911],[0.01395,40.26898],[0.01728,40.26726],[0.01936,40.26484],[0.02134,40.26388],[0.02163,40.26242],[0.02139,40.26087],[0.02154,40.25668],[0.02143,40.25372],[0.02186,40.25231],[0.02235,40.25154],[0.02287,40.25084],[0.02367,40.25021],[0.02632,40.24887],[0.02704,40.24833],[0.02788,40.24741],[0.02957,40.24622],[0.02989,40.2458],[0.03081,40.24424],[0.03172,40.24217],[0.0318,40.24164],[0.03114,40.24029],[0.0311,40.23967],[0.03184,40.23788],[0.03292,40.23667],[0.03465,40.23555],[0.03667,40.2346],[0.04073,40.23319],[0.04123,40.23259],[0.04274,40.23023],[0.04426,40.22529],[0.04486,40.22458],[0.04548,40.22401],[0.04654,40.22343],[0.05234,40.22256],[0.05296,40.22226],[0.05497,40.22072],[0.05686,40.21974],[0.05943,40.21948],[0.06211,40.21963],[0.06433,40.21934],[0.06567,40.21899],[0.06715,40.21825],[0.06949,40.21766],[0.07491,40.21718],[0.07818,40.21708],[0.07922,40.2172],[0.08231,40.21672],[0.08323,40.21589],[0.08347,40.21538],[0.08355,40.21373],[0.08327,40.21147],[0.08389,40.20953],[0.08381,40.20923],[0.08139,40.20807],[0.08132,40.20773],[0.08151,40.20675],[0.08304,40.20443],[0.08482,40.20349],[0.08723,40.20254],[0.0875,40.20202],[0.08759,40.2013],[0.08743,40.20057],[0.08629,40.19789],[0.08679,40.19556],[0.08735,40.19504],[0.08774,40.19421],[0.08781,40.19353],[0.08749,40.19232],[0.08674,40.19178],[0.08553,40.19124],[0.08322,40.19093],[0.08174,40.19037],[0.08135,40.18999],[0.08083,40.1886],[0.08054,40.18826],[0.07948,40.18762],[0.07906,40.18717],[0.07891,40.18673],[0.07889,40.18571],[0.07976,40.18414],[0.08016,40.18303],[0.08017,40.18139],[0.08073,40.17868],[0.08072,40.17716],[0.08178,40.17634],[0.08265,40.17505],[0.08259,40.17443],[0.08237,40.17414],[0.08086,40.17315],[0.07926,40.17242],[0.07893,40.17172],[0.0774,40.17148],[0.07565,40.17056],[0.0752,40.17049],[0.07464,40.16965],[0.07469,40.16674],[0.07587,40.16484],[0.0755,40.16369],[0.07534,40.16172],[0.07497,40.16074],[0.07665,40.15912],[0.07707,40.15711],[0.07801,40.15631],[0.07482,40.15592],[0.07196,40.15505],[0.06871,40.15431],[0.06711,40.15371],[0.0655,40.153],[0.0645,40.15232],[0.06308,40.15104],[0.06164,40.15001],[0.06136,40.1494],[0.06139,40.14842],[0.06168,40.14765],[0.06183,40.14742],[0.06263,40.14713],[0.06347,40.14638],[0.06451,40.1449],[0.06474,40.14333],[0.06542,40.14261],[0.06542,40.14237],[0.06583,40.14231],[0.06727,40.14158],[0.06932,40.14092],[0.06993,40.13847],[0.06945,40.13803],[0.06696,40.1369],[0.0658,40.13559],[0.06493,40.13424],[0.0633,40.13274],[0.06046,40.13095],[0.05749,40.12937],[0.05578,40.12757],[0.0542,40.12509],[0.05153,40.12356],[0.04974,40.12273],[0.04792,40.12218],[0.04527,40.12177],[0.03904,40.12154],[0.03798,40.12112],[0.03553,40.11895],[0.03355,40.11803],[0.03181,40.11771],[0.03085,40.11731],[0.02988,40.11654],[0.03068,40.11393],[0.03381,40.11151],[0.0347,40.11129],[0.03516,40.1108],[0.03511,40.11009],[0.03475,40.10931],[0.03106,40.10637],[0.02839,40.10445],[0.0258,40.10308],[0.02514,40.10257],[0.02451,40.10146],[0.02475,40.10024],[0.02577,40.09833],[0.02585,40.09742],[0.02564,40.09667],[0.02567,40.09599],[0.02614,40.09507],[0.02684,40.09448],[0.02721,40.09345],[0.02884,40.09257],[0.0301,40.09115],[0.03092,40.09061],[0.03195,40.09035],[0.03204,40.08958],[0.03249,40.08899],[0.0325,40.08812],[0.03181,40.08733],[0.03156,40.08639],[0.03097,40.08582],[0.03161,40.08596],[0.03052,40.08564],[0.02947,40.08589],[0.02861,40.08584],[0.02797,40.08549],[0.02728,40.08466],[0.02538,40.0835],[0.02435,40.08251],[0.02392,40.08145],[0.02326,40.0805],[0.02174,40.07919],[0.02092,40.07894],[0.02043,40.07895],[0.0202,40.07916],[0.01998,40.07895],[0.01947,40.07895],[0.01821,40.07774],[0.01725,40.07761],[0.01605,40.0772],[0.01414,40.07612],[0.01381,40.07576],[0.01374,40.07528],[0.01305,40.07491],[0.01115,40.07414],[0.01034,40.07364],[0.0085,40.07297],[0.00669,40.07269],[0.00438,40.07085],[0.00296,40.07037],[0.00034,40.0724],[-0.00179,40.07305],[-0.00384,40.07407],[-0.00508,40.07592],[-0.006,40.07649],[-0.0064,40.07711],[-0.00611,40.07777],[-0.00631,40.07825],[-0.00639,40.07955],[-0.00779,40.08116],[-0.00849,40.08162],[-0.00874,40.082],[-0.00867,40.08503],[-0.00815,40.08567],[-0.00799,40.08666],[-0.00749,40.08723],[-0.0074,40.08777],[-0.00748,40.08813],[-0.0079,40.08866],[-0.00799,40.08987],[-0.00869,40.09025],[-0.00826,40.09107],[-0.00858,40.09148],[-0.00889,40.0941],[-0.00847,40.09493],[-0.00741,40.0958],[-0.00732,40.09633],[-0.00766,40.09716],[-0.00899,40.09838],[-0.01128,40.09747],[-0.01319,40.09605],[-0.01486,40.09565],[-0.01568,40.09563],[-0.01717,40.0963],[-0.01847,40.0966],[-0.02006,40.09559],[-0.02135,40.09526],[-0.02275,40.09431],[-0.025,40.09429],[-0.02556,40.09241],[-0.02518,40.09169],[-0.02513,40.09128],[-0.02519,40.09031],[-0.02559,40.08928],[-0.0274,40.08857],[-0.02875,40.08834],[-0.03028,40.08832],[-0.03111,40.08814],[-0.03427,40.08844],[-0.0363,40.08787],[-0.03714,40.08785],[-0.03788,40.08809],[-0.03909,40.08918],[-0.04054,40.08958],[-0.04101,40.08994],[-0.04358,40.09002],[-0.04549,40.08965],[-0.04698,40.0904],[-0.04777,40.09123],[-0.04826,40.09149],[-0.04968,40.09153],[-0.05092,40.09116],[-0.05311,40.09117],[-0.05393,40.09098],[-0.05441,40.09125],[-0.05447,40.09162],[-0.05472,40.0919],[-0.05648,40.09195],[-0.05685,40.0916],[-0.05778,40.09115],[-0.05918,40.09109],[-0.05957,40.09091],[-0.05985,40.08992],[-0.06019,40.0894],[-0.06083,40.08892],[-0.0616,40.0887],[-0.06165,40.08831],[-0.06216,40.08799],[-0.06227,40.08766],[-0.06251,40.08748],[-0.06254,40.08737],[-0.06145,40.08653],[-0.06144,40.08606],[-0.0617,40.0853],[-0.06095,40.08428],[-0.0607,40.08362],[-0.06126,40.08306],[-0.06208,40.08298],[-0.06355,40.08215],[-0.06482,40.08054],[-0.06559,40.07902],[-0.06754,40.07709],[-0.06744,40.07578],[-0.06778,40.07444],[-0.06909,40.0751],[-0.06969,40.07503],[-0.07168,40.0754],[-0.07262,40.07477],[-0.07338,40.07391],[-0.07594,40.0741],[-0.07816,40.07256],[-0.07927,40.07215],[-0.08087,40.07082],[-0.08233,40.07073],[-0.08284,40.0705],[-0.08372,40.06982],[-0.08423,40.06908],[-0.08493,40.06849],[-0.08515,40.06783],[-0.08586,40.06739],[-0.08639,40.06643],[-0.0893,40.06431],[-0.08975,40.06359],[-0.09093,40.06246],[-0.09134,40.06225],[-0.09323,40.06202],[-0.09333,40.06145],[-0.09364,40.0612],[-0.09546,40.06069],[-0.09634,40.05992],[-0.09731,40.05946],[-0.09892,40.05901],[-0.09967,40.05753],[-0.1013,40.05607],[-0.10197,40.05491],[-0.10199,40.0545],[-0.10153,40.05308],[-0.10159,40.05268],[-0.10204,40.05194],[-0.10289,40.05133],[-0.10406,40.05104],[-0.10496,40.05],[-0.10557,40.04957],[-0.10706,40.04949],[-0.10748,40.04927],[-0.10901,40.04801],[-0.11055,40.04802],[-0.11367,40.04727],[-0.11486,40.04718],[-0.11607,40.04654],[-0.11668,40.04532],[-0.11734,40.04508],[-0.11856,40.04509],[-0.11887,40.04437],[-0.11863,40.04374],[-0.11868,40.04341],[-0.12011,40.0431],[-0.12062,40.04259],[-0.12084,40.04207],[-0.12154,40.04148],[-0.12152,40.04072],[-0.12218,40.04015],[-0.12245,40.03959],[-0.12361,40.03876],[-0.12539,40.03868],[-0.12667,40.03824],[-0.1282,40.03746],[-0.13092,40.03727],[-0.13279,40.03675],[-0.13458,40.03735],[-0.13519,40.03734],[-0.13755,40.03632],[-0.13939,40.03463],[-0.14133,40.0342],[-0.14257,40.03438],[-0.14381,40.03385],[-0.14471,40.03373],[-0.14679,40.03242],[-0.14732,40.03192],[-0.14861,40.03158],[-0.14941,40.03107],[-0.15041,40.03073],[-0.15181,40.02978],[-0.15435,40.0289],[-0.15479,40.02893],[-0.15573,40.02934],[-0.15729,40.02897],[-0.15817,40.02896],[-0.15987,40.02902],[-0.1607,40.02943],[-0.16141,40.02947],[-0.16356,40.02883],[-0.16389,40.02804],[-0.1642,40.02782],[-0.16462,40.02779],[-0.16489,40.02791],[-0.16563,40.02934],[-0.16782,40.0309],[-0.16937,40.03143],[-0.16999,40.03137],[-0.1708,40.03157],[-0.1722,40.03238],[-0.17521,40.03188],[-0.17688,40.03233],[-0.17867,40.03238],[-0.17996,40.03202],[-0.18104,40.03195],[-0.182,40.03162],[-0.1832,40.03153],[-0.18379,40.03132],[-0.18489,40.03059],[-0.18616,40.03047],[-0.18781,40.02934],[-0.18949,40.02854],[-0.19077,40.02687],[-0.19124,40.02708],[-0.1921,40.02816],[-0.19327,40.02854],[-0.19479,40.02963],[-0.19541,40.02959],[-0.19619,40.02891],[-0.19676,40.02768],[-0.19853,40.02664],[-0.2001,40.02653],[-0.20069,40.02632],[-0.20179,40.02559],[-0.20357,40.02551],[-0.20476,40.025],[-0.2054,40.02533],[-0.20638,40.0254],[-0.20747,40.02503],[-0.20865,40.02493],[-0.21047,40.0241],[-0.2113,40.02307],[-0.2122,40.02257],[-0.21238,40.02217],[-0.21376,40.02222],[-0.2148,40.02245],[-0.21685,40.02227],[-0.21755,40.02236],[-0.21887,40.02338],[-0.21981,40.02379],[-0.22095,40.02493],[-0.22139,40.02614],[-0.22243,40.02714],[-0.22213,40.02772],[-0.22227,40.02839],[-0.22182,40.02929],[-0.22165,40.03013],[-0.22088,40.03085],[-0.22035,40.03264],[-0.21945,40.0333],[-0.21755,40.03407],[-0.21642,40.03501],[-0.21436,40.03597],[-0.21418,40.03615],[-0.21419,40.03649],[-0.21619,40.0382],[-0.21811,40.03929],[-0.21859,40.03995],[-0.21876,40.04049],[-0.21962,40.04139],[-0.22193,40.04315],[-0.22216,40.04422],[-0.22586,40.0473],[-0.22612,40.04791],[-0.22764,40.04923],[-0.2279,40.0497],[-0.22801,40.05062],[-0.22828,40.05108],[-0.22924,40.05192],[-0.22972,40.05296],[-0.23003,40.05316],[-0.2308,40.05306],[-0.23122,40.05326],[-0.2315,40.05356],[-0.23134,40.05418],[-0.23164,40.05477],[-0.23223,40.05522],[-0.23322,40.05546],[-0.23323,40.0569],[-0.23528,40.05695],[-0.23589,40.05891],[-0.23766,40.06026],[-0.2379,40.06073],[-0.23859,40.06097],[-0.24057,40.0623],[-0.24154,40.06335],[-0.24324,40.06474],[-0.24425,40.06532],[-0.24492,40.06608],[-0.24594,40.06651],[-0.24727,40.06751],[-0.2485,40.06793],[-0.24851,40.06822],[-0.24804,40.06872],[-0.24797,40.06949],[-0.24823,40.07036],[-0.2486,40.07076],[-0.24905,40.07098],[-0.25065,40.0711],[-0.25151,40.07166],[-0.25248,40.07192],[-0.25273,40.07258],[-0.25225,40.07376],[-0.25216,40.07439],[-0.25275,40.07453],[-0.25267,40.07614],[-0.25208,40.07743],[-0.25228,40.07814],[-0.25223,40.07861],[-0.25112,40.08004],[-0.25155,40.08067],[-0.25183,40.08192],[-0.25117,40.08248],[-0.24959,40.08298],[-0.24827,40.08383],[-0.24829,40.08404],[-0.24949,40.08557],[-0.25043,40.08576],[-0.25137,40.08647],[-0.25162,40.08682],[-0.25175,40.08787],[-0.25314,40.08883],[-0.25487,40.08977],[-0.25576,40.09001],[-0.258,40.08969],[-0.25861,40.09143],[-0.25963,40.0923],[-0.25993,40.09282],[-0.25937,40.09344],[-0.25924,40.09427],[-0.25864,40.09583]]]}},{"type":"Feature","id":"7-0","properties":{"NomSistExp":"Palancia - Los Valles","Subsistema":"Bajo Palancia - Los Valles","Superf km2":0.0,"Area km2":0.0,"id":"7-0"},"geometry":{"type":"Polygon","coordinates":[[[-0.41677,39.9363],[-0.41622,39.93652],[-0.41656,39.93615],[-0.41677,39.9363]]]}},{"type":"Feature","id":"7-1","properties":{"NomSistExp":"Palancia - Los Valles","Subsistema":"Mijares - Litoral Sagunto","Superf km2":1061.86,"Area km2":1061.86,"id":"7-1"},"geometry":{"type":"Polygon","coordinates":[[[-0.4153,39.93712],[-0.41421,39.93783],[-0.41193,39.93844],[-0.41177,39.93868],[-0.41203,39.93962],[-0.41292,39.94092],[-0.41279,39.94138],[-0.4124,39.94171],[-0.41222,39.94221],[-0.41325,39.94258],[-0.41432,39.94354],[-0.41521,39.94399],[-0.41675,39.94438],[-0.41759,39.94501],[-0.41979,39.9459],[-0.42113,39.9467],[-0.42152,39.94712],[-0.42196,39.9481],[-0.42305,39.94946],[-0.42325,39.95051],[-0.42376,39.95125],[-0.42415,39.95141],[-0.42453,39.95213],[-0.42469,39.95332],[-0.42451,39.95372],[-0.42294,39.95516],[-0.4222,39.95606],[-0.42179,39.95741],[-0.42376,39.95884],[-0.42649,39.95983],[-0.42707,39.9603],[-0.42747,39.96116],[-0.42762,39.96339],[-0.42746,39.96404],[-0.42684,39.96521],[-0.42569,39.96621],[-0.42519,39.96704],[-0.42507,39.96758],[-0.42475,39.96794],[-0.42485,39.96842],[-0.42631,39.97018],[-0.42684,39.97061],[-0.42906,39.97144],[-0.43025,39.97232],[-0.43184,39.97312],[-0.43331,39.97458],[-0.43389,39.97481],[-0.43629,39.97487],[-0.43739,39.97514],[-0.4381,39.9755],[-0.43892,39.97544],[-0.44013,39.9757],[-0.44132,39.97664],[-0.44444,39.97845],[-0.44563,39.98024],[-0.44655,39.98079],[-0.44925,39.98118],[-0.44984,39.98143],[-0.45382,39.98122],[-0.45505,39.9816],[-0.45612,39.98214],[-0.45905,39.98204],[-0.46044,39.98236],[-0.46118,39.98234],[-0.46424,39.98121],[-0.46479,39.98068],[-0.46614,39.97865],[-0.46843,39.97747],[-0.46917,39.97721],[-0.47173,39.97822],[-0.47241,39.97982],[-0.47456,39.98051],[-0.47495,39.9813],[-0.47533,39.98308],[-0.4759,39.98345],[-0.47746,39.98368],[-0.47842,39.98411],[-0.4802,39.98525],[-0.48193,39.98589],[-0.48226,39.98626],[-0.48243,39.9882],[-0.48426,39.99047],[-0.48468,39.99111],[-0.48479,39.99159],[-0.48427,39.99171],[-0.48298,39.99132],[-0.48219,39.99129],[-0.4813,39.99138],[-0.48031,39.99192],[-0.48074,39.99306],[-0.47991,39.99544],[-0.48215,39.99728],[-0.4847,39.99757],[-0.48566,39.99825],[-0.48581,39.99929],[-0.48548,40.00023],[-0.48586,40.00111],[-0.48574,40.00171],[-0.48582,40.00234],[-0.48747,40.00485],[-0.48857,40.00561],[-0.49167,40.00673],[-0.49516,40.00593],[-0.49593,40.00563],[-0.49622,40.00525],[-0.49725,40.0049],[-0.50118,40.00442],[-0.50245,40.00478],[-0.5034,40.00542],[-0.50915,40.00621],[-0.51211,40.00629],[-0.51344,40.00574],[-0.51401,40.0057],[-0.51622,40.00684],[-0.51834,40.00754],[-0.51904,40.00749],[-0.51992,40.00686],[-0.52021,40.00646],[-0.52041,40.00504],[-0.52087,40.00438],[-0.52147,40.00423],[-0.52269,40.00434],[-0.52583,40.00581],[-0.52676,40.00597],[-0.52912,40.00564],[-0.53174,40.00467],[-0.53246,40.00393],[-0.53316,40.00225],[-0.53406,40.00131],[-0.53538,40.00108],[-0.53594,40.00071],[-0.53716,40.00067],[-0.53774,40.0008],[-0.53882,40.00065],[-0.53927,40.00031],[-0.53944,39.99975],[-0.54006,39.99888],[-0.54289,39.99692],[-0.54656,39.99537],[-0.54828,39.99532],[-0.54924,39.99507],[-0.55158,39.99298],[-0.55363,39.99201],[-0.55432,39.99112],[-0.55896,39.99018],[-0.56007,39.98909],[-0.56077,39.98871],[-0.5618,39.98844],[-0.5641,39.98893],[-0.56548,39.98904],[-0.56762,39.98965],[-0.57232,39.98873],[-0.57337,39.98874],[-0.57449,39.99011],[-0.57498,39.99122],[-0.57495,39.99173],[-0.57529,39.992],[-0.58257,39.99126],[-0.58655,39.99105],[-0.58778,39.99107],[-0.58853,39.99125],[-0.59014,39.99231],[-0.59042,39.99361],[-0.58998,39.99575],[-0.59019,39.9961],[-0.59074,39.99646],[-0.59445,39.99754],[-0.59709,39.99872],[-0.59996,39.9991],[-0.60894,39.9979],[-0.61367,39.99677],[-0.61477,39.99668],[-0.61684,39.9969],[-0.6182,39.99753],[-0.61914,39.99842],[-0.6197,39.9997],[-0.61934,40.001],[-0.61934,40.00161],[-0.61964,40.00212],[-0.6211,40.00314],[-0.62156,40.00387],[-0.62211,40.00526],[-0.62219,40.00594],[-0.62162,40.00821],[-0.62171,40.00862],[-0.62286,40.00928],[-0.62439,40.00936],[-0.62692,40.00887],[-0.62868,40.0083],[-0.62965,40.00667],[-0.63006,40.00561],[-0.63024,40.00447],[-0.63062,40.00406],[-0.63185,40.00379],[-0.63326,40.00423],[-0.63619,40.00582],[-0.63647,40.00614],[-0.63671,40.00714],[-0.63741,40.00808],[-0.63808,40.00851],[-0.63891,40.00853],[-0.64083,40.00825],[-0.64281,40.00836],[-0.64466,40.0091],[-0.64646,40.00934],[-0.64901,40.00904],[-0.6512,40.00854],[-0.65216,40.00863],[-0.65312,40.00848],[-0.65531,40.009],[-0.65879,40.01027],[-0.66116,40.01076],[-0.66273,40.01149],[-0.66364,40.01216],[-0.66537,40.01387],[-0.66567,40.01427],[-0.66581,40.01544],[-0.66654,40.01658],[-0.66705,40.01702],[-0.6686,40.01768],[-0.66952,40.01776],[-0.67201,40.01714],[-0.67336,40.01626],[-0.67485,40.01466],[-0.6764,40.01233],[-0.68011,40.01123],[-0.68339,40.01074],[-0.6875,40.01067],[-0.69343,40.01094],[-0.69564,40.01134],[-0.69937,40.01114],[-0.70166,40.01035],[-0.70528,40.00978],[-0.7072,40.00849],[-0.71042,40.00813],[-0.71372,40.00686],[-0.71417,40.00518],[-0.71405,40.00428],[-0.71469,40.00259],[-0.71548,40.00193],[-0.71815,40.00035],[-0.71827,39.99978],[-0.71882,39.99887],[-0.72105,39.99687],[-0.7235,39.99503],[-0.72433,39.99476],[-0.72607,39.99307],[-0.72704,39.99247],[-0.72884,39.99173],[-0.73216,39.99161],[-0.73323,39.9914],[-0.73503,39.99077],[-0.73671,39.98997],[-0.73781,39.9898],[-0.73848,39.98991],[-0.74149,39.99246],[-0.74322,39.99359],[-0.74697,39.99503],[-0.75477,39.99721],[-0.76038,39.99857],[-0.76116,39.99872],[-0.76492,39.99879],[-0.7662,39.99902],[-0.77095,40.00077],[-0.7731,40.00114],[-0.7748,40.0012],[-0.77613,40.00095],[-0.77645,40.00059],[-0.77668,39.9994],[-0.77721,39.99869],[-0.77941,39.99778],[-0.78038,39.99717],[-0.78201,39.99579],[-0.78323,39.99424],[-0.78373,39.99397],[-0.78482,39.99378],[-0.78562,39.99388],[-0.78832,39.99481],[-0.79193,39.99418],[-0.79383,39.99407],[-0.79709,39.9946],[-0.79924,39.99458],[-0.80189,39.99496],[-0.80576,39.99477],[-0.80666,39.99492],[-0.81135,39.99639],[-0.81321,39.99745],[-0.81377,39.99798],[-0.8141,39.99863],[-0.81397,40.00028],[-0.81426,40.00053],[-0.81728,40.00077],[-0.82128,40.00237],[-0.82254,40.00252],[-0.82367,40.00205],[-0.82507,40.00236],[-0.82564,40.00225],[-0.82806,40.0011],[-0.8291,39.99964],[-0.83016,39.99976],[-0.83113,39.99932],[-0.8323,39.9976],[-0.83359,39.99678],[-0.83395,39.99594],[-0.8352,39.99612],[-0.8356,39.99643],[-0.83617,39.99795],[-0.83614,39.9997],[-0.83895,40.00027],[-0.84017,40.00131],[-0.84577,40.00148],[-0.84719,40.00193],[-0.84722,40.00213],[-0.8477,40.00217],[-0.8478,40.00236],[-0.84806,40.00239],[-0.84804,40.0026],[-0.84777,40.00263],[-0.84775,40.00284],[-0.84733,40.00324],[-0.84531,40.00472],[-0.84228,40.00526],[-0.8413,40.00595],[-0.84087,40.00783],[-0.84126,40.00845],[-0.84095,40.00894],[-0.84115,40.00978],[-0.8416,40.01052],[-0.84161,40.01107],[-0.84091,40.01186],[-0.83931,40.0125],[-0.83799,40.01503],[-0.83824,40.01508],[-0.83862,40.01549],[-0.83915,40.01552],[-0.83934,40.01582],[-0.83941,40.01699],[-0.83928,40.0177],[-0.83826,40.01826],[-0.83758,40.01887],[-0.8354,40.01933],[-0.83452,40.02012],[-0.83363,40.02053],[-0.8331,40.02055],[-0.83159,40.02011],[-0.83086,40.02022],[-0.82948,40.02286],[-0.82842,40.02417],[-0.82685,40.02668],[-0.82619,40.0281],[-0.82635,40.02912],[-0.82549,40.03058],[-0.82387,40.03023],[-0.8237,40.02956],[-0.82285,40.02789],[-0.82212,40.02748],[-0.82107,40.02647],[-0.81941,40.02597],[-0.81744,40.02593],[-0.8165,40.02608],[-0.81542,40.02568],[-0.81485,40.02574],[-0.81398,40.02706],[-0.81376,40.0278],[-0.81271,40.02889],[-0.81241,40.02962],[-0.81251,40.03026],[-0.81193,40.0307],[-0.81055,40.03128],[-0.80943,40.0328],[-0.81003,40.03443],[-0.80955,40.03549],[-0.80977,40.03651],[-0.80948,40.03731],[-0.80943,40.03816],[-0.80822,40.03815],[-0.80773,40.0384],[-0.80413,40.04103],[-0.80335,40.04225],[-0.80214,40.04313],[-0.80035,40.04398],[-0.79938,40.04413],[-0.79858,40.04463],[-0.79679,40.04527],[-0.79525,40.04541],[-0.79445,40.04615],[-0.7931,40.04691],[-0.79258,40.04748],[-0.79189,40.04787],[-0.79154,40.04838],[-0.79147,40.04966],[-0.79119,40.05004],[-0.78894,40.0507],[-0.78894,40.05122],[-0.78766,40.05246],[-0.78756,40.05291],[-0.78791,40.05367],[-0.78882,40.05447],[-0.78896,40.05488],[-0.78878,40.05502],[-0.78855,40.0557],[-0.78695,40.05736],[-0.78706,40.05861],[-0.78653,40.05948],[-0.78634,40.06062],[-0.78599,40.06111],[-0.78473,40.06209],[-0.78454,40.06277],[-0.78394,40.06367],[-0.78318,40.0643],[-0.78245,40.06525],[-0.78177,40.06571],[-0.78019,40.06605],[-0.77958,40.06648],[-0.7793,40.06694],[-0.77941,40.068],[-0.77885,40.06917],[-0.77898,40.07037],[-0.77873,40.07093],[-0.77735,40.07147],[-0.77703,40.0719],[-0.77691,40.07291],[-0.77655,40.07365],[-0.77618,40.07376],[-0.77555,40.07366],[-0.77537,40.07438],[-0.7751,40.07463],[-0.77479,40.07465],[-0.77409,40.07424],[-0.77279,40.07413],[-0.77098,40.0737],[-0.76733,40.07363],[-0.76479,40.07407],[-0.76414,40.07503],[-0.7627,40.07515],[-0.762,40.0757],[-0.75966,40.07572],[-0.75917,40.07565],[-0.75885,40.07535],[-0.75831,40.07517],[-0.75773,40.07463],[-0.75656,40.07448],[-0.75563,40.07388],[-0.75385,40.07357],[-0.75331,40.07366],[-0.75305,40.07415],[-0.75269,40.07442],[-0.7515,40.07483],[-0.75032,40.07504],[-0.74852,40.07507],[-0.74746,40.07525],[-0.74516,40.07499],[-0.74273,40.07714],[-0.74151,40.07799],[-0.74119,40.078],[-0.74056,40.07769],[-0.73996,40.07798],[-0.73816,40.07829],[-0.7373,40.07868],[-0.73674,40.07922],[-0.73551,40.07962],[-0.73494,40.08032],[-0.7338,40.08003],[-0.73262,40.08019],[-0.73025,40.0816],[-0.7269,40.0826],[-0.72598,40.08324],[-0.72534,40.08397],[-0.72519,40.08458],[-0.72476,40.08502],[-0.7244,40.08575],[-0.72426,40.08675],[-0.72384,40.08798],[-0.72212,40.08754],[-0.72072,40.08698],[-0.7189,40.08704],[-0.71749,40.086],[-0.71655,40.08573],[-0.71546,40.08609],[-0.71246,40.08606],[-0.7116,40.08599],[-0.71002,40.08536],[-0.70868,40.08556],[-0.70824,40.08594],[-0.7081,40.08718],[-0.70719,40.08829],[-0.70587,40.0887],[-0.7044,40.08959],[-0.70386,40.09055],[-0.70325,40.09098],[-0.70225,40.09102],[-0.70045,40.09057],[-0.69925,40.09052],[-0.69767,40.09077],[-0.69681,40.09113],[-0.69523,40.09089],[-0.69397,40.09108],[-0.6929,40.09093],[-0.69236,40.09109],[-0.68979,40.09281],[-0.69005,40.09356],[-0.68987,40.09426],[-0.68995,40.09471],[-0.68855,40.09569],[-0.68705,40.09565],[-0.68613,40.095],[-0.68337,40.09509],[-0.68189,40.09418],[-0.68179,40.09365],[-0.68156,40.09355],[-0.68151,40.09513],[-0.68136,40.09554],[-0.67977,40.09649],[-0.67919,40.09727],[-0.67801,40.09761],[-0.6768,40.09825],[-0.6757,40.09921],[-0.67413,40.09966],[-0.67352,40.09968],[-0.67153,40.0988],[-0.66914,40.09869],[-0.6682,40.09846],[-0.66793,40.09892],[-0.66816,40.09989],[-0.66794,40.10042],[-0.66647,40.10053],[-0.66507,40.10148],[-0.6638,40.10193],[-0.66131,40.10172],[-0.65916,40.10271],[-0.65688,40.10276],[-0.65601,40.10317],[-0.65519,40.10412],[-0.65452,40.10552],[-0.65448,40.10587],[-0.65472,40.10652],[-0.65422,40.10668],[-0.65396,40.10663],[-0.65324,40.10591],[-0.65281,40.10581],[-0.65005,40.10575],[-0.64888,40.10594],[-0.64683,40.10568],[-0.64595,40.10589],[-0.64547,40.10552],[-0.64525,40.105],[-0.64444,40.10436],[-0.64233,40.10385],[-0.64112,40.10392],[-0.64048,40.10344],[-0.63939,40.10224],[-0.63871,40.09924],[-0.63747,40.09846],[-0.63652,40.09747],[-0.6349,40.09726],[-0.63369,40.09618],[-0.63111,40.09614],[-0.62959,40.09642],[-0.62928,40.09674],[-0.62915,40.09798],[-0.62825,40.09945],[-0.62677,40.09898],[-0.62524,40.0993],[-0.62199,40.09887],[-0.62008,40.09883],[-0.61912,40.09902],[-0.61829,40.099],[-0.61728,40.09853],[-0.61598,40.09726],[-0.61369,40.09735],[-0.6129,40.0963],[-0.61269,40.09566],[-0.61278,40.09515],[-0.61184,40.09431],[-0.61077,40.09304],[-0.61021,40.09263],[-0.60908,40.09251],[-0.60862,40.09229],[-0.60666,40.09224],[-0.6038,40.09169],[-0.60223,40.09085],[-0.60018,40.09135],[-0.5983,40.09034],[-0.59674,40.09017],[-0.59596,40.08941],[-0.59542,40.08915],[-0.59433,40.08906],[-0.59462,40.08835],[-0.59441,40.08757],[-0.59464,40.08672],[-0.59366,40.08582],[-0.593,40.08398],[-0.59267,40.08369],[-0.59142,40.08319],[-0.59004,40.08298],[-0.58974,40.08348],[-0.58917,40.08396],[-0.58841,40.08419],[-0.58649,40.08367],[-0.58538,40.08304],[-0.58487,40.08301],[-0.58485,40.08321],[-0.58444,40.08345],[-0.58242,40.08313],[-0.58188,40.08256],[-0.58094,40.082],[-0.58046,40.0814],[-0.57773,40.07966],[-0.5771,40.0788],[-0.57561,40.07874],[-0.57495,40.07848],[-0.57445,40.07795],[-0.5737,40.07754],[-0.57303,40.07679],[-0.57171,40.07636],[-0.57019,40.07527],[-0.56974,40.07535],[-0.56834,40.07612],[-0.56343,40.07591],[-0.56313,40.07602],[-0.56329,40.0764],[-0.56261,40.07722],[-0.56239,40.07774],[-0.56171,40.0782],[-0.5599,40.07844],[-0.55784,40.07838],[-0.55661,40.07814],[-0.55649,40.07897],[-0.55549,40.07932],[-0.55493,40.07971],[-0.55466,40.08068],[-0.55348,40.08051],[-0.55286,40.08014],[-0.55255,40.08033],[-0.55232,40.08129],[-0.55203,40.08175],[-0.55128,40.08239],[-0.55101,40.08295],[-0.55008,40.08369],[-0.55019,40.0845],[-0.54982,40.08514],[-0.54867,40.08596],[-0.5481,40.086],[-0.54793,40.08616],[-0.54796,40.08646],[-0.54771,40.08666],[-0.5467,40.08701],[-0.54517,40.08794],[-0.54501,40.08879],[-0.54438,40.08969],[-0.54382,40.09139],[-0.54383,40.09207],[-0.54428,40.0931],[-0.54436,40.09389],[-0.54477,40.09442],[-0.54429,40.0951],[-0.5443,40.09673],[-0.54524,40.09744],[-0.54699,40.09762],[-0.54888,40.09932],[-0.55047,40.10013],[-0.5509,40.10091],[-0.55147,40.10138],[-0.55342,40.10173],[-0.5526,40.10245],[-0.55241,40.10359],[-0.55179,40.10434],[-0.55071,40.10478],[-0.54971,40.10458],[-0.54901,40.10462],[-0.54814,40.10508],[-0.5479,40.10572],[-0.54742,40.10616],[-0.54736,40.1073],[-0.54766,40.10888],[-0.5487,40.10938],[-0.54935,40.11008],[-0.55065,40.11097],[-0.55071,40.11179],[-0.55043,40.11272],[-0.55121,40.11366],[-0.55118,40.1143],[-0.55085,40.11482],[-0.54978,40.11567],[-0.54907,40.11676],[-0.54973,40.11711],[-0.5507,40.11728],[-0.55127,40.11761],[-0.55316,40.11773],[-0.55456,40.11815],[-0.55576,40.11821],[-0.55681,40.11869],[-0.55709,40.119],[-0.55688,40.1199],[-0.55719,40.12103],[-0.5588,40.12253],[-0.55877,40.12375],[-0.55847,40.1245],[-0.55853,40.12495],[-0.55911,40.12541],[-0.56028,40.12558],[-0.56075,40.12593],[-0.56243,40.12607],[-0.56308,40.12668],[-0.5617,40.12673],[-0.5608,40.12739],[-0.56002,40.12838],[-0.55841,40.12892],[-0.55777,40.12933],[-0.55728,40.13009],[-0.55598,40.13135],[-0.55571,40.13191],[-0.55478,40.13247],[-0.55317,40.13378],[-0.55189,40.13514],[-0.55088,40.1356],[-0.55014,40.13565],[-0.54934,40.13593],[-0.54811,40.13671],[-0.54906,40.1382],[-0.54886,40.13886],[-0.54885,40.14067],[-0.55038,40.14177],[-0.55058,40.14257],[-0.55104,40.14332],[-0.5496,40.14363],[-0.54869,40.14453],[-0.5484,40.14517],[-0.54872,40.14589],[-0.54965,40.14653],[-0.54981,40.14743],[-0.5505,40.14775],[-0.55092,40.14882],[-0.55135,40.14939],[-0.55053,40.15051],[-0.55038,40.1528],[-0.54981,40.15321],[-0.54982,40.1534],[-0.55034,40.1537],[-0.55037,40.1539],[-0.54935,40.15447],[-0.54876,40.1546],[-0.54864,40.15486],[-0.54924,40.15632],[-0.55052,40.15694],[-0.5516,40.15783],[-0.55158,40.15813],[-0.55089,40.15882],[-0.55113,40.15925],[-0.5522,40.16024],[-0.55176,40.16295],[-0.55125,40.16364],[-0.55169,40.16448],[-0.55189,40.16573],[-0.5517,40.16623],[-0.55169,40.16716],[-0.55209,40.16763],[-0.55139,40.16824],[-0.55077,40.16935],[-0.55081,40.16988],[-0.54962,40.1709],[-0.54874,40.17106],[-0.54858,40.17169],[-0.54863,40.17203],[-0.54932,40.17321],[-0.54907,40.17391],[-0.54905,40.17529],[-0.5498,40.17593],[-0.54928,40.17706],[-0.54922,40.17765],[-0.5497,40.17985],[-0.54963,40.18271],[-0.54988,40.18379],[-0.54981,40.18528],[-0.54952,40.18609],[-0.54974,40.18763],[-0.54888,40.18796],[-0.54854,40.18845],[-0.54832,40.19501],[-0.54879,40.19567],[-0.54888,40.19645],[-0.54917,40.1972],[-0.54965,40.19786],[-0.54935,40.19883],[-0.54929,40.19996],[-0.54935,40.20036],[-0.54982,40.20101],[-0.54982,40.20247],[-0.55005,40.20313],[-0.54979,40.2042],[-0.55085,40.20557],[-0.55179,40.20573],[-0.55228,40.20604],[-0.55306,40.20717],[-0.55315,40.20825],[-0.55355,40.20923],[-0.55334,40.21017],[-0.55356,40.21113],[-0.55335,40.21172],[-0.55368,40.21199],[-0.55415,40.21208],[-0.55517,40.21449],[-0.55523,40.21573],[-0.55552,40.21648],[-0.55623,40.21715],[-0.55649,40.21762],[-0.55626,40.21866],[-0.55574,40.21917],[-0.55534,40.22013],[-0.55582,40.22209],[-0.55555,40.22303],[-0.55577,40.22383],[-0.55572,40.22628],[-0.55647,40.22758],[-0.55687,40.22896],[-0.55722,40.22922],[-0.55929,40.22983],[-0.5604,40.23048],[-0.56103,40.23128],[-0.56113,40.23214],[-0.56162,40.23317],[-0.56058,40.23397],[-0.55759,40.23517],[-0.55712,40.23557],[-0.55488,40.23578],[-0.55416,40.23618],[-0.55329,40.23742],[-0.553,40.23895],[-0.55365,40.23963],[-0.55389,40.2404],[-0.55233,40.24104],[-0.55109,40.24118],[-0.55039,40.24185],[-0.54935,40.24247],[-0.54872,40.24312],[-0.5485,40.24364],[-0.5478,40.24423],[-0.54677,40.24681],[-0.54688,40.24742],[-0.5467,40.24787],[-0.54664,40.24931],[-0.54759,40.24993],[-0.54883,40.25043],[-0.55089,40.25074],[-0.55366,40.25083],[-0.55526,40.25147],[-0.55666,40.25159],[-0.55741,40.25201],[-0.55782,40.25267],[-0.55946,40.25403],[-0.56106,40.25484],[-0.56491,40.25797],[-0.56559,40.25836],[-0.56607,40.2591],[-0.56703,40.25994],[-0.56796,40.26124],[-0.56792,40.26214],[-0.56887,40.26238],[-0.56998,40.26241],[-0.57173,40.26202],[-0.57256,40.26202],[-0.57314,40.2623],[-0.5736,40.26285],[-0.57423,40.26313],[-0.57732,40.26322],[-0.5778,40.26296],[-0.57888,40.26175],[-0.58043,40.26069],[-0.5827,40.26261],[-0.58417,40.26273],[-0.58421,40.26312],[-0.58238,40.2645],[-0.58197,40.26512],[-0.58159,40.26665],[-0.58233,40.26774],[-0.5824,40.2683],[-0.58436,40.26864],[-0.58569,40.26942],[-0.58644,40.26966],[-0.58698,40.27033],[-0.58738,40.27126],[-0.58767,40.27149],[-0.58954,40.27168],[-0.59116,40.27291],[-0.59272,40.2731],[-0.59373,40.27383],[-0.59442,40.27405],[-0.59454,40.27439],[-0.59448,40.27533],[-0.59411,40.27627],[-0.59336,40.27718],[-0.59361,40.27792],[-0.59467,40.27892],[-0.59557,40.2795],[-0.59897,40.28091],[-0.60186,40.28334],[-0.60206,40.28321],[-0.60215,40.28283],[-0.60192,40.28215],[-0.60199,40.28123],[-0.60323,40.28028],[-0.60401,40.28003],[-0.60533,40.28004],[-0.6057,40.28012],[-0.60647,40.28067],[-0.60687,40.28068],[-0.60719,40.2804],[-0.60733,40.27961],[-0.60761,40.27927],[-0.61013,40.27745],[-0.61115,40.27701],[-0.61313,40.27749],[-0.6158,40.27725],[-0.61691,40.27653],[-0.61793,40.27619],[-0.61881,40.27552],[-0.61959,40.27453],[-0.62157,40.27317],[-0.62242,40.27369],[-0.6231,40.27444],[-0.62382,40.27465],[-0.6246,40.27518],[-0.62636,40.27557],[-0.62766,40.2761],[-0.62821,40.27656],[-0.62823,40.27676],[-0.62599,40.27847],[-0.62572,40.27925],[-0.62464,40.2802],[-0.62465,40.28075],[-0.62534,40.28148],[-0.62464,40.28231],[-0.62428,40.28326],[-0.62447,40.28406],[-0.62444,40.28482],[-0.62389,40.28596],[-0.62374,40.28696],[-0.62085,40.28944],[-0.62074,40.28997],[-0.62092,40.29047],[-0.62163,40.29034],[-0.6229,40.29049],[-0.62416,40.28969],[-0.62476,40.28948],[-0.62529,40.2895],[-0.6259,40.28995],[-0.62635,40.29072],[-0.62796,40.29116],[-0.62925,40.29242],[-0.63057,40.29299],[-0.63086,40.29331],[-0.631,40.294],[-0.63155,40.2947],[-0.6327,40.29562],[-0.63766,40.29579],[-0.63882,40.29564],[-0.64055,40.29588],[-0.64078,40.29607],[-0.6409,40.29668],[-0.64147,40.29715],[-0.64265,40.2973],[-0.64323,40.29762],[-0.64411,40.29778],[-0.64594,40.29851],[-0.64827,40.29989],[-0.6498,40.30134],[-0.65059,40.30157],[-0.6512,40.30215],[-0.65173,40.30216],[-0.65182,40.30237],[-0.65207,40.30239],[-0.65239,40.30317],[-0.65269,40.30348],[-0.65375,40.30388],[-0.65451,40.30449],[-0.65519,40.30583],[-0.65583,40.30564],[-0.6567,40.30566],[-0.65893,40.3064],[-0.65947,40.30689],[-0.65964,40.30765],[-0.66058,40.30872],[-0.66106,40.30969],[-0.66232,40.31031],[-0.66505,40.31249],[-0.66641,40.31304],[-0.66734,40.31434],[-0.66887,40.31577],[-0.66906,40.31577],[-0.67027,40.31476],[-0.67251,40.31384],[-0.67332,40.31432],[-0.67529,40.31713],[-0.67575,40.31811],[-0.67643,40.31876],[-0.6765,40.31932],[-0.67735,40.3206],[-0.67869,40.32124],[-0.68009,40.32229],[-0.68214,40.32299],[-0.68362,40.32314],[-0.68609,40.32483],[-0.68708,40.3248],[-0.68742,40.32499],[-0.68853,40.32595],[-0.68867,40.32663],[-0.68907,40.32709],[-0.68926,40.32761],[-0.69048,40.32891],[-0.69039,40.32942],[-0.6906,40.33006],[-0.69112,40.33064],[-0.69022,40.33247],[-0.69081,40.3335],[-0.69158,40.33426],[-0.69145,40.33481],[-0.69,40.33512],[-0.68703,40.33508],[-0.68525,40.33531],[-0.68286,40.33656],[-0.68273,40.33683],[-0.68288,40.33727],[-0.68276,40.33738],[-0.6819,40.33683],[-0.67904,40.33599],[-0.67729,40.33529],[-0.67589,40.33424],[-0.67463,40.33385],[-0.67378,40.33328],[-0.67069,40.33236],[-0.66946,40.33242],[-0.66783,40.33176],[-0.6677,40.33211],[-0.667,40.33272],[-0.66669,40.33338],[-0.66681,40.33424],[-0.66633,40.3348],[-0.66592,40.33614],[-0.66588,40.33744],[-0.66611,40.33809],[-0.66611,40.33947],[-0.66626,40.33993],[-0.66576,40.34109],[-0.66599,40.34209],[-0.66589,40.34372],[-0.66526,40.34445],[-0.66422,40.34527],[-0.66384,40.34607],[-0.66368,40.34729],[-0.66261,40.34829],[-0.66288,40.34909],[-0.66329,40.34954],[-0.66359,40.35026],[-0.66334,40.35112],[-0.66347,40.35226],[-0.66335,40.35265],[-0.66378,40.35321],[-0.6641,40.35404],[-0.66399,40.35795],[-0.66383,40.35845],[-0.66231,40.35975],[-0.65997,40.36049],[-0.65956,40.36081],[-0.65877,40.3609],[-0.65543,40.36187],[-0.65334,40.36194],[-0.653,40.36222],[-0.65282,40.36291],[-0.65199,40.36409],[-0.65103,40.36429],[-0.64873,40.36428],[-0.64767,40.36463],[-0.64583,40.36482],[-0.6449,40.36463],[-0.64377,40.3647],[-0.64162,40.36613],[-0.6415,40.36696],[-0.63962,40.36838],[-0.63936,40.36894],[-0.63865,40.36953],[-0.63814,40.37027],[-0.63651,40.37151],[-0.63644,40.37191],[-0.63672,40.37244],[-0.63783,40.3735],[-0.63563,40.37472],[-0.63337,40.37475],[-0.63149,40.37444],[-0.63057,40.37392],[-0.63008,40.3734],[-0.62859,40.37306],[-0.62757,40.37315],[-0.62645,40.37438],[-0.6263,40.37483],[-0.62628,40.37589],[-0.62657,40.37718],[-0.62703,40.3782],[-0.62702,40.37935],[-0.62751,40.37952],[-0.62807,40.37945],[-0.63177,40.38033],[-0.63396,40.38023],[-0.63529,40.38125],[-0.63711,40.38198],[-0.6386,40.38236],[-0.63927,40.38275],[-0.63956,40.38334],[-0.64063,40.38396],[-0.64159,40.38495],[-0.64272,40.3853],[-0.64349,40.38606],[-0.64356,40.38635],[-0.64345,40.38974],[-0.64356,40.39048],[-0.64252,40.39101],[-0.6416,40.39181],[-0.64109,40.39194],[-0.64057,40.39351],[-0.63838,40.39557],[-0.63365,40.3992],[-0.6325,40.3995],[-0.63245,40.40147],[-0.63295,40.4022],[-0.633,40.40366],[-0.63461,40.40464],[-0.63518,40.40532],[-0.6354,40.40639],[-0.63494,40.40793],[-0.63487,40.40903],[-0.63469,40.40941],[-0.63409,40.40988],[-0.63379,40.41074],[-0.63337,40.41108],[-0.63325,40.41154],[-0.63316,40.4153],[-0.63349,40.41589],[-0.63454,40.41701],[-0.63426,40.41742],[-0.63081,40.41905],[-0.6296,40.41958],[-0.6264,40.41932],[-0.62599,40.41949],[-0.62511,40.4195],[-0.62357,40.42008],[-0.6224,40.42014],[-0.62196,40.41985],[-0.62091,40.41956],[-0.61911,40.41804],[-0.61765,40.4173],[-0.61763,40.41663],[-0.61521,40.41641],[-0.61158,40.41378],[-0.60911,40.41364],[-0.60715,40.41335],[-0.6046,40.41138],[-0.60383,40.4111],[-0.60252,40.411],[-0.60211,40.41076],[-0.6016,40.41004],[-0.60178,40.40954],[-0.60193,40.40756],[-0.60232,40.40701],[-0.60391,40.40582],[-0.60427,40.40495],[-0.60396,40.40417],[-0.60269,40.40281],[-0.60268,40.39992],[-0.60125,40.39846],[-0.59912,40.39715],[-0.59866,40.39661],[-0.59762,40.39597],[-0.59683,40.39521],[-0.59474,40.39489],[-0.58977,40.39479],[-0.58859,40.39499],[-0.58769,40.3949],[-0.58685,40.39442],[-0.58608,40.39343],[-0.58366,40.39234],[-0.58204,40.3911],[-0.58014,40.39043],[-0.57816,40.38835],[-0.57787,40.38781],[-0.57781,40.38657],[-0.57711,40.38589],[-0.57704,40.38552],[-0.5774,40.38475],[-0.57813,40.38416],[-0.57822,40.38391],[-0.57719,40.38291],[-0.57711,40.38212],[-0.57664,40.38073],[-0.57667,40.37919],[-0.57677,40.37882],[-0.57731,40.37818],[-0.57777,40.37791],[-0.57906,40.37757],[-0.57934,40.37733],[-0.57937,40.37699],[-0.57864,40.37639],[-0.57842,40.37567],[-0.57693,40.37463],[-0.57684,40.37355],[-0.57653,40.37282],[-0.57528,40.37232],[-0.57484,40.37118],[-0.57417,40.37072],[-0.57386,40.3702],[-0.5723,40.36965],[-0.57181,40.36971],[-0.571,40.37012],[-0.57015,40.37108],[-0.56879,40.37168],[-0.56813,40.3724],[-0.56738,40.37393],[-0.56708,40.37418],[-0.56557,40.37403],[-0.5646,40.37421],[-0.5622,40.37418],[-0.56159,40.37443],[-0.56016,40.37551],[-0.55989,40.37607],[-0.55915,40.37672],[-0.55906,40.37771],[-0.55931,40.37846],[-0.55927,40.37931],[-0.55807,40.38027],[-0.55789,40.38027],[-0.55733,40.37975],[-0.55513,40.37924],[-0.55357,40.38022],[-0.55147,40.38052],[-0.54998,40.38104],[-0.54897,40.3807],[-0.54843,40.37976],[-0.5486,40.37891],[-0.54778,40.37776],[-0.54725,40.37734],[-0.54655,40.37712],[-0.54452,40.37587],[-0.54173,40.37573],[-0.5404,40.37521],[-0.53785,40.3734],[-0.53693,40.37217],[-0.53662,40.37139],[-0.53697,40.36992],[-0.53672,40.36877],[-0.53676,40.36805],[-0.53757,40.36704],[-0.53786,40.36627],[-0.53639,40.36526],[-0.53508,40.36401],[-0.53285,40.36286],[-0.5324,40.36216],[-0.53147,40.36195],[-0.52937,40.36099],[-0.52911,40.36073],[-0.52884,40.36001],[-0.52937,40.35886],[-0.52952,40.35785],[-0.53003,40.35707],[-0.53016,40.35516],[-0.53048,40.35408],[-0.53041,40.35352],[-0.53013,40.35306],[-0.52913,40.35218],[-0.52855,40.3508],[-0.52865,40.34829],[-0.52955,40.34699],[-0.52931,40.34593],[-0.52962,40.34472],[-0.52911,40.3432],[-0.52917,40.34186],[-0.52948,40.34097],[-0.52957,40.33847],[-0.52945,40.33815],[-0.52743,40.33624],[-0.52718,40.3358],[-0.5272,40.33523],[-0.52735,40.33513],[-0.5271,40.33449],[-0.52709,40.33363],[-0.52717,40.33287],[-0.52761,40.33235],[-0.52754,40.3319],[-0.52787,40.33118],[-0.52928,40.33015],[-0.53018,40.33003],[-0.53014,40.32986],[-0.52982,40.32959],[-0.52913,40.32954],[-0.52882,40.32933],[-0.52812,40.32949],[-0.52656,40.32923],[-0.52423,40.3285],[-0.52358,40.32814],[-0.5227,40.32799],[-0.52126,40.32684],[-0.52051,40.32563],[-0.51642,40.32325],[-0.5153,40.32296],[-0.51435,40.32292],[-0.51391,40.3225],[-0.51294,40.32205],[-0.51115,40.32189],[-0.51038,40.32135],[-0.50884,40.32093],[-0.50806,40.3204],[-0.50624,40.31975],[-0.50539,40.31918],[-0.50378,40.31907],[-0.50244,40.31877],[-0.50048,40.3172],[-0.49805,40.31458],[-0.49611,40.31411],[-0.49429,40.3127],[-0.49318,40.31225],[-0.4929,40.31166],[-0.49365,40.31142],[-0.49508,40.30995],[-0.49573,40.30955],[-0.49682,40.30946],[-0.49706,40.3093],[-0.49742,40.30846],[-0.49765,40.30401],[-0.49822,40.30299],[-0.49851,40.303],[-0.49888,40.30222],[-0.4992,40.30194],[-0.49989,40.30149],[-0.50153,40.30104],[-0.50158,40.29954],[-0.50109,40.29812],[-0.501,40.29682],[-0.5003,40.29636],[-0.49968,40.29514],[-0.4978,40.29322],[-0.49765,40.29254],[-0.49722,40.29202],[-0.49724,40.28985],[-0.49746,40.28885],[-0.4942,40.28619],[-0.49355,40.28542],[-0.49223,40.28433],[-0.49164,40.28357],[-0.49166,40.28317],[-0.49206,40.28276],[-0.49205,40.28242],[-0.49278,40.28113],[-0.49259,40.28013],[-0.49001,40.27953],[-0.48941,40.27899],[-0.48941,40.278],[-0.48905,40.27721],[-0.48706,40.27603],[-0.4859,40.27555],[-0.48403,40.27541],[-0.48318,40.2752],[-0.4808,40.27512],[-0.47915,40.27483],[-0.4788,40.27463],[-0.4782,40.27412],[-0.47777,40.27312],[-0.47723,40.27241],[-0.47605,40.27151],[-0.47487,40.27136],[-0.47447,40.27113],[-0.47333,40.27011],[-0.47252,40.26903],[-0.47225,40.26764],[-0.4731,40.26655],[-0.47229,40.2659],[-0.47225,40.26572],[-0.47196,40.26571],[-0.47197,40.26549],[-0.4703,40.26538],[-0.46869,40.26414],[-0.46782,40.26367],[-0.46598,40.26304],[-0.46516,40.26238],[-0.46436,40.26136],[-0.46084,40.25953],[-0.45962,40.25779],[-0.45693,40.25645],[-0.45553,40.25632],[-0.45486,40.25606],[-0.45422,40.25544],[-0.45324,40.25526],[-0.45136,40.25382],[-0.44887,40.25375],[-0.44692,40.25453],[-0.44452,40.25474],[-0.44328,40.2545],[-0.44319,40.25409],[-0.44252,40.25374],[-0.44212,40.25321],[-0.4409,40.25271],[-0.43775,40.25255],[-0.43655,40.25189],[-0.43474,40.25184],[-0.43332,40.25203],[-0.43161,40.25176],[-0.43064,40.25236],[-0.42954,40.25261],[-0.42797,40.25231],[-0.42723,40.25192],[-0.42593,40.25181],[-0.42494,40.25141],[-0.42134,40.25221],[-0.42029,40.25181],[-0.41587,40.25249],[-0.41515,40.2523],[-0.41489,40.25135],[-0.41529,40.24995],[-0.41615,40.24917],[-0.4155,40.24873],[-0.41473,40.24846],[-0.41366,40.24907],[-0.41144,40.24929],[-0.40953,40.24996],[-0.4073,40.25087],[-0.40626,40.2518],[-0.40426,40.2525],[-0.40413,40.25289],[-0.40252,40.2541],[-0.40216,40.25462],[-0.40198,40.25599],[-0.40077,40.25686],[-0.39741,40.25816],[-0.3957,40.25821],[-0.39325,40.25896],[-0.39176,40.25905],[-0.39012,40.26019],[-0.389,40.2606],[-0.38831,40.26127],[-0.38655,40.26224],[-0.38642,40.26326],[-0.38488,40.26359],[-0.38332,40.26418],[-0.3807,40.26362],[-0.38017,40.26337],[-0.38005,40.26299],[-0.37818,40.26281],[-0.3773,40.26293],[-0.37317,40.2628],[-0.37021,40.26135],[-0.36926,40.26072],[-0.36934,40.25892],[-0.36963,40.25819],[-0.36969,40.25696],[-0.36894,40.2556],[-0.36888,40.2551],[-0.3686,40.25504],[-0.36864,40.25404],[-0.36904,40.25296],[-0.36987,40.25175],[-0.36994,40.25021],[-0.36946,40.24903],[-0.36941,40.2481],[-0.36921,40.24759],[-0.36919,40.24621],[-0.36838,40.24565],[-0.36835,40.24513],[-0.3679,40.24434],[-0.36761,40.24328],[-0.3676,40.24198],[-0.36712,40.2411],[-0.36708,40.23964],[-0.36679,40.23867],[-0.36632,40.23813],[-0.36525,40.2376],[-0.36437,40.23691],[-0.36407,40.23656],[-0.36403,40.23609],[-0.3635,40.23579],[-0.36348,40.23559],[-0.3621,40.23506],[-0.35944,40.23268],[-0.35732,40.23137],[-0.35567,40.22981],[-0.3539,40.22926],[-0.35318,40.22874],[-0.35291,40.22832],[-0.35286,40.22664],[-0.35153,40.22564],[-0.35149,40.22528],[-0.35128,40.22507],[-0.35132,40.22338],[-0.35086,40.22335],[-0.35053,40.22314],[-0.34871,40.22312],[-0.34714,40.22409],[-0.34665,40.22416],[-0.34476,40.22338],[-0.34443,40.2231],[-0.34357,40.22315],[-0.34205,40.22264],[-0.34077,40.22167],[-0.34004,40.22147],[-0.33954,40.22095],[-0.33883,40.22069],[-0.33799,40.21983],[-0.33791,40.21934],[-0.33771,40.2191],[-0.3377,40.21856],[-0.33633,40.21846],[-0.33377,40.21694],[-0.33226,40.21709],[-0.33136,40.21696],[-0.33064,40.21644],[-0.32709,40.21485],[-0.32682,40.21417],[-0.32699,40.21327],[-0.32635,40.21249],[-0.32501,40.21264],[-0.32276,40.21252],[-0.32221,40.21217],[-0.32122,40.21188],[-0.32089,40.21124],[-0.32042,40.21088],[-0.32034,40.21038],[-0.32011,40.21025],[-0.32102,40.20911],[-0.32108,40.20805],[-0.32084,40.2073],[-0.32086,40.206],[-0.32092,40.20531],[-0.32124,40.20454],[-0.32176,40.20442],[-0.32237,40.20396],[-0.32217,40.20316],[-0.32254,40.20235],[-0.32491,40.20024],[-0.32415,40.19949],[-0.32332,40.19812],[-0.32321,40.19676],[-0.32187,40.19581],[-0.32161,40.19543],[-0.32159,40.1951],[-0.3217,40.19466],[-0.32211,40.19426],[-0.32281,40.19302],[-0.32286,40.19238],[-0.32261,40.19142],[-0.32372,40.19069],[-0.32427,40.18905],[-0.32585,40.18786],[-0.32625,40.18709],[-0.32653,40.18597],[-0.32585,40.18505],[-0.32591,40.18436],[-0.32837,40.18264],[-0.32976,40.18212],[-0.33139,40.18245],[-0.33375,40.18367],[-0.33403,40.18401],[-0.33412,40.18508],[-0.33514,40.18604],[-0.33694,40.18609],[-0.33793,40.18586],[-0.33859,40.18553],[-0.33997,40.1853],[-0.34212,40.18579],[-0.34429,40.18538],[-0.34471,40.1848],[-0.34629,40.18423],[-0.34786,40.18308],[-0.34882,40.18123],[-0.34887,40.18046],[-0.34867,40.17982],[-0.34905,40.17905],[-0.34971,40.1788],[-0.35061,40.17869],[-0.3515,40.17817],[-0.3529,40.1781],[-0.35446,40.17756],[-0.35723,40.17712],[-0.35734,40.17656],[-0.35793,40.17593],[-0.35927,40.17508],[-0.35913,40.17408],[-0.35949,40.17348],[-0.36089,40.17283],[-0.36173,40.1722],[-0.36218,40.17075],[-0.36221,40.1695],[-0.362,40.16871],[-0.36252,40.16798],[-0.36183,40.16724],[-0.36137,40.16626],[-0.3607,40.16564],[-0.36065,40.16531],[-0.36127,40.16424],[-0.36305,40.16325],[-0.36037,40.16195],[-0.35868,40.16182],[-0.35792,40.16154],[-0.35765,40.1613],[-0.35717,40.16026],[-0.35593,40.1594],[-0.35548,40.1582],[-0.3541,40.15708],[-0.35257,40.15634],[-0.35157,40.15627],[-0.35097,40.15644],[-0.35,40.15619],[-0.3491,40.15558],[-0.34617,40.15451],[-0.34399,40.15302],[-0.3433,40.15276],[-0.34292,40.1527],[-0.34262,40.15338],[-0.34249,40.15629],[-0.34145,40.15586],[-0.33897,40.15551],[-0.33821,40.15523],[-0.33718,40.15444],[-0.33564,40.15359],[-0.33558,40.15183],[-0.33517,40.15092],[-0.33466,40.15075],[-0.33347,40.15151],[-0.33274,40.15147],[-0.33193,40.1508],[-0.33148,40.15003],[-0.3306,40.14907],[-0.32959,40.14834],[-0.3281,40.14658],[-0.32673,40.14545],[-0.32366,40.14475],[-0.32251,40.14428],[-0.32146,40.1435],[-0.3205,40.14333],[-0.31876,40.14261],[-0.31722,40.14118],[-0.31601,40.14045],[-0.31499,40.14024],[-0.31272,40.13867],[-0.31244,40.13835],[-0.31208,40.13703],[-0.31176,40.13674],[-0.30992,40.1361],[-0.3082,40.13516],[-0.30677,40.13414],[-0.30569,40.134],[-0.30502,40.13374],[-0.30419,40.13325],[-0.30315,40.13204],[-0.30143,40.13234],[-0.29957,40.13148],[-0.29779,40.13132],[-0.29748,40.13102],[-0.2973,40.13035],[-0.29638,40.13014],[-0.29492,40.12945],[-0.29392,40.12842],[-0.29247,40.12751],[-0.28968,40.12624],[-0.29003,40.12508],[-0.28972,40.12368],[-0.28768,40.11978],[-0.28761,40.11921],[-0.28495,40.11913],[-0.28362,40.1186],[-0.28164,40.11675],[-0.28091,40.11487],[-0.27939,40.11444],[-0.27882,40.11399],[-0.2788,40.11374],[-0.27945,40.11217],[-0.28029,40.1116],[-0.27916,40.11046],[-0.27854,40.11049],[-0.27729,40.11102],[-0.27609,40.11111],[-0.27513,40.11145],[-0.27411,40.11144],[-0.27278,40.11114],[-0.27113,40.11044],[-0.2705,40.10964],[-0.26729,40.10926],[-0.26633,40.10858],[-0.26668,40.10722],[-0.2666,40.10686],[-0.26617,40.10634],[-0.26622,40.10496],[-0.26859,40.10113],[-0.26872,40.1003],[-0.26706,40.09997],[-0.26595,40.09894],[-0.26507,40.09857],[-0.26403,40.09779],[-0.26219,40.09715],[-0.26116,40.09637],[-0.25891,40.09611],[-0.25866,40.09587],[-0.25866,40.09561],[-0.25924,40.09427],[-0.25937,40.09344],[-0.25989,40.09297],[-0.25992,40.09276],[-0.25963,40.0923],[-0.25861,40.09143],[-0.258,40.08969],[-0.25576,40.09001],[-0.25487,40.08977],[-0.25314,40.08883],[-0.25175,40.08787],[-0.25162,40.08682],[-0.25137,40.08647],[-0.25043,40.08576],[-0.24949,40.08557],[-0.24829,40.08404],[-0.24827,40.08383],[-0.24959,40.08298],[-0.25117,40.08248],[-0.25183,40.08192],[-0.25155,40.08067],[-0.25112,40.08004],[-0.25223,40.07861],[-0.25228,40.07814],[-0.25208,40.07743],[-0.25267,40.07614],[-0.25275,40.07453],[-0.25216,40.07439],[-0.25225,40.07376],[-0.25273,40.07258],[-0.25248,40.07192],[-0.25151,40.07166],[-0.25065,40.0711],[-0.24905,40.07098],[-0.2486,40.07076],[-0.24823,40.07036],[-0.24797,40.06949],[-0.24804,40.06872],[-0.24851,40.06822],[-0.2485,40.06793],[-0.24727,40.06751],[-0.24594,40.06651],[-0.24492,40.06608],[-0.24425,40.06532],[-0.24324,40.06474],[-0.24154,40.06335],[-0.24057,40.0623],[-0.23859,40.06097],[-0.2379,40.06073],[-0.23766,40.06026],[-0.23589,40.05891],[-0.23528,40.05695],[-0.23323,40.0569],[-0.23322,40.05546],[-0.23223,40.05522],[-0.23164,40.05477],[-0.23134,40.05418],[-0.2315,40.05356],[-0.23122,40.05326],[-0.2308,40.05306],[-0.23003,40.05316],[-0.22972,40.05296],[-0.22924,40.05192],[-0.22828,40.05108],[-0.22801,40.05062],[-0.2279,40.0497],[-0.22764,40.04923],[-0.22612,40.04791],[-0.22586,40.0473],[-0.22216,40.04422],[-0.22193,40.04315],[-0.21962,40.04139],[-0.21876,40.04049],[-0.21859,40.03995],[-0.21811,40.03929],[-0.21619,40.0382],[-0.21419,40.03649],[-0.21418,40.03615],[-0.21436,40.03597],[-0.21636,40.03505],[-0.21749,40.03411],[-0.21945,40.0333],[-0.22035,40.03264],[-0.22088,40.03085],[-0.22168,40.03007],[-0.22182,40.02929],[-0.22227,40.02839],[-0.22213,40.02772],[-0.22243,40.02714],[-0.22139,40.02614],[-0.22095,40.02493],[-0.21981,40.02379],[-0.21887,40.02338],[-0.21755,40.02236],[-0.21618,40.02226],[-0.2148,40.02245],[-0.21376,40.02222],[-0.21232,40.02216],[-0.21149,40.02135],[-0.21076,40.02115],[-0.20994,40.02051],[-0.20989,40.02021],[-0.21043,40.01901],[-0.21014,40.01862],[-0.20942,40.0182],[-0.20956,40.0175],[-0.20912,40.0164],[-0.20897,40.01502],[-0.20917,40.01443],[-0.20926,40.0121],[-0.2088,40.01135],[-0.20873,40.01072],[-0.20913,40.01023],[-0.21021,40.00999],[-0.21201,40.00997],[-0.21388,40.00955],[-0.21575,40.0089],[-0.21709,40.00819],[-0.21997,40.00859],[-0.22398,40.00764],[-0.22535,40.00742],[-0.22676,40.0074],[-0.22881,40.00703],[-0.22929,40.0071],[-0.22961,40.0074],[-0.2296,40.00926],[-0.2299,40.00966],[-0.23131,40.00969],[-0.23155,40.00993],[-0.23168,40.01063],[-0.23213,40.01092],[-0.23306,40.01093],[-0.23405,40.01062],[-0.23497,40.01096],[-0.23548,40.01096],[-0.2358,40.0102],[-0.23655,40.00933],[-0.23689,40.00859],[-0.23703,40.00781],[-0.23773,40.00666],[-0.2386,40.00645],[-0.2393,40.00657],[-0.24095,40.00637],[-0.24258,40.0052],[-0.24294,40.00438],[-0.24303,40.00255],[-0.24256,40.00159],[-0.24245,40.00074],[-0.24202,40.00022],[-0.2421,39.99972],[-0.2434,39.99899],[-0.24425,39.9982],[-0.24495,39.99798],[-0.24657,39.99795],[-0.24722,39.9977],[-0.24819,39.99654],[-0.24843,39.99497],[-0.24916,39.99468],[-0.25052,39.99443],[-0.25209,39.99377],[-0.2543,39.99209],[-0.25528,39.99216],[-0.25612,39.99274],[-0.25687,39.99303],[-0.25963,39.99313],[-0.26116,39.99339],[-0.26235,39.99334],[-0.26381,39.99241],[-0.26394,39.99369],[-0.26438,39.9945],[-0.26449,39.99512],[-0.26604,39.99678],[-0.26572,39.99802],[-0.26531,39.99859],[-0.26564,39.9986],[-0.26682,39.99807],[-0.26795,39.99788],[-0.27088,39.9992],[-0.27353,39.99938],[-0.27429,39.99992],[-0.27576,40.00029],[-0.27744,40.00135],[-0.27954,40.00214],[-0.28019,40.00189],[-0.28071,40.00114],[-0.28239,39.99996],[-0.28488,39.99954],[-0.28651,39.99851],[-0.28803,39.99854],[-0.28857,39.99898],[-0.28966,39.99894],[-0.29053,39.99849],[-0.29109,39.99709],[-0.29193,39.99646],[-0.29437,39.99614],[-0.29505,39.99591],[-0.29583,39.99539],[-0.29663,39.99512],[-0.29665,39.99492],[-0.29693,39.99486],[-0.29695,39.99445],[-0.29827,39.99382],[-0.29965,39.99381],[-0.30096,39.99354],[-0.30196,39.99218],[-0.30248,39.98977],[-0.3034,39.98926],[-0.3041,39.98923],[-0.305,39.98943],[-0.30606,39.98921],[-0.30761,39.98837],[-0.30944,39.9871],[-0.31168,39.9867],[-0.31295,39.98692],[-0.31522,39.98703],[-0.31703,39.98778],[-0.31797,39.98863],[-0.31846,39.98863],[-0.31925,39.98823],[-0.32054,39.98795],[-0.32217,39.98681],[-0.32292,39.98646],[-0.32334,39.98605],[-0.32433,39.9857],[-0.32716,39.98504],[-0.32923,39.98506],[-0.32979,39.98451],[-0.32992,39.98323],[-0.33052,39.98216],[-0.33147,39.98139],[-0.33223,39.98101],[-0.33275,39.98004],[-0.33416,39.97887],[-0.33543,39.97892],[-0.33642,39.97936],[-0.33743,39.97917],[-0.33864,39.97957],[-0.3391,39.97948],[-0.33981,39.97966],[-0.34144,39.97971],[-0.34299,39.97873],[-0.34373,39.97856],[-0.34467,39.97794],[-0.34581,39.97624],[-0.34712,39.97534],[-0.34822,39.97611],[-0.34925,39.97777],[-0.35077,39.97798],[-0.35256,39.97895],[-0.35381,39.98015],[-0.35631,39.9814],[-0.35703,39.97976],[-0.35803,39.97933],[-0.35836,39.97891],[-0.35918,39.97688],[-0.3605,39.97477],[-0.36144,39.97414],[-0.36256,39.97407],[-0.36439,39.97362],[-0.36592,39.97255],[-0.36613,39.97202],[-0.36664,39.97152],[-0.36671,39.97044],[-0.36728,39.97017],[-0.36734,39.96911],[-0.36762,39.96846],[-0.36776,39.96671],[-0.36859,39.96571],[-0.36865,39.96495],[-0.36841,39.96422],[-0.36844,39.96346],[-0.36916,39.96242],[-0.37013,39.96206],[-0.37078,39.96157],[-0.37138,39.96067],[-0.37181,39.95879],[-0.37222,39.95858],[-0.37328,39.9586],[-0.37381,39.95786],[-0.37417,39.95678],[-0.37373,39.956],[-0.37373,39.95565],[-0.37455,39.9542],[-0.37473,39.95315],[-0.37499,39.95305],[-0.37623,39.95321],[-0.37808,39.95268],[-0.37919,39.9526],[-0.37988,39.95215],[-0.38054,39.95097],[-0.38101,39.94948],[-0.38179,39.94875],[-0.38196,39.94744],[-0.38297,39.94685],[-0.38329,39.94639],[-0.38258,39.94507],[-0.38363,39.94438],[-0.38393,39.94362],[-0.38575,39.94201],[-0.38619,39.94179],[-0.3869,39.94183],[-0.38934,39.94293],[-0.39175,39.94235],[-0.39182,39.94187],[-0.39242,39.94076],[-0.39345,39.9401],[-0.39372,39.93954],[-0.39504,39.93807],[-0.39537,39.93666],[-0.39522,39.93566],[-0.39591,39.93507],[-0.39659,39.93484],[-0.39859,39.9348],[-0.39985,39.93458],[-0.4006,39.93422],[-0.40228,39.93572],[-0.40388,39.93638],[-0.40547,39.93764],[-0.40643,39.93794],[-0.40958,39.93802],[-0.4108,39.93826],[-0.41265,39.93799],[-0.41345,39.93739],[-0.41371,39.93683],[-0.41397,39.93663],[-0.41519,39.93694],[-0.41566,39.93681],[-0.4153,39.93712]]]}},{"type":"Feature","id":"8-0","properties":{"NomSistExp":"Turia","Subsistema":"Medio Turia - Chelva","Superf km2":2617.81,"Area km2":2617.81,"id":"8-0"},"geometry":{"type":"Polygon","coordinates":[[[-0.95053,40.33013],[-0.95171,40.33042],[-0.95223,40.32996],[-0.95229,40.32948],[-0.95159,40.32777],[-0.95154,40.32707],[-0.9516,40.32662],[-0.95209,40.32574],[-0.95417,40.32371],[-0.95548,40.32138],[-0.95652,40.32105],[-0.95727,40.32062],[-0.95904,40.31862],[-0.9603,40.31686],[-0.96107,40.3141],[-0.96133,40.31246],[-0.96085,40.3106],[-0.96002,40.30964],[-0.95918,40.30927],[-0.95677,40.3077],[-0.95593,40.30566],[-0.95529,40.30486],[-0.95381,40.30387],[-0.95344,40.30338],[-0.9533,40.30186],[-0.95294,40.30024],[-0.95316,40.29977],[-0.95655,40.29695],[-0.96109,40.29117],[-0.96415,40.28805],[-0.96546,40.28573],[-0.96711,40.28518],[-0.96931,40.28515],[-0.97002,40.2848],[-0.97131,40.2836],[-0.97195,40.28263],[-0.97291,40.28015],[-0.97469,40.27836],[-0.97797,40.27664],[-0.97876,40.27545],[-0.97962,40.2747],[-0.98487,40.27269],[-0.98535,40.27238],[-0.98722,40.27001],[-0.98815,40.26856],[-0.99004,40.26673],[-0.99038,40.26655],[-0.99323,40.26619],[-0.99414,40.26585],[-0.99481,40.26376],[-0.99564,40.26266],[-0.995,40.26112],[-0.99443,40.26059],[-0.99429,40.26007],[-0.99501,40.2586],[-0.99485,40.25738],[-0.99448,40.25636],[-0.9943,40.25521],[-0.99462,40.25405],[-0.99581,40.25243],[-0.99626,40.25209],[-0.99884,40.25196],[-1.00211,40.25213],[-1.00423,40.25265],[-1.00551,40.25375],[-1.00629,40.2556],[-1.00652,40.25659],[-1.0112,40.25505],[-1.01219,40.25424],[-1.01203,40.25359],[-1.01033,40.25204],[-1.00957,40.25056],[-1.00922,40.24946],[-1.00849,40.24848],[-1.00808,40.24803],[-1.00711,40.24787],[-1.00611,40.2473],[-1.00636,40.2469],[-1.00797,40.24619],[-1.00911,40.24504],[-1.01104,40.24217],[-1.01145,40.24115],[-1.01254,40.23996],[-1.01316,40.23897],[-1.01305,40.23438],[-1.0147,40.2316],[-1.01488,40.23087],[-1.01484,40.23015],[-1.01438,40.22941],[-1.01372,40.22885],[-1.01095,40.22741],[-1.00914,40.2253],[-1.00825,40.2237],[-1.00935,40.22312],[-1.00962,40.22276],[-1.00986,40.222],[-1.00929,40.22025],[-1.00964,40.21937],[-1.01021,40.21903],[-1.01124,40.21873],[-1.01167,40.2183],[-1.01214,40.21669],[-1.01199,40.2161],[-1.01093,40.21518],[-1.00831,40.21458],[-1.00686,40.21361],[-1.00515,40.21188],[-1.00479,40.20982],[-1.00525,40.20861],[-1.00611,40.20731],[-1.00696,40.20556],[-1.00828,40.20356],[-1.00928,40.20325],[-1.01041,40.20317],[-1.01192,40.20237],[-1.01194,40.19979],[-1.01279,40.19817],[-1.01337,40.19739],[-1.01581,40.19535],[-1.01625,40.19473],[-1.0164,40.19407],[-1.01598,40.19222],[-1.01614,40.19142],[-1.01733,40.1885],[-1.01853,40.18652],[-1.02012,40.18617],[-1.02278,40.18666],[-1.02515,40.18639],[-1.02577,40.18612],[-1.0273,40.18467],[-1.02828,40.18273],[-1.02833,40.18227],[-1.02783,40.18162],[-1.02254,40.18037],[-1.02166,40.18],[-1.02063,40.17864],[-1.0205,40.17709],[-1.01817,40.17529],[-1.01769,40.17423],[-1.01772,40.17308],[-1.01703,40.17199],[-1.01487,40.16991],[-1.0146,40.16936],[-1.0144,40.16828],[-1.01426,40.16685],[-1.01456,40.16604],[-1.01426,40.16482],[-1.01256,40.16191],[-1.01175,40.15909],[-1.01155,40.15754],[-1.01204,40.15438],[-1.01196,40.15342],[-1.01131,40.15119],[-1.01092,40.15043],[-1.01008,40.14976],[-1.00901,40.14937],[-1.00806,40.14922],[-1.00579,40.14927],[-1.00175,40.14952],[-1.00099,40.1498],[-0.99965,40.15083],[-0.9989,40.15117],[-0.99809,40.15127],[-0.99747,40.15109],[-0.9957,40.14984],[-0.99429,40.14809],[-0.9931,40.14697],[-0.99239,40.14659],[-0.99108,40.14552],[-0.99086,40.14467],[-0.9912,40.14334],[-0.99198,40.14225],[-0.99281,40.14166],[-0.9932,40.14028],[-0.99388,40.13944],[-0.99456,40.13901],[-0.99562,40.13675],[-0.99557,40.13623],[-0.99406,40.13414],[-0.99407,40.13367],[-0.99449,40.13326],[-0.99615,40.13289],[-1.001,40.13271],[-1.00228,40.13214],[-1.00362,40.13129],[-1.00463,40.1304],[-1.00602,40.12851],[-1.00622,40.12755],[-1.00526,40.12494],[-1.00534,40.12349],[-1.00669,40.12214],[-1.00781,40.12162],[-1.01029,40.12083],[-1.01128,40.12027],[-1.01183,40.11969],[-1.01207,40.11925],[-1.01206,40.11814],[-1.01113,40.11673],[-1.01104,40.11579],[-1.01143,40.114],[-1.01177,40.11356],[-1.01276,40.11306],[-1.01398,40.11289],[-1.01464,40.1126],[-1.01576,40.11123],[-1.01804,40.10984],[-1.01854,40.10915],[-1.02179,40.10685],[-1.02514,40.10522],[-1.02633,40.10492],[-1.02659,40.10471],[-1.02657,40.10391],[-1.0259,40.10094],[-1.02559,40.10036],[-1.02512,40.09859],[-1.02529,40.09743],[-1.02813,40.09405],[-1.0311,40.09169],[-1.03196,40.09067],[-1.03292,40.08899],[-1.03342,40.08875],[-1.03375,40.08837],[-1.03497,40.08419],[-1.03481,40.0835],[-1.03425,40.08267],[-1.03378,40.08162],[-1.03365,40.07935],[-1.0341,40.07691],[-1.03375,40.07623],[-1.03305,40.07561],[-1.03206,40.07515],[-1.03017,40.07487],[-1.03,40.07432],[-1.03067,40.07354],[-1.03013,40.07273],[-1.02934,40.07246],[-1.02564,40.07179],[-1.02568,40.07126],[-1.02662,40.06937],[-1.02664,40.06885],[-1.02645,40.06845],[-1.0241,40.06763],[-1.0237,40.06732],[-1.02284,40.06584],[-1.02219,40.06547],[-1.01871,40.0647],[-1.01811,40.06462],[-1.01703,40.06496],[-1.01426,40.06325],[-1.01338,40.06112],[-1.01244,40.0595],[-1.01242,40.05898],[-1.0128,40.05838],[-1.01313,40.05685],[-1.01351,40.05605],[-1.01365,40.05514],[-1.01468,40.0524],[-1.01432,40.05136],[-1.01285,40.05013],[-1.01236,40.04939],[-1.01229,40.04869],[-1.01265,40.04749],[-1.0144,40.04574],[-1.01542,40.04501],[-1.01599,40.04428],[-1.01631,40.04262],[-1.01616,40.04144],[-1.01587,40.04091],[-1.01359,40.0408],[-1.01109,40.04028],[-1.0079,40.03839],[-1.00526,40.03808],[-1.00434,40.03753],[-1.00134,40.0367],[-0.99502,40.03407],[-0.9946,40.03356],[-0.99388,40.03171],[-0.99374,40.03087],[-0.99401,40.03017],[-0.99494,40.02971],[-0.99513,40.02946],[-0.99503,40.02912],[-0.99411,40.02791],[-0.99268,40.02647],[-0.99197,40.02478],[-0.99114,40.02396],[-0.98994,40.02311],[-0.98919,40.02277],[-0.98782,40.02162],[-0.98451,40.02039],[-0.98364,40.02031],[-0.98078,40.01921],[-0.97934,40.01902],[-0.97501,40.0195],[-0.97377,40.0185],[-0.97231,40.01656],[-0.97063,40.015],[-0.96786,40.0129],[-0.96546,40.00814],[-0.96493,40.00732],[-0.96413,40.00657],[-0.95942,40.00457],[-0.95729,40.00296],[-0.95361,40.0016],[-0.95286,40.00111],[-0.9522,40.0002],[-0.95161,39.99972],[-0.94834,39.99839],[-0.94462,39.9984],[-0.94217,39.99859],[-0.93779,39.99995],[-0.93459,40.00006],[-0.93311,39.99973],[-0.93075,39.99878],[-0.92753,39.9978],[-0.9251,39.99747],[-0.92391,39.99758],[-0.92158,39.99817],[-0.91871,39.9981],[-0.91661,39.99829],[-0.91523,39.99857],[-0.91305,39.9995],[-0.91249,39.99953],[-0.91206,39.99944],[-0.91101,39.99774],[-0.91029,39.99728],[-0.90796,39.99694],[-0.90626,39.99638],[-0.90567,39.99577],[-0.90438,39.99498],[-0.90276,39.99461],[-0.90288,39.994],[-0.90319,39.99382],[-0.90541,39.99281],[-0.907,39.99235],[-0.90899,39.99236],[-0.91235,39.99296],[-0.91365,39.99301],[-0.91455,39.99282],[-0.91559,39.99193],[-0.91587,39.99135],[-0.91614,39.98954],[-0.9159,39.98893],[-0.91409,39.98748],[-0.91341,39.98632],[-0.91316,39.98526],[-0.91294,39.98287],[-0.9133,39.98125],[-0.91324,39.9799],[-0.91288,39.97834],[-0.91249,39.97762],[-0.91118,39.97647],[-0.90907,39.97563],[-0.90327,39.97593],[-0.90249,39.97563],[-0.90033,39.97428],[-0.89823,39.97243],[-0.89893,39.96783],[-0.90008,39.96518],[-0.89999,39.96466],[-0.89942,39.96416],[-0.89552,39.9623],[-0.89462,39.96204],[-0.89289,39.96232],[-0.88909,39.96428],[-0.88795,39.96452],[-0.88728,39.9643],[-0.88701,39.96396],[-0.8871,39.96282],[-0.88687,39.96163],[-0.88665,39.96098],[-0.88624,39.96059],[-0.88571,39.96018],[-0.88354,39.95953],[-0.88082,39.95814],[-0.8768,39.9553],[-0.8764,39.95485],[-0.87606,39.95442],[-0.87604,39.9531],[-0.87633,39.95261],[-0.87592,39.95095],[-0.87619,39.95041],[-0.87706,39.94943],[-0.88,39.94713],[-0.88132,39.94669],[-0.88204,39.94663],[-0.88259,39.94619],[-0.8825,39.94597],[-0.88146,39.94548],[-0.87877,39.94458],[-0.87696,39.94379],[-0.87637,39.94324],[-0.8742,39.94187],[-0.87407,39.94142],[-0.87452,39.93971],[-0.87435,39.93914],[-0.8742,39.93877],[-0.87329,39.93814],[-0.87291,39.93761],[-0.87285,39.93719],[-0.8732,39.93608],[-0.87188,39.93496],[-0.87182,39.93444],[-0.873,39.93168],[-0.87307,39.93105],[-0.87294,39.93011],[-0.87188,39.92885],[-0.87142,39.92844],[-0.87059,39.92813],[-0.86838,39.92683],[-0.86684,39.92555],[-0.86582,39.92548],[-0.86348,39.92599],[-0.86251,39.92628],[-0.86026,39.92755],[-0.8597,39.92776],[-0.85894,39.92781],[-0.85939,39.92731],[-0.85965,39.92652],[-0.86092,39.92578],[-0.8624,39.92443],[-0.86247,39.9241],[-0.86229,39.92357],[-0.86262,39.92323],[-0.8638,39.92319],[-0.86507,39.92343],[-0.86654,39.92324],[-0.86774,39.92345],[-0.86891,39.92308],[-0.86944,39.92344],[-0.87071,39.92376],[-0.871,39.92344],[-0.87104,39.92242],[-0.87023,39.92182],[-0.87022,39.92061],[-0.87062,39.91917],[-0.87113,39.91816],[-0.87126,39.91737],[-0.87159,39.91686],[-0.87277,39.91597],[-0.87448,39.91527],[-0.87445,39.91451],[-0.87376,39.91404],[-0.87343,39.91332],[-0.87333,39.91246],[-0.87284,39.91115],[-0.87235,39.91083],[-0.8717,39.90991],[-0.87046,39.90891],[-0.86933,39.90828],[-0.86758,39.90767],[-0.86706,39.90709],[-0.86598,39.90633],[-0.86595,39.90578],[-0.86519,39.90486],[-0.86523,39.90436],[-0.86577,39.90385],[-0.86651,39.90369],[-0.86922,39.90368],[-0.86984,39.90336],[-0.87048,39.9024],[-0.87047,39.90198],[-0.87018,39.90092],[-0.86948,39.90002],[-0.86916,39.899],[-0.87029,39.89773],[-0.87078,39.89683],[-0.87186,39.89608],[-0.87293,39.89629],[-0.87308,39.89574],[-0.87351,39.89545],[-0.87458,39.89525],[-0.87734,39.89521],[-0.87844,39.89448],[-0.87912,39.89434],[-0.87999,39.89389],[-0.88079,39.89292],[-0.88184,39.89238],[-0.88265,39.89174],[-0.88282,39.89135],[-0.88258,39.89101],[-0.88255,39.89036],[-0.88287,39.88938],[-0.88295,39.88779],[-0.88347,39.88715],[-0.88387,39.886],[-0.88385,39.88525],[-0.88356,39.88427],[-0.88281,39.88272],[-0.88284,39.8817],[-0.88314,39.88097],[-0.88471,39.88128],[-0.88563,39.88187],[-0.88701,39.88208],[-0.88904,39.88073],[-0.88961,39.88067],[-0.89041,39.88098],[-0.89151,39.88191],[-0.89154,39.88151],[-0.8911,39.88086],[-0.89155,39.87964],[-0.89136,39.87841],[-0.89089,39.87782],[-0.8909,39.87742],[-0.89213,39.8767],[-0.89405,39.87608],[-0.89453,39.87518],[-0.89527,39.87452],[-0.8954,39.8731],[-0.89575,39.87211],[-0.89679,39.87124],[-0.89674,39.87046],[-0.89732,39.86959],[-0.89833,39.86879],[-0.8984,39.86839],[-0.89794,39.86782],[-0.89756,39.86609],[-0.89716,39.86538],[-0.89703,39.8647],[-0.8963,39.86373],[-0.89622,39.86221],[-0.89553,39.86131],[-0.89536,39.86055],[-0.89437,39.85965],[-0.89438,39.8579],[-0.89467,39.85678],[-0.89374,39.8558],[-0.89311,39.85552],[-0.89122,39.85545],[-0.89017,39.85562],[-0.88981,39.85535],[-0.88973,39.85479],[-0.88922,39.85435],[-0.88998,39.85406],[-0.89118,39.85315],[-0.89078,39.85154],[-0.89087,39.85101],[-0.89256,39.85029],[-0.89204,39.8497],[-0.89139,39.84838],[-0.8898,39.84814],[-0.88891,39.84778],[-0.88796,39.84772],[-0.88747,39.84779],[-0.88668,39.84832],[-0.88602,39.84854],[-0.88436,39.84834],[-0.88238,39.84853],[-0.88241,39.84649],[-0.88108,39.84333],[-0.87783,39.84132],[-0.87632,39.84082],[-0.87573,39.84089],[-0.87539,39.8407],[-0.87428,39.83975],[-0.87327,39.83785],[-0.87194,39.83663],[-0.86881,39.83724],[-0.86668,39.83676],[-0.86672,39.83591],[-0.86709,39.8351],[-0.86844,39.83333],[-0.86882,39.83254],[-0.86891,39.8308],[-0.86866,39.82989],[-0.8687,39.82804],[-0.86877,39.8275],[-0.86902,39.82711],[-0.86721,39.82751],[-0.86609,39.82729],[-0.86286,39.8272],[-0.86128,39.82634],[-0.86032,39.82608],[-0.85864,39.82595],[-0.85587,39.82446],[-0.85363,39.82411],[-0.85443,39.82339],[-0.85491,39.82263],[-0.85672,39.82155],[-0.8574,39.82132],[-0.86006,39.82102],[-0.86115,39.82052],[-0.86243,39.82017],[-0.86303,39.81973],[-0.86311,39.81813],[-0.86209,39.81717],[-0.86187,39.81653],[-0.86199,39.81614],[-0.86176,39.81503],[-0.8613,39.81445],[-0.8611,39.81372],[-0.86127,39.81346],[-0.86233,39.81284],[-0.86613,39.81302],[-0.86734,39.8126],[-0.86789,39.8122],[-0.86858,39.81144],[-0.86919,39.81042],[-0.86873,39.80978],[-0.86867,39.80832],[-0.86788,39.80729],[-0.86918,39.80643],[-0.87011,39.80635],[-0.87208,39.80557],[-0.87345,39.806],[-0.87446,39.806],[-0.87595,39.80503],[-0.87678,39.80539],[-0.87906,39.80543],[-0.88057,39.80445],[-0.88099,39.80436],[-0.88189,39.80445],[-0.88293,39.80524],[-0.88353,39.80546],[-0.88455,39.80488],[-0.88567,39.80468],[-0.88821,39.80473],[-0.88906,39.80494],[-0.89247,39.80525],[-0.89266,39.80463],[-0.89446,39.80409],[-0.89529,39.80337],[-0.896,39.80317],[-0.89793,39.80181],[-0.89898,39.80157],[-0.90073,39.80146],[-0.90236,39.79917],[-0.90542,39.7978],[-0.90587,39.79692],[-0.90541,39.79617],[-0.90521,39.79543],[-0.90437,39.79495],[-0.9034,39.79478],[-0.9019,39.79405],[-0.89975,39.79189],[-0.8988,39.7912],[-0.89913,39.79058],[-0.90019,39.78949],[-0.90077,39.78796],[-0.90068,39.78729],[-0.90123,39.78626],[-0.90124,39.78467],[-0.9005,39.78213],[-0.90069,39.78093],[-0.90049,39.77985],[-0.89999,39.77922],[-0.90093,39.77825],[-0.90225,39.77809],[-0.90395,39.7767],[-0.90515,39.77605],[-0.90609,39.77589],[-0.90694,39.7745],[-0.90753,39.77405],[-0.91008,39.77358],[-0.91118,39.77217],[-0.91174,39.77101],[-0.91298,39.77086],[-0.91504,39.77022],[-0.91585,39.76971],[-0.91679,39.76956],[-0.91717,39.76908],[-0.91774,39.76741],[-0.91867,39.76692],[-0.92063,39.76551],[-0.92152,39.7654],[-0.92259,39.76502],[-0.92256,39.76454],[-0.92182,39.7633],[-0.92178,39.7628],[-0.9222,39.7611],[-0.92271,39.76047],[-0.92273,39.75896],[-0.92195,39.75892],[-0.92191,39.7587],[-0.91955,39.75863],[-0.91825,39.758],[-0.91724,39.75797],[-0.91504,39.7586],[-0.91466,39.75916],[-0.91448,39.76008],[-0.91388,39.76052],[-0.9124,39.76061],[-0.90989,39.76117],[-0.90897,39.76115],[-0.90703,39.76055],[-0.90636,39.75904],[-0.9055,39.75781],[-0.9049,39.75707],[-0.90408,39.75643],[-0.90109,39.75578],[-0.90016,39.75528],[-0.89892,39.75433],[-0.89754,39.75463],[-0.89633,39.75462],[-0.89443,39.75363],[-0.89354,39.75266],[-0.89314,39.75151],[-0.8913,39.74947],[-0.89035,39.74702],[-0.89017,39.74687],[-0.89011,39.7463],[-0.88982,39.74581],[-0.88853,39.74469],[-0.88826,39.74422],[-0.88823,39.74346],[-0.88771,39.7429],[-0.88764,39.74219],[-0.88718,39.74178],[-0.88713,39.74141],[-0.88651,39.7412],[-0.88286,39.74081],[-0.88175,39.7395],[-0.88031,39.73902],[-0.879,39.73771],[-0.87715,39.73643],[-0.87684,39.73584],[-0.87698,39.73519],[-0.87601,39.73379],[-0.87603,39.73331],[-0.87629,39.73274],[-0.87635,39.7313],[-0.87525,39.73142],[-0.87463,39.73073],[-0.87416,39.73059],[-0.87334,39.73062],[-0.87274,39.73092],[-0.87211,39.7306],[-0.87159,39.73054],[-0.86878,39.73071],[-0.86874,39.73023],[-0.86831,39.72926],[-0.86911,39.72743],[-0.86925,39.72643],[-0.86958,39.72568],[-0.87112,39.72337],[-0.87241,39.7228],[-0.87397,39.72158],[-0.87745,39.72089],[-0.87819,39.72018],[-0.87943,39.71949],[-0.8813,39.71893],[-0.88209,39.71842],[-0.88352,39.71791],[-0.88414,39.71731],[-0.88578,39.71633],[-0.88655,39.71534],[-0.88709,39.71493],[-0.88871,39.71424],[-0.88957,39.71456],[-0.88996,39.71409],[-0.89028,39.71346],[-0.88991,39.71288],[-0.88842,39.71163],[-0.88802,39.71025],[-0.88771,39.70973],[-0.88673,39.70927],[-0.8865,39.7082],[-0.88658,39.70793],[-0.88636,39.7073],[-0.88537,39.70639],[-0.88508,39.70566],[-0.88534,39.70447],[-0.88509,39.70346],[-0.88514,39.703],[-0.88674,39.70173],[-0.88729,39.70072],[-0.8892,39.69926],[-0.89009,39.69814],[-0.89031,39.69762],[-0.8912,39.69696],[-0.89485,39.69576],[-0.89551,39.69516],[-0.89928,39.69536],[-0.90012,39.69472],[-0.90058,39.69381],[-0.90132,39.69316],[-0.90164,39.69234],[-0.90333,39.69128],[-0.90396,39.69124],[-0.9043,39.69105],[-0.90528,39.69106],[-0.9067,39.68943],[-0.90671,39.68913],[-0.90641,39.68884],[-0.90517,39.6885],[-0.90406,39.68763],[-0.90385,39.68683],[-0.90317,39.68592],[-0.90303,39.68524],[-0.90145,39.68411],[-0.90119,39.68365],[-0.90109,39.68279],[-0.90064,39.68229],[-0.90023,39.68136],[-0.89964,39.68084],[-0.89889,39.68057],[-0.89966,39.67883],[-0.90059,39.67827],[-0.90205,39.67669],[-0.90276,39.67649],[-0.9039,39.67563],[-0.90361,39.67514],[-0.90266,39.67473],[-0.9021,39.67404],[-0.90166,39.67305],[-0.90118,39.67252],[-0.90216,39.67193],[-0.9037,39.6715],[-0.9052,39.67167],[-0.90615,39.67106],[-0.90871,39.67101],[-0.90909,39.67059],[-0.90916,39.66837],[-0.9093,39.66796],[-0.90984,39.66773],[-0.91223,39.66772],[-0.91296,39.66734],[-0.91295,39.6668],[-0.91246,39.66613],[-0.91248,39.66512],[-0.91266,39.66484],[-0.9136,39.66427],[-0.91435,39.66095],[-0.91423,39.66062],[-0.91328,39.66007],[-0.91225,39.65907],[-0.91121,39.65853],[-0.91127,39.65729],[-0.91154,39.65653],[-0.91107,39.65515],[-0.91104,39.65433],[-0.91109,39.65346],[-0.91137,39.65317],[-0.91148,39.65078],[-0.91358,39.6492],[-0.91553,39.64863],[-0.91655,39.64722],[-0.91787,39.64706],[-0.91968,39.64622],[-0.92119,39.64482],[-0.92201,39.64319],[-0.92286,39.64258],[-0.92384,39.64244],[-0.92453,39.64208],[-0.92455,39.64141],[-0.92603,39.64141],[-0.92748,39.64101],[-0.92902,39.64154],[-0.92953,39.64248],[-0.93042,39.64302],[-0.93166,39.64351],[-0.9331,39.64368],[-0.9332,39.64541],[-0.93375,39.64608],[-0.9345,39.64569],[-0.93569,39.64558],[-0.93744,39.64484],[-0.93826,39.64467],[-0.93927,39.64472],[-0.94041,39.64364],[-0.94083,39.6426],[-0.94489,39.64189],[-0.94572,39.64126],[-0.94591,39.64058],[-0.94637,39.64007],[-0.94656,39.6394],[-0.94742,39.63871],[-0.94777,39.63853],[-0.94826,39.63862],[-0.95115,39.63828],[-0.95197,39.63731],[-0.95207,39.6367],[-0.95193,39.63609],[-0.9528,39.63477],[-0.95379,39.63418],[-0.95416,39.63363],[-0.95382,39.63316],[-0.95267,39.63283],[-0.95249,39.63253],[-0.95312,39.63088],[-0.95313,39.62979],[-0.95287,39.62928],[-0.95357,39.62824],[-0.95385,39.62805],[-0.95484,39.62827],[-0.9571,39.62977],[-0.95924,39.63028],[-0.96043,39.63036],[-0.96093,39.63078],[-0.96168,39.63098],[-0.96324,39.63031],[-0.96402,39.62979],[-0.96588,39.62922],[-0.96696,39.62871],[-0.9702,39.62842],[-0.97135,39.62789],[-0.9727,39.62751],[-0.97323,39.6271],[-0.97345,39.62659],[-0.97414,39.62577],[-0.97432,39.62508],[-0.97462,39.62477],[-0.97532,39.62433],[-0.97688,39.62416],[-0.97878,39.62237],[-0.97961,39.62195],[-0.9799,39.62144],[-0.98092,39.62193],[-0.98221,39.62362],[-0.98322,39.62383],[-0.98446,39.62445],[-0.98451,39.62405],[-0.98503,39.62374],[-0.98524,39.62334],[-0.98869,39.62338],[-0.99061,39.62301],[-0.99258,39.62294],[-0.99318,39.62251],[-0.99331,39.62167],[-0.9938,39.62226],[-0.99393,39.62362],[-0.99432,39.62458],[-0.99403,39.62516],[-0.99356,39.62561],[-0.99345,39.62618],[-0.99443,39.62624],[-0.99596,39.62697],[-0.99991,39.63008],[-1.00069,39.63034],[-1.00296,39.63037],[-1.00393,39.62981],[-1.00686,39.62896],[-1.00928,39.62856],[-1.01359,39.63089],[-1.01394,39.63169],[-1.01406,39.63326],[-1.01573,39.6346],[-1.01851,39.6358],[-1.01742,39.63657],[-1.01622,39.63837],[-1.0173,39.63974],[-1.01909,39.63996],[-1.02035,39.64065],[-1.02116,39.6416],[-1.02128,39.64266],[-1.02148,39.64287],[-1.02197,39.64303],[-1.02257,39.64272],[-1.02345,39.64254],[-1.02489,39.64303],[-1.02523,39.64375],[-1.02536,39.64488],[-1.02641,39.64521],[-1.02735,39.64584],[-1.02884,39.64642],[-1.02898,39.64706],[-1.02995,39.64712],[-1.03272,39.64776],[-1.03498,39.6479],[-1.03699,39.64884],[-1.0386,39.64985],[-1.04018,39.65049],[-1.04052,39.65086],[-1.04133,39.65097],[-1.04234,39.65171],[-1.04387,39.65222],[-1.04583,39.65257],[-1.04697,39.65314],[-1.04822,39.65353],[-1.05006,39.65496],[-1.05253,39.65586],[-1.05373,39.65651],[-1.0541,39.65693],[-1.055,39.65733],[-1.05677,39.65771],[-1.05883,39.65855],[-1.06089,39.65893],[-1.0621,39.65987],[-1.0624,39.66046],[-1.06482,39.66122],[-1.06602,39.66183],[-1.06731,39.66189],[-1.06949,39.66403],[-1.0705,39.6657],[-1.07178,39.66674],[-1.07189,39.66732],[-1.07267,39.66796],[-1.07346,39.66807],[-1.07513,39.66792],[-1.07703,39.66858],[-1.07705,39.6688],[-1.07731,39.66883],[-1.07731,39.66904],[-1.08161,39.66909],[-1.08296,39.66853],[-1.08441,39.66827],[-1.08622,39.66848],[-1.08714,39.66831],[-1.08871,39.66836],[-1.08933,39.66918],[-1.09058,39.67011],[-1.09261,39.67041],[-1.09498,39.67047],[-1.09603,39.67076],[-1.09667,39.67146],[-1.09689,39.67197],[-1.09812,39.67282],[-1.09874,39.67353],[-1.09943,39.67369],[-1.10052,39.67367],[-1.10167,39.67327],[-1.1042,39.67332],[-1.10529,39.67349],[-1.10544,39.67328],[-1.10562,39.67207],[-1.10626,39.67181],[-1.10765,39.67173],[-1.10821,39.67125],[-1.10873,39.67113],[-1.10894,39.67084],[-1.109,39.67043],[-1.10854,39.66942],[-1.1085,39.66895],[-1.10909,39.66756],[-1.10906,39.66715],[-1.10867,39.66668],[-1.10724,39.66628],[-1.106,39.66494],[-1.10606,39.66447],[-1.10648,39.66398],[-1.10608,39.66247],[-1.10639,39.66099],[-1.10612,39.65985],[-1.10665,39.65948],[-1.10656,39.65875],[-1.10754,39.65774],[-1.1078,39.65696],[-1.10896,39.65635],[-1.11096,39.65673],[-1.11264,39.65681],[-1.11365,39.65734],[-1.11442,39.65809],[-1.11537,39.65858],[-1.11608,39.65864],[-1.11715,39.65836],[-1.11823,39.65762],[-1.11912,39.65751],[-1.12035,39.65694],[-1.12136,39.6567],[-1.12175,39.65571],[-1.12223,39.655],[-1.1223,39.65445],[-1.12222,39.65409],[-1.12126,39.65279],[-1.12125,39.65232],[-1.12211,39.65139],[-1.1235,39.6506],[-1.1247,39.64941],[-1.1264,39.64626],[-1.12807,39.64406],[-1.12812,39.64358],[-1.12789,39.643],[-1.12787,39.64227],[-1.12822,39.64138],[-1.12866,39.64109],[-1.13037,39.64081],[-1.13109,39.64054],[-1.13395,39.63799],[-1.13475,39.63864],[-1.13525,39.63868],[-1.13633,39.63942],[-1.1368,39.63995],[-1.1375,39.64017],[-1.13777,39.64042],[-1.13841,39.64147],[-1.13924,39.64237],[-1.13932,39.64294],[-1.13997,39.64356],[-1.14017,39.64408],[-1.14057,39.64453],[-1.14083,39.64526],[-1.14082,39.64585],[-1.14107,39.64645],[-1.14147,39.64687],[-1.14401,39.64801],[-1.1452,39.64807],[-1.14678,39.64763],[-1.15024,39.6456],[-1.15215,39.64711],[-1.15263,39.64771],[-1.15414,39.64872],[-1.15478,39.64935],[-1.1563,39.6502],[-1.15825,39.65104],[-1.15991,39.65252],[-1.16079,39.65352],[-1.16086,39.65388],[-1.16155,39.65448],[-1.16171,39.65502],[-1.1624,39.65547],[-1.16258,39.65616],[-1.16314,39.65683],[-1.16354,39.65705],[-1.1638,39.65774],[-1.16558,39.65991],[-1.1654,39.66071],[-1.16663,39.6613],[-1.16791,39.6626],[-1.16948,39.66365],[-1.17037,39.66461],[-1.17048,39.66496],[-1.17085,39.66524],[-1.17161,39.66644],[-1.1734,39.66821],[-1.17387,39.66918],[-1.17543,39.67054],[-1.17649,39.67223],[-1.1774,39.67268],[-1.17851,39.67283],[-1.18066,39.67351],[-1.18132,39.67402],[-1.18261,39.67461],[-1.18315,39.67509],[-1.18364,39.6759],[-1.18517,39.67691],[-1.18565,39.67773],[-1.18656,39.67853],[-1.18664,39.68022],[-1.18716,39.68103],[-1.18791,39.68136],[-1.18964,39.68143],[-1.19169,39.68266],[-1.19214,39.68365],[-1.19372,39.685],[-1.19439,39.68684],[-1.1954,39.68796],[-1.19567,39.68854],[-1.19329,39.69039],[-1.19163,39.69097],[-1.19108,39.69145],[-1.19086,39.69213],[-1.19026,39.69209],[-1.18902,39.69256],[-1.18892,39.69274],[-1.18894,39.69344],[-1.18935,39.69389],[-1.18967,39.69463],[-1.18974,39.69587],[-1.19024,39.6969],[-1.19013,39.70162],[-1.19037,39.7025],[-1.1898,39.70342],[-1.18973,39.70575],[-1.19008,39.70704],[-1.19105,39.70862],[-1.19118,39.70954],[-1.19146,39.71],[-1.19244,39.7109],[-1.19256,39.71196],[-1.1947,39.71224],[-1.19444,39.71273],[-1.1939,39.71324],[-1.19415,39.71375],[-1.19423,39.71522],[-1.19539,39.71657],[-1.19754,39.71702],[-1.19889,39.71809],[-1.19936,39.71928],[-1.19982,39.71987],[-1.2,39.7211],[-1.19989,39.72184],[-1.20021,39.72234],[-1.20111,39.72302],[-1.20226,39.72346],[-1.2031,39.72337],[-1.20449,39.72399],[-1.20786,39.72382],[-1.20943,39.72464],[-1.20993,39.72522],[-1.21087,39.72508],[-1.2129,39.72536],[-1.2147,39.72507],[-1.21579,39.72509],[-1.21745,39.7254],[-1.21803,39.72588],[-1.21833,39.7267],[-1.21807,39.7271],[-1.21803,39.72782],[-1.21577,39.7283],[-1.21543,39.72858],[-1.21494,39.72947],[-1.21341,39.72985],[-1.21253,39.7303],[-1.21218,39.73079],[-1.212,39.73148],[-1.21067,39.73257],[-1.21057,39.73438],[-1.21077,39.73517],[-1.21002,39.7355],[-1.20966,39.73608],[-1.20969,39.73678],[-1.21013,39.73729],[-1.21047,39.73847],[-1.21036,39.73995],[-1.20989,39.74067],[-1.20972,39.74151],[-1.20903,39.74182],[-1.20813,39.74193],[-1.20779,39.74221],[-1.20767,39.74321],[-1.2071,39.74491],[-1.20726,39.74665],[-1.20462,39.74845],[-1.20352,39.74887],[-1.20264,39.74979],[-1.20256,39.75079],[-1.20271,39.75136],[-1.20231,39.75181],[-1.20194,39.75327],[-1.20241,39.75385],[-1.20246,39.75461],[-1.20308,39.75516],[-1.20409,39.75538],[-1.20581,39.75618],[-1.20669,39.75632],[-1.20926,39.75751],[-1.21038,39.75859],[-1.21061,39.75916],[-1.21127,39.75978],[-1.21202,39.76121],[-1.21313,39.76281],[-1.21417,39.76355],[-1.21604,39.76354],[-1.21661,39.76275],[-1.21737,39.76251],[-1.21878,39.76304],[-1.21962,39.76361],[-1.2209,39.76367],[-1.22211,39.76349],[-1.22339,39.76416],[-1.22548,39.76345],[-1.22629,39.76272],[-1.22716,39.76226],[-1.22816,39.76222],[-1.22956,39.76286],[-1.23123,39.76321],[-1.23178,39.76351],[-1.23273,39.76328],[-1.23306,39.76356],[-1.23414,39.76371],[-1.23479,39.76406],[-1.23567,39.7642],[-1.23852,39.76634],[-1.23945,39.76594],[-1.24059,39.76483],[-1.24023,39.7628],[-1.24179,39.76365],[-1.24561,39.76693],[-1.25332,39.77272],[-1.25473,39.77363],[-1.25702,39.7747],[-1.26068,39.77611],[-1.26751,39.77754],[-1.27087,39.77775],[-1.27766,39.77761],[-1.27962,39.7774],[-1.28478,39.77748],[-1.28523,39.77709],[-1.28633,39.77667],[-1.28732,39.77654],[-1.2882,39.77614],[-1.29004,39.77583],[-1.29072,39.77637],[-1.29129,39.7766],[-1.29329,39.77693],[-1.2951,39.77856],[-1.29536,39.77911],[-1.29603,39.7795],[-1.29701,39.78053],[-1.2981,39.78127],[-1.29754,39.78208],[-1.29747,39.78266],[-1.29776,39.78444],[-1.29809,39.78526],[-1.29857,39.78579],[-1.29987,39.78674],[-1.30041,39.78759],[-1.30187,39.78834],[-1.30331,39.78978],[-1.30355,39.79056],[-1.30434,39.79123],[-1.30667,39.79259],[-1.30764,39.79297],[-1.3083,39.79359],[-1.30988,39.79388],[-1.3108,39.79425],[-1.31219,39.79437],[-1.3137,39.79497],[-1.315,39.79506],[-1.31569,39.79531],[-1.31797,39.79657],[-1.3187,39.79677],[-1.31943,39.79777],[-1.32016,39.79826],[-1.32011,39.79893],[-1.31962,39.79974],[-1.31971,39.8002],[-1.31948,39.8006],[-1.31847,39.80143],[-1.31821,39.80199],[-1.31753,39.8026],[-1.31851,39.80378],[-1.31854,39.80637],[-1.3193,39.80754],[-1.31793,39.8087],[-1.31543,39.80998],[-1.31484,39.81053],[-1.31435,39.81075],[-1.31372,39.81078],[-1.31343,39.81151],[-1.31335,39.81319],[-1.31299,39.81424],[-1.31194,39.81555],[-1.31143,39.81675],[-1.31074,39.81734],[-1.31019,39.81836],[-1.30885,39.81885],[-1.30778,39.81887],[-1.30602,39.81954],[-1.30567,39.82003],[-1.30552,39.82088],[-1.30506,39.82139],[-1.30459,39.82289],[-1.30189,39.82372],[-1.30129,39.82432],[-1.30053,39.82455],[-1.29996,39.82542],[-1.29997,39.82807],[-1.30044,39.82859],[-1.3004,39.83111],[-1.30074,39.8317],[-1.30174,39.8326],[-1.302,39.83355],[-1.30174,39.83468],[-1.30202,39.83578],[-1.30193,39.83666],[-1.30324,39.83895],[-1.30374,39.84045],[-1.30325,39.84285],[-1.30277,39.84343],[-1.30248,39.84469],[-1.30111,39.84591],[-1.29951,39.84693],[-1.29939,39.84728],[-1.29938,39.84911],[-1.30041,39.85059],[-1.30046,39.8522],[-1.30076,39.85325],[-1.30233,39.85461],[-1.30196,39.85518],[-1.29931,39.85733],[-1.29752,39.85786],[-1.29789,39.859],[-1.29716,39.85951],[-1.29683,39.85993],[-1.29475,39.86099],[-1.29062,39.86203],[-1.28945,39.863],[-1.28772,39.86497],[-1.28706,39.86497],[-1.2865,39.86536],[-1.28569,39.86663],[-1.28434,39.86739],[-1.28283,39.86866],[-1.28261,39.86855],[-1.28194,39.86875],[-1.28127,39.86967],[-1.28013,39.87052],[-1.27943,39.87126],[-1.27678,39.87323],[-1.27556,39.87352],[-1.27446,39.87476],[-1.27365,39.87643],[-1.27317,39.87679],[-1.26959,39.87773],[-1.26516,39.87847],[-1.26386,39.879],[-1.26333,39.87903],[-1.26195,39.87977],[-1.25934,39.88025],[-1.25898,39.88153],[-1.25677,39.88297],[-1.25585,39.88416],[-1.25556,39.88596],[-1.25613,39.88672],[-1.25624,39.88736],[-1.25619,39.88787],[-1.25553,39.88903],[-1.25548,39.8901],[-1.25626,39.89252],[-1.25663,39.89278],[-1.25744,39.8929],[-1.25748,39.89364],[-1.25737,39.89396],[-1.25683,39.89404],[-1.25649,39.89446],[-1.25601,39.89605],[-1.25502,39.8969],[-1.25488,39.89723],[-1.25487,39.89754],[-1.2551,39.89794],[-1.25502,39.89836],[-1.256,39.90154],[-1.25592,39.90227],[-1.25749,39.90257],[-1.25816,39.90294],[-1.26034,39.90614],[-1.26158,39.90692],[-1.26319,39.90837],[-1.2648,39.90927],[-1.26653,39.911],[-1.26654,39.91181],[-1.26744,39.91255],[-1.26794,39.91259],[-1.26828,39.91322],[-1.26902,39.91378],[-1.26907,39.91418],[-1.27059,39.91548],[-1.2725,39.91649],[-1.27375,39.9163],[-1.27565,39.91639],[-1.27706,39.9156],[-1.27848,39.91615],[-1.28021,39.91786],[-1.28168,39.9189],[-1.28273,39.92019],[-1.28436,39.92104],[-1.2863,39.92256],[-1.28763,39.9243],[-1.28877,39.92531],[-1.29001,39.92673],[-1.29055,39.92788],[-1.29038,39.92838],[-1.29044,39.92884],[-1.291,39.92975],[-1.29198,39.93036],[-1.29221,39.93074],[-1.29232,39.93105],[-1.29223,39.93238],[-1.29141,39.93372],[-1.28996,39.93546],[-1.28958,39.93733],[-1.288,39.93764],[-1.28628,39.93741],[-1.28404,39.93761],[-1.28329,39.93754],[-1.28246,39.93714],[-1.28037,39.93715],[-1.28023,39.93763],[-1.28094,39.93875],[-1.28103,39.93923],[-1.28095,39.9399],[-1.28039,39.94115],[-1.28204,39.94236],[-1.28272,39.94311],[-1.28341,39.94348],[-1.28431,39.94444],[-1.28462,39.94504],[-1.28648,39.94489],[-1.28783,39.94536],[-1.28837,39.94584],[-1.28887,39.94687],[-1.29011,39.94765],[-1.29059,39.94848],[-1.29202,39.94985],[-1.29262,39.95021],[-1.29313,39.95138],[-1.29546,39.95202],[-1.2966,39.95279],[-1.29784,39.95319],[-1.29905,39.95392],[-1.29955,39.95445],[-1.30099,39.95521],[-1.30179,39.95602],[-1.30233,39.95628],[-1.30402,39.95679],[-1.30491,39.95687],[-1.3061,39.95733],[-1.30702,39.95841],[-1.3083,39.95922],[-1.30878,39.95999],[-1.31109,39.96068],[-1.31165,39.96064],[-1.31199,39.96114],[-1.31276,39.96123],[-1.3181,39.96494],[-1.31923,39.96613],[-1.31957,39.96772],[-1.32054,39.97018],[-1.32066,39.97073],[-1.32035,39.97123],[-1.32032,39.97186],[-1.32078,39.97242],[-1.32095,39.97348],[-1.32155,39.97462],[-1.32144,39.97541],[-1.32276,39.97628],[-1.32451,39.97803],[-1.32416,39.97927],[-1.32363,39.98036],[-1.32361,39.98116],[-1.32387,39.98169],[-1.32332,39.9822],[-1.32291,39.98311],[-1.32236,39.98373],[-1.32236,39.98393],[-1.32287,39.98448],[-1.32295,39.98548],[-1.32315,39.98597],[-1.32289,39.98674],[-1.32307,39.98747],[-1.32283,39.98817],[-1.32294,39.98876],[-1.32435,39.98895],[-1.32547,39.98886],[-1.3263,39.98909],[-1.32782,39.98917],[-1.32848,39.98942],[-1.32932,39.99155],[-1.33055,39.99174],[-1.33105,39.99226],[-1.3316,39.99251],[-1.33258,39.99241],[-1.33491,39.99337],[-1.337,39.995],[-1.33766,39.9962],[-1.33958,39.99787],[-1.34043,39.99766],[-1.34333,39.99762],[-1.34582,39.99767],[-1.3465,39.99793],[-1.34721,39.99796],[-1.34843,39.99753],[-1.34925,39.9975],[-1.35042,39.99688],[-1.35152,39.99662],[-1.35239,39.99606],[-1.35361,39.99607],[-1.35457,39.99629],[-1.35564,39.99624],[-1.35598,39.99595],[-1.35611,39.99536],[-1.35676,39.99474],[-1.3588,39.99476],[-1.36279,39.9944],[-1.36359,39.99461],[-1.36514,39.99463],[-1.36565,39.99557],[-1.36461,39.99627],[-1.36448,39.997],[-1.36446,39.99845],[-1.36502,39.99958],[-1.36845,40.00136],[-1.36989,40.00296],[-1.37035,40.00377],[-1.3703,40.00412],[-1.37058,40.00439],[-1.37108,40.00459],[-1.37229,40.00442],[-1.37281,40.00492],[-1.37274,40.0058],[-1.37227,40.0063],[-1.37217,40.00666],[-1.37223,40.00719],[-1.3727,40.00762],[-1.37243,40.00851],[-1.37279,40.00908],[-1.37346,40.00969],[-1.37369,40.01026],[-1.37441,40.01073],[-1.37529,40.01176],[-1.37527,40.01309],[-1.37605,40.0138],[-1.37635,40.01459],[-1.3764,40.01531],[-1.37661,40.01568],[-1.37665,40.01744],[-1.37688,40.018],[-1.37734,40.01828],[-1.37809,40.01945],[-1.37852,40.01974],[-1.37901,40.0211],[-1.38049,40.02102],[-1.384,40.02017],[-1.38557,40.01969],[-1.38871,40.01825],[-1.39045,40.01764],[-1.39151,40.0177],[-1.39365,40.01956],[-1.39412,40.02008],[-1.39415,40.02052],[-1.39448,40.0211],[-1.39586,40.02246],[-1.39643,40.02327],[-1.39788,40.02609],[-1.39973,40.02788],[-1.40011,40.02944],[-1.40069,40.03034],[-1.40114,40.03071],[-1.40124,40.03149],[-1.40183,40.03246],[-1.40345,40.03424],[-1.40468,40.0361],[-1.40534,40.03671],[-1.40556,40.03722],[-1.40688,40.03801],[-1.40737,40.03853],[-1.40806,40.03992],[-1.40892,40.0409],[-1.40909,40.04401],[-1.41035,40.04764],[-1.41096,40.04874],[-1.41194,40.0501],[-1.413,40.05101],[-1.41543,40.05251],[-1.41667,40.05357],[-1.41706,40.05454],[-1.41707,40.05298],[-1.41738,40.05302],[-1.41781,40.05107],[-1.4187,40.0504],[-1.42088,40.04984],[-1.42236,40.0486],[-1.4252,40.04934],[-1.42608,40.0499],[-1.42784,40.0495],[-1.42859,40.04903],[-1.42919,40.049],[-1.42997,40.0492],[-1.43139,40.0502],[-1.4331,40.04958],[-1.43399,40.04881],[-1.43444,40.04864],[-1.43518,40.04751],[-1.43579,40.04766],[-1.43645,40.04794],[-1.4375,40.04871],[-1.43853,40.04881],[-1.43882,40.04938],[-1.43954,40.05017],[-1.44101,40.05135],[-1.44147,40.05212],[-1.44211,40.05222],[-1.44274,40.05207],[-1.4442,40.05266],[-1.44689,40.05457],[-1.44867,40.05674],[-1.44915,40.05764],[-1.44923,40.05864],[-1.44956,40.05924],[-1.45226,40.06144],[-1.45287,40.06222],[-1.4541,40.06442],[-1.45484,40.06493],[-1.4555,40.06696],[-1.45627,40.06733],[-1.45632,40.06773],[-1.45656,40.06763],[-1.45682,40.06795],[-1.45743,40.06798],[-1.45897,40.06768],[-1.45963,40.06815],[-1.46108,40.06862],[-1.46265,40.06879],[-1.46393,40.06998],[-1.46554,40.07063],[-1.46688,40.07163],[-1.46988,40.07294],[-1.4713,40.07375],[-1.47375,40.07472],[-1.47424,40.07547],[-1.47429,40.07601],[-1.47394,40.07684],[-1.47182,40.07838],[-1.47017,40.08007],[-1.46926,40.08039],[-1.46849,40.08051],[-1.46508,40.07985],[-1.46299,40.07988],[-1.46164,40.08007],[-1.46007,40.08055],[-1.4568,40.08213],[-1.45619,40.08177],[-1.45574,40.08179],[-1.45523,40.08239],[-1.45555,40.08277],[-1.45478,40.08411],[-1.45472,40.08481],[-1.45448,40.08536],[-1.45147,40.08848],[-1.45045,40.0891],[-1.44991,40.08917],[-1.44903,40.08902],[-1.44725,40.08918],[-1.44384,40.08999],[-1.44198,40.09019],[-1.44067,40.09067],[-1.43908,40.0907],[-1.43903,40.09379],[-1.43951,40.09445],[-1.43995,40.09559],[-1.44105,40.09647],[-1.4422,40.09677],[-1.44266,40.09794],[-1.44255,40.09836],[-1.4428,40.09878],[-1.44453,40.09994],[-1.4465,40.10047],[-1.44764,40.10113],[-1.44888,40.1014],[-1.4528,40.10155],[-1.45403,40.10189],[-1.45556,40.1015],[-1.45645,40.10154],[-1.45826,40.10197],[-1.45888,40.10192],[-1.45948,40.10162],[-1.45989,40.10171],[-1.45992,40.10217],[-1.4597,40.10272],[-1.46015,40.10403],[-1.46016,40.10516],[-1.45987,40.10598],[-1.45951,40.10633],[-1.45794,40.10675],[-1.45306,40.10683],[-1.45271,40.10666],[-1.45202,40.1067],[-1.4508,40.10742],[-1.45124,40.10922],[-1.45065,40.11015],[-1.44755,40.11143],[-1.44447,40.11123],[-1.44414,40.11151],[-1.44497,40.1126],[-1.44506,40.11306],[-1.44428,40.11635],[-1.44379,40.11689],[-1.44375,40.11758],[-1.44393,40.11783],[-1.44377,40.11842],[-1.44397,40.11895],[-1.44461,40.11972],[-1.44636,40.12087],[-1.44736,40.12123],[-1.44846,40.12226],[-1.44907,40.12262],[-1.44958,40.12407],[-1.45168,40.12585],[-1.45324,40.12794],[-1.45542,40.12883],[-1.45593,40.12934],[-1.45771,40.13055],[-1.45947,40.13039],[-1.46125,40.1305],[-1.46103,40.13168],[-1.4605,40.13269],[-1.45933,40.13339],[-1.45913,40.13383],[-1.45868,40.13419],[-1.45861,40.13489],[-1.45727,40.1363],[-1.45682,40.13707],[-1.45491,40.13901],[-1.45327,40.14116],[-1.45156,40.14257],[-1.4504,40.1427],[-1.44944,40.14318],[-1.44848,40.14411],[-1.4482,40.1453],[-1.44702,40.14538],[-1.44556,40.14669],[-1.44571,40.14861],[-1.44593,40.14924],[-1.4457,40.14991],[-1.44585,40.15057],[-1.44515,40.15123],[-1.44555,40.1527],[-1.44549,40.1531],[-1.44342,40.15453],[-1.44269,40.15523],[-1.44191,40.15668],[-1.44116,40.15769],[-1.44106,40.15838],[-1.43992,40.16036],[-1.43903,40.16126],[-1.43892,40.1618],[-1.43823,40.16259],[-1.4379,40.16292],[-1.43702,40.16324],[-1.4367,40.16354],[-1.43599,40.16374],[-1.43483,40.16458],[-1.43449,40.16509],[-1.43451,40.16549],[-1.43487,40.16575],[-1.43514,40.16622],[-1.43504,40.16685],[-1.43531,40.16746],[-1.43676,40.16816],[-1.43704,40.16842],[-1.43709,40.16881],[-1.43686,40.17013],[-1.4366,40.17071],[-1.43549,40.17239],[-1.43543,40.17457],[-1.43498,40.17524],[-1.43425,40.17578],[-1.43345,40.17611],[-1.43234,40.17644],[-1.42993,40.17642],[-1.43158,40.17746],[-1.43303,40.17965],[-1.43282,40.1804],[-1.43153,40.18144],[-1.43107,40.18235],[-1.42991,40.18359],[-1.42993,40.18431],[-1.43044,40.18555],[-1.42991,40.18623],[-1.42984,40.18674],[-1.43118,40.18678],[-1.43188,40.18722],[-1.43262,40.18831],[-1.43243,40.18898],[-1.43245,40.19047],[-1.43353,40.19116],[-1.43382,40.19169],[-1.43371,40.19218],[-1.4324,40.19343],[-1.43268,40.19576],[-1.43186,40.19731],[-1.43144,40.19765],[-1.43078,40.19859],[-1.43034,40.19963],[-1.42866,40.20149],[-1.42791,40.20289],[-1.42589,40.2045],[-1.42703,40.20482],[-1.42815,40.20569],[-1.42883,40.20644],[-1.42999,40.20713],[-1.43059,40.20725],[-1.43283,40.20833],[-1.43336,40.20945],[-1.43352,40.21057],[-1.43668,40.21293],[-1.43714,40.21409],[-1.4369,40.21464],[-1.43781,40.21611],[-1.43843,40.21654],[-1.43932,40.2166],[-1.44061,40.21739],[-1.44114,40.21865],[-1.44199,40.21907],[-1.44283,40.219],[-1.4433,40.21948],[-1.44438,40.22017],[-1.44503,40.22028],[-1.44639,40.22104],[-1.44672,40.22174],[-1.4474,40.22216],[-1.4483,40.2231],[-1.44859,40.22435],[-1.44835,40.22505],[-1.44832,40.22672],[-1.44882,40.22826],[-1.44856,40.22902],[-1.44859,40.22965],[-1.44923,40.23067],[-1.45045,40.23124],[-1.45065,40.23176],[-1.4521,40.23371],[-1.45254,40.23508],[-1.45246,40.2358],[-1.4521,40.23661],[-1.45167,40.23695],[-1.45144,40.2379],[-1.44948,40.23971],[-1.45026,40.24031],[-1.45114,40.24063],[-1.45446,40.24135],[-1.45679,40.24263],[-1.45833,40.24276],[-1.45916,40.24253],[-1.46297,40.24236],[-1.46461,40.2425],[-1.46482,40.24266],[-1.46491,40.24376],[-1.46465,40.24466],[-1.46462,40.24551],[-1.46554,40.24964],[-1.46746,40.25176],[-1.46966,40.25475],[-1.46965,40.25517],[-1.46935,40.2556],[-1.46871,40.25581],[-1.46852,40.25611],[-1.4685,40.2564],[-1.46871,40.25649],[-1.46916,40.25762],[-1.46968,40.25822],[-1.4726,40.26071],[-1.47497,40.26234],[-1.47587,40.2633],[-1.47663,40.26374],[-1.47825,40.26424],[-1.4789,40.26489],[-1.47779,40.2656],[-1.47745,40.26612],[-1.47731,40.26674],[-1.47684,40.26725],[-1.47677,40.26809],[-1.47704,40.2683],[-1.47703,40.269],[-1.47674,40.26913],[-1.47644,40.26974],[-1.47639,40.2716],[-1.47584,40.27171],[-1.4753,40.27211],[-1.47481,40.27324],[-1.47435,40.27374],[-1.47421,40.27436],[-1.47385,40.27471],[-1.47291,40.27511],[-1.47022,40.27564],[-1.46932,40.27631],[-1.46895,40.27711],[-1.46881,40.27848],[-1.46858,40.27872],[-1.46938,40.27946],[-1.46941,40.27967],[-1.46869,40.28008],[-1.46839,40.28049],[-1.46703,40.28129],[-1.46658,40.28137],[-1.46147,40.28132],[-1.46005,40.28152],[-1.45852,40.28128],[-1.45559,40.28123],[-1.45558,40.28233],[-1.4561,40.2841],[-1.456,40.28449],[-1.4558,40.28461],[-1.4558,40.28546],[-1.45657,40.28701],[-1.45678,40.28882],[-1.45608,40.28964],[-1.45571,40.29045],[-1.45559,40.29123],[-1.45511,40.29195],[-1.45497,40.29257],[-1.45407,40.29437],[-1.45324,40.29509],[-1.45311,40.29566],[-1.45241,40.29613],[-1.4519,40.2971],[-1.45019,40.29871],[-1.4536,40.30138],[-1.45362,40.30209],[-1.45334,40.30282],[-1.45329,40.30485],[-1.45385,40.30629],[-1.45379,40.30713],[-1.45328,40.30814],[-1.4531,40.30905],[-1.45085,40.31081],[-1.45078,40.31165],[-1.45105,40.31272],[-1.45065,40.31368],[-1.44931,40.31453],[-1.44814,40.31566],[-1.44819,40.31661],[-1.44779,40.31692],[-1.4477,40.31739],[-1.4446,40.31823],[-1.44428,40.31815],[-1.44369,40.31761],[-1.44124,40.31707],[-1.44091,40.31765],[-1.43923,40.31893],[-1.43905,40.31984],[-1.4388,40.32011],[-1.43757,40.32097],[-1.43683,40.32115],[-1.4359,40.32178],[-1.43503,40.3227],[-1.43481,40.32322],[-1.43422,40.32389],[-1.43215,40.32547],[-1.43175,40.32564],[-1.43116,40.32536],[-1.42937,40.32577],[-1.42682,40.32758],[-1.42575,40.32782],[-1.42514,40.3287],[-1.42469,40.33],[-1.42402,40.33093],[-1.42285,40.33161],[-1.42189,40.33177],[-1.42156,40.33219],[-1.42139,40.33289],[-1.42108,40.33333],[-1.41978,40.33369],[-1.41885,40.3344],[-1.41855,40.33485],[-1.41815,40.33627],[-1.41805,40.33817],[-1.41771,40.33914],[-1.41718,40.34001],[-1.41709,40.34336],[-1.4165,40.34387],[-1.41646,40.34512],[-1.41516,40.34597],[-1.41432,40.34619],[-1.41268,40.34618],[-1.41124,40.34587],[-1.40966,40.34468],[-1.40915,40.34445],[-1.40883,40.34388],[-1.40827,40.34386],[-1.40824,40.34346],[-1.40807,40.34342],[-1.40796,40.34342],[-1.4079,40.34435],[-1.40753,40.34515],[-1.40625,40.34605],[-1.40394,40.34657],[-1.4023,40.34717],[-1.40056,40.34571],[-1.40005,40.34476],[-1.40024,40.34397],[-1.40006,40.34355],[-1.39997,40.34255],[-1.39949,40.34144],[-1.3995,40.33878],[-1.39865,40.33666],[-1.39688,40.33523],[-1.396,40.33477],[-1.39501,40.33451],[-1.39458,40.3337],[-1.39416,40.33339],[-1.39389,40.3327],[-1.39305,40.33245],[-1.39228,40.33257],[-1.39144,40.33238],[-1.3915,40.33123],[-1.39261,40.33025],[-1.39246,40.32954],[-1.393,40.32845],[-1.39269,40.328],[-1.39163,40.32751],[-1.39158,40.32516],[-1.39096,40.32456],[-1.3899,40.32406],[-1.38786,40.32383],[-1.38735,40.32391],[-1.38594,40.32349],[-1.38365,40.32221],[-1.38218,40.32183],[-1.38186,40.32154],[-1.3813,40.32137],[-1.38071,40.32062],[-1.38001,40.3204],[-1.37927,40.31962],[-1.37805,40.31918],[-1.37667,40.31891],[-1.37497,40.31883],[-1.37365,40.31848],[-1.37105,40.31863],[-1.37009,40.31887],[-1.36821,40.31967],[-1.36806,40.31933],[-1.36662,40.31826],[-1.36638,40.3177],[-1.36502,40.31612],[-1.36268,40.31596],[-1.36194,40.31558],[-1.36083,40.31547],[-1.36024,40.31525],[-1.3583,40.31305],[-1.3579,40.31281],[-1.3567,40.31268],[-1.35603,40.31229],[-1.35712,40.31101],[-1.35527,40.30966],[-1.3547,40.30876],[-1.3543,40.30671],[-1.3527,40.30529],[-1.3527,40.30306],[-1.35221,40.30218],[-1.352,40.30134],[-1.35292,40.30096],[-1.35358,40.30025],[-1.3537,40.2992],[-1.35319,40.29883],[-1.35305,40.29768],[-1.35208,40.29685],[-1.35163,40.29594],[-1.3512,40.29564],[-1.35091,40.2952],[-1.35091,40.29307],[-1.34912,40.29303],[-1.34704,40.29256],[-1.34645,40.29194],[-1.34548,40.29133],[-1.34438,40.29015],[-1.34316,40.28972],[-1.34248,40.2889],[-1.34014,40.28819],[-1.34012,40.28797],[-1.33956,40.28796],[-1.33843,40.28653],[-1.33846,40.28538],[-1.33892,40.28488],[-1.33908,40.28344],[-1.33828,40.28165],[-1.338,40.28045],[-1.338,40.2796],[-1.33609,40.27885],[-1.33596,40.27867],[-1.33338,40.278],[-1.33188,40.27836],[-1.32997,40.27841],[-1.32849,40.27895],[-1.32784,40.27803],[-1.3277,40.27734],[-1.32711,40.27636],[-1.32653,40.2759],[-1.32528,40.27559],[-1.32446,40.27562],[-1.32257,40.2761],[-1.3222,40.27643],[-1.3224,40.27708],[-1.32113,40.27798],[-1.31919,40.27796],[-1.31797,40.27713],[-1.31701,40.27686],[-1.31494,40.27695],[-1.314,40.27645],[-1.31243,40.27525],[-1.31145,40.27487],[-1.31051,40.27425],[-1.31043,40.27473],[-1.31008,40.2753],[-1.30893,40.27615],[-1.30819,40.27632],[-1.30642,40.2773],[-1.30472,40.27792],[-1.30373,40.27805],[-1.30274,40.2786],[-1.30384,40.27968],[-1.3055,40.28309],[-1.30502,40.28405],[-1.30522,40.28605],[-1.3057,40.28693],[-1.30583,40.28807],[-1.30654,40.28897],[-1.30657,40.29011],[-1.30685,40.29024],[-1.30685,40.29064],[-1.30555,40.29066],[-1.30312,40.29189],[-1.30164,40.29223],[-1.30149,40.29285],[-1.30164,40.29366],[-1.30067,40.29445],[-1.29985,40.29548],[-1.29949,40.29566],[-1.29562,40.2964],[-1.29527,40.29667],[-1.29494,40.29745],[-1.29226,40.29741],[-1.29119,40.2976],[-1.28932,40.29759],[-1.28744,40.29733],[-1.28227,40.29726],[-1.28184,40.29744],[-1.28019,40.29749],[-1.2797,40.29782],[-1.27853,40.29795],[-1.27696,40.29895],[-1.27495,40.29893],[-1.27402,40.29851],[-1.27291,40.29848],[-1.27183,40.29874],[-1.27116,40.29929],[-1.26966,40.29911],[-1.26783,40.29952],[-1.26772,40.29923],[-1.26739,40.29911],[-1.26675,40.29937],[-1.26644,40.29967],[-1.26555,40.29993],[-1.26417,40.29985],[-1.2639,40.29916],[-1.26362,40.29902],[-1.26149,40.29877],[-1.26035,40.29901],[-1.25984,40.30009],[-1.25988,40.30078],[-1.26029,40.30175],[-1.25998,40.3027],[-1.25938,40.30315],[-1.25812,40.30352],[-1.25764,40.30398],[-1.25639,40.30467],[-1.25488,40.305],[-1.2545,40.30524],[-1.25439,40.3063],[-1.25388,40.30681],[-1.25354,40.30754],[-1.25341,40.3087],[-1.2529,40.3092],[-1.25275,40.31019],[-1.25167,40.31089],[-1.2512,40.3118],[-1.25049,40.31261],[-1.25008,40.31366],[-1.24963,40.31344],[-1.24773,40.3134],[-1.24707,40.31318],[-1.24564,40.31334],[-1.24358,40.31246],[-1.24257,40.31281],[-1.24194,40.31275],[-1.24129,40.31305],[-1.2391,40.31304],[-1.23869,40.3129],[-1.23826,40.3122],[-1.23795,40.31198],[-1.23629,40.3121],[-1.23613,40.31229],[-1.23586,40.31212],[-1.23424,40.31185],[-1.23419,40.31315],[-1.23383,40.31396],[-1.2334,40.31439],[-1.23288,40.31536],[-1.23156,40.31623],[-1.23015,40.31847],[-1.22762,40.32036],[-1.22682,40.32118],[-1.22556,40.32148],[-1.22468,40.32193],[-1.22354,40.32401],[-1.22222,40.32502],[-1.2214,40.32644],[-1.2192,40.32813],[-1.21901,40.32904],[-1.21852,40.32961],[-1.21841,40.33054],[-1.21807,40.33128],[-1.21699,40.33244],[-1.2169,40.33365],[-1.21364,40.33357],[-1.21269,40.33299],[-1.21065,40.33237],[-1.21036,40.33183],[-1.20964,40.33108],[-1.20964,40.32994],[-1.20993,40.32951],[-1.20984,40.32913],[-1.20858,40.32829],[-1.20705,40.32686],[-1.20655,40.32686],[-1.20456,40.32626],[-1.20266,40.32649],[-1.20198,40.32687],[-1.2007,40.32665],[-1.19962,40.32668],[-1.19897,40.32771],[-1.19539,40.33038],[-1.19493,40.33058],[-1.19324,40.33066],[-1.19271,40.33116],[-1.19187,40.33159],[-1.19031,40.33103],[-1.18928,40.33099],[-1.18845,40.33128],[-1.18733,40.33225],[-1.18553,40.33205],[-1.1831,40.33287],[-1.18156,40.3327],[-1.18136,40.33284],[-1.1813,40.33332],[-1.18032,40.33352],[-1.17882,40.33337],[-1.17713,40.33343],[-1.17529,40.33301],[-1.17422,40.33389],[-1.17323,40.33392],[-1.17197,40.33448],[-1.16927,40.33493],[-1.16909,40.33438],[-1.1683,40.33367],[-1.16708,40.33295],[-1.16583,40.33267],[-1.16415,40.33261],[-1.16282,40.3328],[-1.16155,40.33261],[-1.1606,40.33315],[-1.16023,40.33313],[-1.15989,40.33263],[-1.1596,40.33166],[-1.15988,40.33096],[-1.15895,40.33093],[-1.1579,40.33043],[-1.15703,40.32921],[-1.15662,40.32828],[-1.15472,40.32659],[-1.15404,40.32693],[-1.15332,40.32688],[-1.15154,40.32762],[-1.15006,40.32772],[-1.14867,40.32868],[-1.14759,40.32916],[-1.14504,40.32901],[-1.14062,40.32921],[-1.13892,40.32899],[-1.13818,40.32867],[-1.13742,40.32884],[-1.13647,40.32953],[-1.13628,40.33066],[-1.13483,40.33213],[-1.13411,40.3338],[-1.13362,40.3335],[-1.13287,40.33354],[-1.13261,40.33449],[-1.13171,40.33516],[-1.13033,40.33521],[-1.12931,40.33499],[-1.12763,40.33536],[-1.12662,40.33515],[-1.12582,40.33519],[-1.12564,40.33542],[-1.12549,40.33641],[-1.12457,40.33705],[-1.12279,40.33739],[-1.12154,40.33794],[-1.1207,40.33787],[-1.12025,40.33838],[-1.11768,40.33845],[-1.11734,40.33874],[-1.11716,40.33942],[-1.11629,40.34034],[-1.11522,40.34071],[-1.11386,40.34185],[-1.11297,40.34196],[-1.11149,40.34249],[-1.11053,40.34265],[-1.10923,40.34353],[-1.10896,40.34406],[-1.10823,40.34403],[-1.1079,40.34351],[-1.10766,40.34345],[-1.10666,40.34401],[-1.10534,40.34407],[-1.10421,40.34435],[-1.10394,40.3446],[-1.10376,40.34544],[-1.1031,40.34569],[-1.10271,40.34639],[-1.10236,40.34741],[-1.10259,40.34817],[-1.1025,40.34865],[-1.10211,40.3489],[-1.1006,40.34921],[-1.09998,40.34988],[-1.09996,40.35035],[-1.1004,40.35098],[-1.10009,40.35209],[-1.09985,40.35226],[-1.09826,40.35205],[-1.0973,40.35242],[-1.09669,40.35239],[-1.09576,40.35184],[-1.09503,40.3517],[-1.09322,40.35096],[-1.09311,40.34945],[-1.09278,40.34908],[-1.09114,40.34834],[-1.08865,40.34826],[-1.08689,40.34796],[-1.08625,40.34738],[-1.08448,40.34678],[-1.08336,40.34601],[-1.08163,40.34639],[-1.08008,40.34718],[-1.07766,40.3472],[-1.07732,40.34746],[-1.0773,40.34785],[-1.07491,40.34762],[-1.0747,40.34779],[-1.07443,40.34864],[-1.07185,40.34893],[-1.07114,40.34919],[-1.07077,40.34955],[-1.06972,40.34939],[-1.06859,40.34968],[-1.06795,40.34933],[-1.06653,40.34897],[-1.06609,40.34857],[-1.06537,40.34854],[-1.06474,40.34829],[-1.06376,40.34763],[-1.06326,40.34815],[-1.06275,40.34912],[-1.06136,40.35021],[-1.06119,40.35133],[-1.05964,40.35161],[-1.05514,40.35154],[-1.05398,40.35195],[-1.0527,40.35173],[-1.05172,40.35282],[-1.04891,40.35379],[-1.04732,40.35513],[-1.04586,40.35524],[-1.04515,40.35546],[-1.04369,40.35645],[-1.0414,40.35739],[-1.04135,40.35804],[-1.04112,40.35808],[-1.04108,40.35828],[-1.04037,40.35887],[-1.03963,40.35913],[-1.03785,40.3587],[-1.03684,40.35866],[-1.03639,40.35875],[-1.03571,40.35932],[-1.03533,40.3591],[-1.03438,40.35904],[-1.03389,40.35864],[-1.03272,40.35817],[-1.0319,40.35834],[-1.03103,40.35811],[-1.02916,40.35722],[-1.0273,40.35692],[-1.02583,40.35709],[-1.023,40.3564],[-1.02087,40.35656],[-1.02018,40.35601],[-1.01954,40.35605],[-1.01861,40.3557],[-1.0175,40.35558],[-1.01603,40.35515],[-1.01376,40.35537],[-1.01249,40.35568],[-1.01018,40.35529],[-1.00879,40.35525],[-1.00792,40.35566],[-1.00403,40.35587],[-1.0036,40.35609],[-1.00311,40.35662],[-1.00186,40.35731],[-1.00076,40.35741],[-1.00023,40.3578],[-1.0,40.3578],[-0.9997,40.3576],[-0.99949,40.35699],[-0.99856,40.35656],[-0.99825,40.35613],[-0.9982,40.35566],[-0.99836,40.35512],[-0.99747,40.35457],[-0.99724,40.35401],[-0.99687,40.35362],[-0.99687,40.35332],[-0.99708,40.35302],[-0.99495,40.35385],[-0.99339,40.35307],[-0.99318,40.35265],[-0.99293,40.35255],[-0.9922,40.35312],[-0.9916,40.35333],[-0.99039,40.35343],[-0.98861,40.35408],[-0.98719,40.35487],[-0.98576,40.35424],[-0.98524,40.3542],[-0.9843,40.35458],[-0.9816,40.3546],[-0.98024,40.35498],[-0.98021,40.3554],[-0.97969,40.35544],[-0.97961,40.35565],[-0.97918,40.35555],[-0.97838,40.35502],[-0.97676,40.3545],[-0.97565,40.35466],[-0.97376,40.35464],[-0.97112,40.35605],[-0.97063,40.35681],[-0.96978,40.35744],[-0.96891,40.3577],[-0.96662,40.35767],[-0.96611,40.35708],[-0.9657,40.3557],[-0.96503,40.35509],[-0.964,40.35369],[-0.96202,40.35351],[-0.96091,40.35319],[-0.95892,40.35163],[-0.95822,40.35082],[-0.95691,40.35001],[-0.95556,40.34889],[-0.95581,40.3482],[-0.95647,40.34778],[-0.95678,40.34717],[-0.95801,40.34622],[-0.95812,40.3458],[-0.95798,40.34568],[-0.95745,40.34573],[-0.95705,40.34552],[-0.95621,40.34481],[-0.95514,40.34331],[-0.95344,40.3422],[-0.95271,40.342],[-0.95185,40.34134],[-0.95153,40.34101],[-0.95149,40.34048],[-0.95121,40.33996],[-0.95046,40.33924],[-0.95003,40.33809],[-0.94933,40.33741],[-0.94938,40.33695],[-0.95043,40.33608],[-0.95084,40.33449],[-0.95056,40.33439],[-0.95055,40.33419],[-0.9492,40.33296],[-0.94919,40.33251],[-0.9497,40.33194],[-0.94973,40.33123],[-0.9491,40.33041],[-0.9483,40.32972],[-0.95053,40.33013]]]}},{"type":"Feature","id":"9-0","properties":{"NomSistExp":"Cenia - Mijares","Subsistema":"Alto Mijares - Valbona","Superf km2":1431.31,"Area km2":1431.31,"id":"9-0"},"geometry":{"type":"Polygon","coordinates":[[[-0.847,39.93247],[-0.84944,39.93215],[-0.84999,39.93193],[-0.85042,39.93162],[-0.85168,39.92996],[-0.85254,39.92928],[-0.85349,39.92888],[-0.85418,39.92879],[-0.85473,39.92846],[-0.85599,39.92815],[-0.8597,39.92776],[-0.86251,39.92628],[-0.86582,39.92548],[-0.86684,39.92555],[-0.86838,39.92683],[-0.87059,39.92813],[-0.87142,39.92844],[-0.87247,39.92946],[-0.87294,39.93011],[-0.87307,39.93105],[-0.873,39.93168],[-0.87182,39.93444],[-0.87188,39.93496],[-0.8732,39.93608],[-0.87285,39.93719],[-0.87291,39.93761],[-0.87329,39.93814],[-0.8742,39.93877],[-0.87435,39.93914],[-0.87452,39.93971],[-0.87407,39.94142],[-0.8742,39.94187],[-0.87637,39.94324],[-0.87696,39.94379],[-0.87877,39.94458],[-0.88146,39.94548],[-0.8825,39.94597],[-0.88259,39.94619],[-0.88204,39.94663],[-0.88132,39.94669],[-0.88,39.94713],[-0.87706,39.94943],[-0.87619,39.95041],[-0.87592,39.95095],[-0.87633,39.95261],[-0.87604,39.9531],[-0.87606,39.95442],[-0.8764,39.95485],[-0.8768,39.9553],[-0.88082,39.95814],[-0.88354,39.95953],[-0.88571,39.96018],[-0.88624,39.96059],[-0.88665,39.96098],[-0.88687,39.96163],[-0.8871,39.96282],[-0.88701,39.96396],[-0.88728,39.9643],[-0.88795,39.96452],[-0.88909,39.96428],[-0.89289,39.96232],[-0.89462,39.96204],[-0.89552,39.9623],[-0.89942,39.96416],[-0.89999,39.96466],[-0.90008,39.96518],[-0.89893,39.96783],[-0.89823,39.97243],[-0.90033,39.97428],[-0.90249,39.97563],[-0.90327,39.97593],[-0.90415,39.97594],[-0.90616,39.97569],[-0.90907,39.97563],[-0.91118,39.97647],[-0.91249,39.97762],[-0.91288,39.97834],[-0.91324,39.9799],[-0.91331,39.98095],[-0.91294,39.98287],[-0.91316,39.98526],[-0.91341,39.98632],[-0.91409,39.98748],[-0.9159,39.98893],[-0.91614,39.98954],[-0.91587,39.99135],[-0.91559,39.99193],[-0.91455,39.99282],[-0.91365,39.99301],[-0.91235,39.99296],[-0.90899,39.99236],[-0.907,39.99235],[-0.90541,39.99281],[-0.90319,39.99382],[-0.90288,39.994],[-0.90276,39.99461],[-0.90438,39.99498],[-0.90567,39.99577],[-0.90626,39.99638],[-0.90796,39.99694],[-0.91029,39.99728],[-0.91101,39.99774],[-0.91206,39.99944],[-0.91249,39.99953],[-0.91305,39.9995],[-0.91523,39.99857],[-0.91661,39.99829],[-0.91871,39.9981],[-0.92158,39.99817],[-0.92391,39.99758],[-0.9251,39.99747],[-0.92753,39.9978],[-0.93075,39.99878],[-0.93311,39.99973],[-0.93459,40.00006],[-0.93779,39.99995],[-0.94217,39.99859],[-0.94462,39.9984],[-0.94834,39.99839],[-0.94943,39.99875],[-0.95161,39.99972],[-0.9522,40.0002],[-0.95286,40.00111],[-0.95361,40.0016],[-0.95729,40.00296],[-0.95942,40.00457],[-0.96413,40.00657],[-0.96493,40.00732],[-0.96546,40.00814],[-0.96786,40.0129],[-0.97063,40.015],[-0.97231,40.01656],[-0.97377,40.0185],[-0.97501,40.0195],[-0.97934,40.01902],[-0.98078,40.01921],[-0.98364,40.02031],[-0.98451,40.02039],[-0.98782,40.02162],[-0.98919,40.02277],[-0.98994,40.02311],[-0.99114,40.02396],[-0.99197,40.02478],[-0.99268,40.02647],[-0.99411,40.02791],[-0.99503,40.02912],[-0.99513,40.02946],[-0.99494,40.02971],[-0.99401,40.03017],[-0.99374,40.03087],[-0.99388,40.03171],[-0.9946,40.03356],[-0.99502,40.03407],[-1.00134,40.0367],[-1.00434,40.03753],[-1.00526,40.03808],[-1.0079,40.03839],[-1.01109,40.04028],[-1.01359,40.0408],[-1.01587,40.04091],[-1.01616,40.04144],[-1.01631,40.04262],[-1.01599,40.04428],[-1.01542,40.04501],[-1.0144,40.04574],[-1.01265,40.04749],[-1.01238,40.04812],[-1.01236,40.04939],[-1.01285,40.05013],[-1.01432,40.05136],[-1.01468,40.0524],[-1.01365,40.05514],[-1.01351,40.05605],[-1.01313,40.05685],[-1.0128,40.05838],[-1.01242,40.05898],[-1.01244,40.0595],[-1.01338,40.06112],[-1.01426,40.06325],[-1.01703,40.06496],[-1.01811,40.06462],[-1.01871,40.0647],[-1.02219,40.06547],[-1.02284,40.06584],[-1.0237,40.06732],[-1.0241,40.06763],[-1.02645,40.06845],[-1.02664,40.06885],[-1.02662,40.06937],[-1.02568,40.07126],[-1.02564,40.07179],[-1.02934,40.07246],[-1.03013,40.07273],[-1.03067,40.07354],[-1.03,40.07432],[-1.03017,40.07487],[-1.03206,40.07515],[-1.03305,40.07561],[-1.03375,40.07623],[-1.0341,40.07691],[-1.03365,40.07935],[-1.03378,40.08162],[-1.03425,40.08267],[-1.03481,40.0835],[-1.03497,40.08419],[-1.03479,40.085],[-1.03375,40.08837],[-1.03342,40.08875],[-1.03292,40.08899],[-1.03196,40.09067],[-1.0311,40.09169],[-1.02813,40.09405],[-1.02529,40.09743],[-1.02512,40.09859],[-1.02559,40.10036],[-1.0259,40.10094],[-1.02657,40.10391],[-1.02659,40.10471],[-1.02633,40.10492],[-1.02514,40.10522],[-1.02179,40.10685],[-1.01854,40.10915],[-1.01804,40.10984],[-1.01576,40.11123],[-1.01464,40.1126],[-1.01398,40.11289],[-1.01276,40.11306],[-1.01177,40.11356],[-1.01143,40.114],[-1.01104,40.11579],[-1.01113,40.11673],[-1.01206,40.11814],[-1.01207,40.11925],[-1.01183,40.11969],[-1.01128,40.12027],[-1.01029,40.12083],[-1.00781,40.12162],[-1.00669,40.12214],[-1.00534,40.12349],[-1.00526,40.12494],[-1.00622,40.12755],[-1.00602,40.12851],[-1.00463,40.1304],[-1.00362,40.13129],[-1.00228,40.13214],[-1.001,40.13271],[-0.99615,40.13289],[-0.99449,40.13326],[-0.99407,40.13367],[-0.99406,40.13414],[-0.99557,40.13623],[-0.99562,40.13675],[-0.99456,40.13901],[-0.99388,40.13944],[-0.9932,40.14028],[-0.99281,40.14166],[-0.99198,40.14225],[-0.9912,40.14334],[-0.99086,40.14467],[-0.99108,40.14552],[-0.99239,40.14659],[-0.9931,40.14697],[-0.99429,40.14809],[-0.9957,40.14984],[-0.99747,40.15109],[-0.99809,40.15127],[-0.9989,40.15117],[-0.99965,40.15083],[-1.00099,40.1498],[-1.00175,40.14952],[-1.00579,40.14927],[-1.00806,40.14922],[-1.00901,40.14937],[-1.01008,40.14976],[-1.01092,40.15043],[-1.01131,40.15119],[-1.01196,40.15342],[-1.01204,40.15438],[-1.01155,40.15754],[-1.01175,40.15909],[-1.01256,40.16191],[-1.01426,40.16482],[-1.01456,40.16604],[-1.01426,40.16685],[-1.0144,40.16828],[-1.0146,40.16936],[-1.01487,40.16991],[-1.01703,40.17199],[-1.01772,40.17308],[-1.01769,40.17423],[-1.01817,40.17529],[-1.0205,40.17709],[-1.02063,40.17864],[-1.02166,40.18],[-1.02254,40.18037],[-1.02783,40.18162],[-1.02833,40.18227],[-1.02828,40.18273],[-1.0273,40.18467],[-1.02577,40.18612],[-1.02515,40.18639],[-1.02278,40.18666],[-1.02012,40.18617],[-1.01853,40.18652],[-1.01733,40.1885],[-1.01614,40.19142],[-1.01598,40.19222],[-1.0164,40.19407],[-1.01625,40.19473],[-1.01581,40.19535],[-1.01337,40.19739],[-1.01279,40.19817],[-1.01194,40.19979],[-1.01192,40.20237],[-1.01041,40.20317],[-1.00928,40.20325],[-1.00828,40.20356],[-1.00696,40.20556],[-1.00611,40.20731],[-1.00525,40.20861],[-1.00479,40.20982],[-1.00515,40.21188],[-1.00686,40.21361],[-1.00831,40.21458],[-1.01093,40.21518],[-1.01199,40.2161],[-1.01214,40.21669],[-1.01167,40.2183],[-1.01124,40.21873],[-1.01021,40.21903],[-1.00964,40.21937],[-1.00929,40.22025],[-1.00986,40.222],[-1.00962,40.22276],[-1.00935,40.22312],[-1.00825,40.2237],[-1.00914,40.2253],[-1.01095,40.22741],[-1.01372,40.22885],[-1.01438,40.22941],[-1.01484,40.23015],[-1.01488,40.23087],[-1.0147,40.2316],[-1.01305,40.23438],[-1.01316,40.23897],[-1.01254,40.23996],[-1.01145,40.24115],[-1.01104,40.24217],[-1.00911,40.24504],[-1.00797,40.24619],[-1.00636,40.2469],[-1.00611,40.2473],[-1.00711,40.24787],[-1.00808,40.24803],[-1.00849,40.24848],[-1.00922,40.24946],[-1.00957,40.25056],[-1.01033,40.25204],[-1.01203,40.25359],[-1.01219,40.25424],[-1.0112,40.25505],[-1.00652,40.25659],[-1.00629,40.2556],[-1.00551,40.25375],[-1.00423,40.25265],[-1.00211,40.25213],[-0.99884,40.25196],[-0.99626,40.25209],[-0.99581,40.25243],[-0.99462,40.25405],[-0.9943,40.25521],[-0.99448,40.25636],[-0.99485,40.25738],[-0.99501,40.2586],[-0.99429,40.26007],[-0.99443,40.26059],[-0.995,40.26112],[-0.99564,40.26266],[-0.99481,40.26376],[-0.99414,40.26585],[-0.99323,40.26619],[-0.99038,40.26655],[-0.99004,40.26673],[-0.98815,40.26856],[-0.98722,40.27001],[-0.98535,40.27238],[-0.98487,40.27269],[-0.97962,40.2747],[-0.97876,40.27545],[-0.97797,40.27664],[-0.97469,40.27836],[-0.97291,40.28015],[-0.97195,40.28263],[-0.97131,40.2836],[-0.97002,40.2848],[-0.96931,40.28515],[-0.96711,40.28518],[-0.96546,40.28573],[-0.96415,40.28805],[-0.96109,40.29117],[-0.95655,40.29695],[-0.95316,40.29977],[-0.95294,40.30024],[-0.9533,40.30186],[-0.95344,40.30338],[-0.95381,40.30387],[-0.95529,40.30486],[-0.95593,40.30566],[-0.95677,40.3077],[-0.95918,40.30927],[-0.96002,40.30964],[-0.96085,40.3106],[-0.96133,40.31246],[-0.96107,40.3141],[-0.9603,40.31686],[-0.95967,40.31783],[-0.95727,40.32062],[-0.95652,40.32105],[-0.95548,40.32138],[-0.95417,40.32371],[-0.95209,40.32574],[-0.9516,40.32662],[-0.95159,40.32777],[-0.95229,40.32948],[-0.95223,40.32996],[-0.95171,40.33042],[-0.9483,40.32972],[-0.94768,40.32942],[-0.94632,40.3296],[-0.94303,40.32934],[-0.93951,40.32949],[-0.93787,40.33012],[-0.93743,40.33013],[-0.93753,40.33048],[-0.93819,40.33112],[-0.93849,40.33185],[-0.93823,40.33315],[-0.93865,40.33479],[-0.93765,40.33561],[-0.93654,40.33702],[-0.93513,40.3382],[-0.93507,40.33963],[-0.93479,40.34028],[-0.93474,40.34113],[-0.93486,40.34154],[-0.93603,40.34252],[-0.93629,40.34292],[-0.93745,40.34331],[-0.93761,40.34364],[-0.9364,40.34365],[-0.93476,40.34422],[-0.93157,40.34471],[-0.9305,40.34521],[-0.92835,40.34572],[-0.92593,40.3447],[-0.92474,40.34459],[-0.92377,40.34461],[-0.92255,40.34518],[-0.92217,40.34593],[-0.9217,40.3462],[-0.92004,40.34801],[-0.91911,40.34864],[-0.91842,40.34878],[-0.91772,40.34914],[-0.91768,40.35081],[-0.91818,40.35258],[-0.91816,40.35388],[-0.91705,40.3546],[-0.91624,40.35603],[-0.91475,40.35737],[-0.91242,40.35873],[-0.91001,40.36049],[-0.90996,40.36239],[-0.91015,40.36286],[-0.90991,40.36367],[-0.91027,40.36426],[-0.91155,40.36531],[-0.91162,40.36568],[-0.91156,40.36659],[-0.91121,40.36736],[-0.91056,40.36831],[-0.90976,40.36911],[-0.90978,40.36958],[-0.91054,40.37115],[-0.91025,40.3722],[-0.91019,40.37391],[-0.91054,40.37484],[-0.91175,40.37587],[-0.91198,40.37643],[-0.91238,40.37688],[-0.91271,40.37809],[-0.91256,40.37851],[-0.91159,40.37929],[-0.9111,40.38066],[-0.91082,40.3809],[-0.90877,40.38076],[-0.9079,40.38117],[-0.90768,40.38155],[-0.90776,40.38198],[-0.90731,40.38299],[-0.9075,40.38316],[-0.90919,40.38352],[-0.90997,40.38406],[-0.91116,40.38442],[-0.91211,40.38492],[-0.91396,40.38636],[-0.91531,40.38699],[-0.91622,40.38772],[-0.91651,40.38831],[-0.91841,40.38728],[-0.9188,40.38722],[-0.91999,40.38753],[-0.92056,40.38826],[-0.92062,40.38883],[-0.92035,40.38896],[-0.92059,40.38915],[-0.92059,40.39002],[-0.92087,40.39019],[-0.92088,40.39106],[-0.92108,40.39154],[-0.92019,40.39336],[-0.92053,40.39373],[-0.92124,40.3941],[-0.92219,40.39538],[-0.92107,40.39635],[-0.92088,40.39748],[-0.91983,40.39835],[-0.91947,40.39937],[-0.92072,40.4009],[-0.92019,40.40252],[-0.92019,40.40393],[-0.92071,40.40505],[-0.92064,40.40693],[-0.92038,40.40753],[-0.92032,40.40821],[-0.92093,40.40878],[-0.92306,40.40989],[-0.92305,40.41021],[-0.92368,40.41103],[-0.92375,40.41141],[-0.92221,40.41518],[-0.92241,40.41656],[-0.92179,40.41864],[-0.92168,40.42077],[-0.921,40.42249],[-0.92022,40.42341],[-0.92043,40.42488],[-0.92102,40.42572],[-0.92258,40.42643],[-0.92585,40.42638],[-0.92669,40.4274],[-0.92912,40.42839],[-0.92985,40.4292],[-0.9302,40.4299],[-0.93024,40.43053],[-0.92993,40.43127],[-0.92987,40.43215],[-0.92905,40.43344],[-0.92825,40.43401],[-0.92709,40.4344],[-0.92375,40.43467],[-0.92362,40.43489],[-0.92371,40.43592],[-0.9236,40.4364],[-0.92239,40.43758],[-0.92241,40.43843],[-0.92271,40.43869],[-0.9271,40.4411],[-0.92857,40.44209],[-0.92809,40.44316],[-0.92805,40.4455],[-0.92725,40.44837],[-0.92675,40.44929],[-0.92552,40.44967],[-0.92274,40.45018],[-0.92224,40.45046],[-0.92032,40.45064],[-0.91898,40.45097],[-0.91844,40.45138],[-0.91793,40.45125],[-0.91645,40.45146],[-0.91641,40.45173],[-0.91708,40.45235],[-0.91717,40.45264],[-0.91717,40.45669],[-0.91692,40.45714],[-0.91591,40.45752],[-0.91239,40.45808],[-0.91119,40.45854],[-0.91059,40.45899],[-0.90985,40.46024],[-0.90408,40.45469],[-0.90241,40.45352],[-0.90207,40.45295],[-0.90167,40.45272],[-0.9007,40.45253],[-0.89915,40.45112],[-0.89717,40.45102],[-0.89301,40.44957],[-0.89088,40.44838],[-0.8899,40.44825],[-0.8895,40.44862],[-0.889,40.44861],[-0.88884,40.44883],[-0.88877,40.44915],[-0.88898,40.44959],[-0.88847,40.4503],[-0.88614,40.45125],[-0.8855,40.45111],[-0.88467,40.45128],[-0.88393,40.45174],[-0.8832,40.45153],[-0.88214,40.4507],[-0.88097,40.45064],[-0.87692,40.45129],[-0.87432,40.45216],[-0.87187,40.45236],[-0.87057,40.45222],[-0.86848,40.45153],[-0.86723,40.45034],[-0.86656,40.45013],[-0.8631,40.45105],[-0.86133,40.45131],[-0.8575,40.45095],[-0.85689,40.45102],[-0.85655,40.45128],[-0.85552,40.45114],[-0.85425,40.45062],[-0.85244,40.45043],[-0.84795,40.45101],[-0.84514,40.45172],[-0.84425,40.45209],[-0.8435,40.45302],[-0.84346,40.45352],[-0.8424,40.45347],[-0.84197,40.45477],[-0.84214,40.45544],[-0.84188,40.45652],[-0.84205,40.45705],[-0.83851,40.45951],[-0.83765,40.45982],[-0.83707,40.46032],[-0.837,40.46065],[-0.8367,40.46094],[-0.83568,40.4605],[-0.83507,40.46045],[-0.83056,40.46124],[-0.82887,40.46079],[-0.82786,40.46079],[-0.82741,40.46098],[-0.8258,40.46005],[-0.8244,40.45901],[-0.82335,40.45907],[-0.82262,40.45885],[-0.8212,40.45784],[-0.82013,40.45764],[-0.81971,40.45814],[-0.8188,40.45852],[-0.81643,40.45846],[-0.81515,40.45888],[-0.81105,40.45815],[-0.81021,40.45757],[-0.80928,40.45728],[-0.80774,40.45776],[-0.80686,40.4583],[-0.80596,40.45855],[-0.80455,40.45857],[-0.80358,40.45881],[-0.8024,40.45934],[-0.80026,40.45944],[-0.79962,40.45927],[-0.79815,40.45968],[-0.79801,40.45934],[-0.79726,40.45871],[-0.79593,40.45828],[-0.79469,40.45721],[-0.79441,40.45723],[-0.79356,40.45769],[-0.79284,40.45842],[-0.79096,40.45897],[-0.79053,40.45928],[-0.7902,40.45988],[-0.79009,40.46142],[-0.78957,40.46243],[-0.78943,40.46343],[-0.78906,40.46434],[-0.78858,40.46396],[-0.78797,40.46386],[-0.78751,40.46407],[-0.78618,40.46585],[-0.78513,40.46671],[-0.78425,40.4667],[-0.78327,40.46639],[-0.7822,40.46542],[-0.77939,40.4655],[-0.7772,40.46525],[-0.7755,40.46452],[-0.77424,40.46374],[-0.774,40.46242],[-0.77321,40.46113],[-0.77292,40.45982],[-0.7737,40.45732],[-0.77352,40.45652],[-0.77286,40.45568],[-0.77175,40.45503],[-0.77149,40.45451],[-0.7704,40.4542],[-0.76983,40.45374],[-0.7692,40.45282],[-0.76918,40.45174],[-0.76888,40.45135],[-0.76819,40.45089],[-0.76733,40.45099],[-0.76604,40.44919],[-0.76503,40.44836],[-0.76248,40.44676],[-0.76118,40.44439],[-0.76086,40.44254],[-0.75967,40.43918],[-0.75849,40.43715],[-0.75707,40.43554],[-0.75641,40.43431],[-0.75437,40.43173],[-0.74627,40.42417],[-0.74528,40.42272],[-0.74353,40.42188],[-0.74093,40.41968],[-0.74075,40.4192],[-0.74087,40.41877],[-0.74174,40.41771],[-0.73947,40.41653],[-0.73866,40.41588],[-0.73722,40.41401],[-0.73347,40.41047],[-0.73204,40.40812],[-0.73097,40.40688],[-0.72996,40.40649],[-0.72718,40.4067],[-0.72636,40.40651],[-0.72573,40.40536],[-0.72254,40.40239],[-0.72145,40.40107],[-0.7212,40.39862],[-0.72091,40.39785],[-0.72056,40.39747],[-0.71771,40.39689],[-0.71314,40.39527],[-0.71146,40.39444],[-0.7102,40.39357],[-0.70869,40.3921],[-0.70764,40.39141],[-0.70542,40.39126],[-0.70368,40.39161],[-0.70214,40.39242],[-0.70145,40.39258],[-0.69843,40.39251],[-0.69545,40.39317],[-0.6949,40.39317],[-0.69415,40.3929],[-0.69312,40.39208],[-0.69233,40.39108],[-0.69197,40.39003],[-0.69147,40.38921],[-0.68947,40.38894],[-0.68868,40.38857],[-0.68597,40.38827],[-0.68245,40.38837],[-0.68196,40.38854],[-0.67867,40.38817],[-0.67409,40.38731],[-0.67167,40.38703],[-0.66974,40.38723],[-0.6686,40.38743],[-0.66781,40.38775],[-0.66649,40.38889],[-0.66503,40.38987],[-0.66424,40.39013],[-0.66373,40.39006],[-0.66249,40.39025],[-0.65951,40.39116],[-0.65744,40.39198],[-0.65619,40.3919],[-0.65372,40.39134],[-0.65234,40.39026],[-0.65088,40.38867],[-0.65029,40.38849],[-0.64974,40.38855],[-0.64833,40.38794],[-0.64672,40.38783],[-0.64596,40.38755],[-0.64346,40.38555],[-0.64159,40.38495],[-0.64063,40.38396],[-0.63956,40.38334],[-0.63927,40.38275],[-0.6386,40.38236],[-0.63711,40.38198],[-0.63529,40.38125],[-0.63396,40.38023],[-0.63177,40.38033],[-0.62807,40.37945],[-0.62751,40.37952],[-0.62702,40.37935],[-0.62704,40.37828],[-0.62657,40.37718],[-0.62629,40.37597],[-0.6263,40.37483],[-0.62645,40.37438],[-0.62757,40.37315],[-0.62882,40.37308],[-0.63,40.37337],[-0.63057,40.37392],[-0.63158,40.37446],[-0.63337,40.37475],[-0.63563,40.37472],[-0.63783,40.3735],[-0.63672,40.37244],[-0.63644,40.37191],[-0.63651,40.37151],[-0.63814,40.37027],[-0.63865,40.36953],[-0.63936,40.36894],[-0.63962,40.36838],[-0.6415,40.36696],[-0.64162,40.36613],[-0.64377,40.3647],[-0.6449,40.36463],[-0.64583,40.36482],[-0.64767,40.36463],[-0.64873,40.36428],[-0.65103,40.36429],[-0.65199,40.36409],[-0.65282,40.36291],[-0.653,40.36222],[-0.65334,40.36194],[-0.65543,40.36187],[-0.65877,40.3609],[-0.65956,40.36081],[-0.65997,40.36049],[-0.66231,40.35975],[-0.66387,40.35841],[-0.6641,40.35404],[-0.66378,40.35321],[-0.66335,40.35265],[-0.66347,40.35226],[-0.66334,40.35112],[-0.66359,40.35026],[-0.66329,40.34954],[-0.66288,40.34909],[-0.66261,40.34829],[-0.66368,40.34729],[-0.66384,40.34607],[-0.66422,40.34527],[-0.66526,40.34445],[-0.66589,40.34372],[-0.66599,40.34209],[-0.66576,40.34109],[-0.66626,40.33993],[-0.66611,40.33947],[-0.66611,40.33809],[-0.66588,40.33744],[-0.66592,40.33614],[-0.66633,40.3348],[-0.66681,40.33424],[-0.66669,40.33338],[-0.667,40.33272],[-0.6677,40.33211],[-0.66783,40.33176],[-0.66946,40.33242],[-0.67069,40.33236],[-0.67378,40.33328],[-0.67463,40.33385],[-0.67589,40.33424],[-0.67729,40.33529],[-0.67904,40.33599],[-0.6819,40.33683],[-0.68276,40.33738],[-0.68288,40.33727],[-0.68273,40.33683],[-0.68286,40.33656],[-0.68525,40.33531],[-0.68703,40.33508],[-0.69,40.33512],[-0.69145,40.33481],[-0.69158,40.33426],[-0.69081,40.3335],[-0.69022,40.33247],[-0.69112,40.33064],[-0.6906,40.33006],[-0.69039,40.32942],[-0.69048,40.32891],[-0.68926,40.32761],[-0.68907,40.32709],[-0.68867,40.32663],[-0.68853,40.32595],[-0.68742,40.32499],[-0.68708,40.3248],[-0.68609,40.32483],[-0.68362,40.32314],[-0.68214,40.32299],[-0.68009,40.32229],[-0.67869,40.32124],[-0.67735,40.3206],[-0.6765,40.31932],[-0.67643,40.31876],[-0.67575,40.31811],[-0.67529,40.31713],[-0.67332,40.31432],[-0.67251,40.31384],[-0.67027,40.31476],[-0.66906,40.31577],[-0.66887,40.31577],[-0.66734,40.31434],[-0.66641,40.31304],[-0.66505,40.31249],[-0.66232,40.31031],[-0.66106,40.30969],[-0.66058,40.30872],[-0.65964,40.30765],[-0.65947,40.30689],[-0.65893,40.3064],[-0.6567,40.30566],[-0.65583,40.30564],[-0.65519,40.30583],[-0.65451,40.30449],[-0.65375,40.30388],[-0.65269,40.30348],[-0.65239,40.30317],[-0.65207,40.30239],[-0.65182,40.30237],[-0.65173,40.30216],[-0.6512,40.30215],[-0.65059,40.30157],[-0.6498,40.30134],[-0.64827,40.29989],[-0.64594,40.29851],[-0.64411,40.29778],[-0.64323,40.29762],[-0.64265,40.2973],[-0.64147,40.29715],[-0.6409,40.29668],[-0.64078,40.29607],[-0.64055,40.29588],[-0.63882,40.29564],[-0.63766,40.29579],[-0.6327,40.29562],[-0.63155,40.2947],[-0.631,40.294],[-0.63086,40.29331],[-0.63057,40.29299],[-0.62925,40.29242],[-0.62796,40.29116],[-0.62635,40.29072],[-0.6259,40.28995],[-0.62529,40.2895],[-0.62476,40.28948],[-0.62416,40.28969],[-0.6229,40.29049],[-0.62163,40.29034],[-0.62092,40.29047],[-0.62074,40.28997],[-0.62085,40.28944],[-0.62374,40.28696],[-0.62389,40.28596],[-0.62444,40.28482],[-0.62447,40.28406],[-0.62428,40.28326],[-0.62464,40.28231],[-0.62534,40.28148],[-0.62465,40.28075],[-0.62464,40.2802],[-0.62572,40.27925],[-0.62599,40.27847],[-0.62823,40.27676],[-0.62821,40.27656],[-0.62766,40.2761],[-0.62636,40.27557],[-0.6246,40.27518],[-0.62382,40.27465],[-0.6231,40.27444],[-0.62242,40.27369],[-0.62157,40.27317],[-0.61959,40.27453],[-0.61881,40.27552],[-0.61793,40.27619],[-0.61691,40.27653],[-0.6158,40.27725],[-0.61313,40.27749],[-0.61115,40.27701],[-0.61013,40.27745],[-0.60761,40.27927],[-0.60733,40.27961],[-0.60719,40.2804],[-0.60687,40.28068],[-0.60647,40.28067],[-0.6057,40.28012],[-0.60533,40.28004],[-0.60401,40.28003],[-0.60323,40.28028],[-0.60199,40.28123],[-0.60192,40.28215],[-0.60215,40.28283],[-0.60206,40.28321],[-0.60186,40.28334],[-0.59897,40.28091],[-0.59557,40.2795],[-0.59467,40.27892],[-0.59361,40.27792],[-0.59336,40.27718],[-0.59411,40.27627],[-0.59448,40.27533],[-0.59454,40.27439],[-0.59442,40.27405],[-0.59373,40.27383],[-0.59272,40.2731],[-0.59116,40.27291],[-0.58954,40.27168],[-0.58767,40.27149],[-0.58738,40.27126],[-0.58698,40.27033],[-0.58644,40.26966],[-0.58569,40.26942],[-0.58436,40.26864],[-0.5824,40.2683],[-0.58233,40.26774],[-0.58159,40.26665],[-0.58197,40.26512],[-0.58238,40.2645],[-0.58421,40.26312],[-0.58417,40.26273],[-0.5827,40.26261],[-0.58043,40.26069],[-0.57888,40.26175],[-0.5778,40.26296],[-0.57732,40.26322],[-0.57423,40.26313],[-0.5736,40.26285],[-0.57314,40.2623],[-0.57256,40.26202],[-0.57173,40.26202],[-0.56998,40.26241],[-0.56887,40.26238],[-0.56792,40.26214],[-0.56796,40.26124],[-0.56703,40.25994],[-0.56607,40.2591],[-0.56559,40.25836],[-0.56491,40.25797],[-0.56106,40.25484],[-0.55946,40.25403],[-0.55782,40.25267],[-0.55741,40.25201],[-0.55666,40.25159],[-0.55526,40.25147],[-0.55366,40.25083],[-0.55089,40.25074],[-0.54883,40.25043],[-0.54759,40.24993],[-0.54664,40.24931],[-0.5467,40.24787],[-0.54688,40.24742],[-0.54677,40.24681],[-0.5478,40.24423],[-0.5485,40.24364],[-0.54872,40.24312],[-0.54935,40.24247],[-0.55039,40.24185],[-0.55109,40.24118],[-0.55233,40.24104],[-0.55389,40.2404],[-0.55365,40.23963],[-0.553,40.23895],[-0.55329,40.23742],[-0.55416,40.23618],[-0.55488,40.23578],[-0.55712,40.23557],[-0.55759,40.23517],[-0.56058,40.23397],[-0.56162,40.23317],[-0.56113,40.23214],[-0.56103,40.23128],[-0.5604,40.23048],[-0.55929,40.22983],[-0.55722,40.22922],[-0.55687,40.22896],[-0.55647,40.22758],[-0.55572,40.22628],[-0.55577,40.22383],[-0.55555,40.22303],[-0.55582,40.22209],[-0.55534,40.22013],[-0.55574,40.21917],[-0.55626,40.21866],[-0.55649,40.21762],[-0.55623,40.21715],[-0.55552,40.21648],[-0.55523,40.21573],[-0.55517,40.21449],[-0.55415,40.21208],[-0.55368,40.21199],[-0.55335,40.21172],[-0.55356,40.21113],[-0.55334,40.21017],[-0.55355,40.20923],[-0.55315,40.20825],[-0.55306,40.20717],[-0.55228,40.20604],[-0.55179,40.20573],[-0.55085,40.20557],[-0.54979,40.2042],[-0.55005,40.20313],[-0.54982,40.20247],[-0.54982,40.20101],[-0.54935,40.20036],[-0.54929,40.19996],[-0.54935,40.19883],[-0.54965,40.19786],[-0.54917,40.1972],[-0.54888,40.19645],[-0.54879,40.19567],[-0.54832,40.19501],[-0.54854,40.18845],[-0.54888,40.18796],[-0.54974,40.18763],[-0.54952,40.18609],[-0.54981,40.18528],[-0.54988,40.18379],[-0.54963,40.18271],[-0.5497,40.17985],[-0.54922,40.17765],[-0.54928,40.17706],[-0.5498,40.17593],[-0.54905,40.17529],[-0.54907,40.17391],[-0.54932,40.17321],[-0.54863,40.17203],[-0.54858,40.17169],[-0.54874,40.17106],[-0.54962,40.1709],[-0.55081,40.16988],[-0.55077,40.16935],[-0.55139,40.16824],[-0.55209,40.16763],[-0.55169,40.16716],[-0.5517,40.16623],[-0.55189,40.16573],[-0.55169,40.16448],[-0.55125,40.16364],[-0.55176,40.16295],[-0.5522,40.16024],[-0.55113,40.15925],[-0.55089,40.15882],[-0.55158,40.15813],[-0.5516,40.15783],[-0.55052,40.15694],[-0.54924,40.15632],[-0.54864,40.15486],[-0.54876,40.1546],[-0.54935,40.15447],[-0.55037,40.1539],[-0.55036,40.15371],[-0.54983,40.15341],[-0.54981,40.15321],[-0.55038,40.1528],[-0.55053,40.15051],[-0.55135,40.14939],[-0.55092,40.14882],[-0.5505,40.14775],[-0.54981,40.14743],[-0.54965,40.14653],[-0.54872,40.14589],[-0.5484,40.14517],[-0.54869,40.14453],[-0.5496,40.14363],[-0.55104,40.14332],[-0.55058,40.14257],[-0.55038,40.14177],[-0.54885,40.14067],[-0.54886,40.13886],[-0.54906,40.1382],[-0.54811,40.13671],[-0.54934,40.13593],[-0.55014,40.13565],[-0.55088,40.1356],[-0.55189,40.13514],[-0.55317,40.13378],[-0.55478,40.13247],[-0.55571,40.13191],[-0.55598,40.13135],[-0.55728,40.13009],[-0.55777,40.12933],[-0.55841,40.12892],[-0.56002,40.12838],[-0.5608,40.12739],[-0.5617,40.12673],[-0.56308,40.12668],[-0.56243,40.12607],[-0.56075,40.12593],[-0.56028,40.12558],[-0.55911,40.12541],[-0.55853,40.12495],[-0.55847,40.1245],[-0.55877,40.12375],[-0.5588,40.12253],[-0.55719,40.12103],[-0.55688,40.1199],[-0.55709,40.119],[-0.55681,40.11869],[-0.55576,40.11821],[-0.55456,40.11815],[-0.55316,40.11773],[-0.55127,40.11761],[-0.5507,40.11728],[-0.54973,40.11711],[-0.54907,40.11676],[-0.54978,40.11567],[-0.55085,40.11482],[-0.55118,40.1143],[-0.55121,40.11366],[-0.55043,40.11272],[-0.55071,40.11179],[-0.55065,40.11097],[-0.54935,40.11008],[-0.5487,40.10938],[-0.54766,40.10888],[-0.54736,40.1073],[-0.54742,40.10616],[-0.5479,40.10572],[-0.54814,40.10508],[-0.54901,40.10462],[-0.54971,40.10458],[-0.55071,40.10478],[-0.55179,40.10434],[-0.55241,40.10359],[-0.5526,40.10245],[-0.55342,40.10172],[-0.55255,40.10168],[-0.55147,40.10138],[-0.5509,40.10091],[-0.55047,40.10013],[-0.54888,40.09932],[-0.54699,40.09762],[-0.54524,40.09744],[-0.54434,40.09677],[-0.54422,40.09633],[-0.54429,40.0951],[-0.54477,40.09442],[-0.54436,40.09389],[-0.54428,40.0931],[-0.54383,40.09207],[-0.54383,40.0913],[-0.54438,40.08969],[-0.54501,40.08879],[-0.54521,40.08789],[-0.5467,40.08701],[-0.54771,40.08666],[-0.54796,40.08646],[-0.54793,40.08616],[-0.5481,40.086],[-0.54867,40.08596],[-0.54982,40.08514],[-0.55019,40.0845],[-0.55008,40.08369],[-0.55101,40.08295],[-0.55128,40.08239],[-0.55203,40.08175],[-0.55232,40.08129],[-0.55248,40.08043],[-0.55273,40.0802],[-0.55286,40.08014],[-0.55348,40.08051],[-0.55466,40.08068],[-0.55493,40.07971],[-0.55549,40.07932],[-0.55649,40.07897],[-0.55661,40.07814],[-0.55784,40.07838],[-0.5599,40.07844],[-0.56179,40.07818],[-0.56239,40.07774],[-0.56261,40.07722],[-0.56306,40.07679],[-0.5633,40.07635],[-0.56313,40.07602],[-0.56353,40.07588],[-0.56834,40.07612],[-0.56974,40.07535],[-0.57019,40.07527],[-0.57171,40.07636],[-0.57303,40.07679],[-0.5737,40.07754],[-0.57445,40.07795],[-0.57495,40.07848],[-0.57561,40.07874],[-0.5771,40.0788],[-0.57773,40.07966],[-0.58046,40.0814],[-0.58094,40.082],[-0.58188,40.08256],[-0.58242,40.08313],[-0.58444,40.08345],[-0.58485,40.08321],[-0.58487,40.08301],[-0.58538,40.08304],[-0.58649,40.08367],[-0.58841,40.08419],[-0.58917,40.08396],[-0.58974,40.08348],[-0.59004,40.08298],[-0.59142,40.08319],[-0.59267,40.08369],[-0.593,40.08398],[-0.59366,40.08582],[-0.59464,40.08672],[-0.59441,40.08757],[-0.59462,40.08835],[-0.59433,40.08906],[-0.59542,40.08915],[-0.59596,40.08941],[-0.59674,40.09017],[-0.5983,40.09034],[-0.60018,40.09135],[-0.60223,40.09085],[-0.6038,40.09169],[-0.60666,40.09224],[-0.60862,40.09229],[-0.60908,40.09251],[-0.61021,40.09263],[-0.61077,40.09304],[-0.61184,40.09431],[-0.61278,40.09515],[-0.61269,40.09566],[-0.6129,40.0963],[-0.61369,40.09735],[-0.61598,40.09726],[-0.61728,40.09853],[-0.61829,40.099],[-0.61912,40.09902],[-0.62008,40.09883],[-0.62199,40.09887],[-0.62524,40.0993],[-0.62677,40.09898],[-0.62825,40.09945],[-0.62915,40.09798],[-0.62928,40.09674],[-0.62959,40.09642],[-0.63111,40.09614],[-0.63369,40.09618],[-0.6349,40.09726],[-0.63652,40.09747],[-0.63747,40.09846],[-0.63871,40.09924],[-0.63939,40.10224],[-0.64048,40.10344],[-0.64112,40.10392],[-0.64233,40.10385],[-0.64444,40.10436],[-0.64525,40.105],[-0.64547,40.10552],[-0.64595,40.10589],[-0.64683,40.10568],[-0.64888,40.10594],[-0.65005,40.10575],[-0.65281,40.10581],[-0.65324,40.10591],[-0.65396,40.10663],[-0.65422,40.10668],[-0.65472,40.10652],[-0.65448,40.10587],[-0.65452,40.10552],[-0.65519,40.10412],[-0.65601,40.10317],[-0.65688,40.10276],[-0.65916,40.10271],[-0.66131,40.10172],[-0.6638,40.10193],[-0.66507,40.10148],[-0.66647,40.10053],[-0.66794,40.10042],[-0.66816,40.09989],[-0.66793,40.09892],[-0.6682,40.09846],[-0.66914,40.09869],[-0.67153,40.0988],[-0.67352,40.09968],[-0.67413,40.09966],[-0.6757,40.09921],[-0.6768,40.09825],[-0.67801,40.09761],[-0.67919,40.09727],[-0.67977,40.09649],[-0.68136,40.09554],[-0.68151,40.09513],[-0.68156,40.09355],[-0.68179,40.09365],[-0.68189,40.09418],[-0.68337,40.09509],[-0.68613,40.095],[-0.68705,40.09565],[-0.68855,40.09569],[-0.68995,40.09471],[-0.68987,40.09426],[-0.69005,40.09356],[-0.68979,40.09281],[-0.69236,40.09109],[-0.6929,40.09093],[-0.69397,40.09108],[-0.69523,40.09089],[-0.69681,40.09113],[-0.69767,40.09077],[-0.69925,40.09052],[-0.70045,40.09057],[-0.70225,40.09102],[-0.70325,40.09098],[-0.70386,40.09055],[-0.7044,40.08959],[-0.70587,40.0887],[-0.70719,40.08829],[-0.7081,40.08718],[-0.70824,40.08594],[-0.70868,40.08556],[-0.71002,40.08536],[-0.7116,40.08599],[-0.71246,40.08606],[-0.71546,40.08609],[-0.71655,40.08573],[-0.71749,40.086],[-0.7189,40.08704],[-0.72072,40.08698],[-0.72212,40.08754],[-0.72384,40.08798],[-0.72426,40.08675],[-0.7244,40.08575],[-0.72476,40.08502],[-0.72519,40.08458],[-0.72534,40.08397],[-0.72598,40.08324],[-0.7269,40.0826],[-0.73025,40.0816],[-0.73262,40.08019],[-0.7338,40.08003],[-0.73494,40.08032],[-0.73551,40.07962],[-0.73674,40.07922],[-0.7373,40.07868],[-0.73816,40.07829],[-0.73996,40.07798],[-0.74056,40.07769],[-0.74119,40.078],[-0.74151,40.07799],[-0.74273,40.07714],[-0.74516,40.07499],[-0.74746,40.07525],[-0.74852,40.07507],[-0.75032,40.07504],[-0.7515,40.07483],[-0.75269,40.07442],[-0.75305,40.07415],[-0.75331,40.07366],[-0.75375,40.07357],[-0.75563,40.07388],[-0.75656,40.07448],[-0.75766,40.0746],[-0.75831,40.07517],[-0.75885,40.07535],[-0.75917,40.07565],[-0.75966,40.07572],[-0.762,40.0757],[-0.7627,40.07515],[-0.76414,40.07503],[-0.76479,40.07407],[-0.76733,40.07363],[-0.77098,40.0737],[-0.77279,40.07413],[-0.77409,40.07424],[-0.77482,40.07466],[-0.7752,40.07459],[-0.77555,40.07366],[-0.77618,40.07376],[-0.77655,40.07365],[-0.77691,40.07291],[-0.77703,40.0719],[-0.77735,40.07147],[-0.77873,40.07093],[-0.77898,40.07037],[-0.77885,40.06917],[-0.77941,40.068],[-0.7793,40.06694],[-0.77958,40.06648],[-0.78019,40.06605],[-0.78177,40.06571],[-0.78245,40.06525],[-0.78318,40.0643],[-0.78394,40.06367],[-0.78454,40.06277],[-0.78473,40.06209],[-0.78599,40.06111],[-0.78634,40.06062],[-0.78653,40.05948],[-0.78706,40.05861],[-0.78695,40.05736],[-0.78855,40.0557],[-0.78878,40.05502],[-0.78896,40.05488],[-0.78882,40.05447],[-0.78791,40.05367],[-0.78756,40.05291],[-0.78766,40.05246],[-0.78894,40.05122],[-0.78894,40.0507],[-0.79119,40.05004],[-0.79147,40.04966],[-0.79154,40.04838],[-0.79189,40.04787],[-0.79258,40.04748],[-0.7931,40.04691],[-0.79445,40.04615],[-0.79525,40.04541],[-0.79679,40.04527],[-0.79858,40.04463],[-0.79938,40.04413],[-0.80035,40.04398],[-0.80214,40.04313],[-0.80335,40.04225],[-0.80413,40.04103],[-0.80773,40.0384],[-0.80822,40.03815],[-0.80943,40.03816],[-0.80948,40.03731],[-0.80977,40.03651],[-0.80955,40.03549],[-0.81003,40.03443],[-0.80943,40.0328],[-0.81055,40.03128],[-0.81193,40.0307],[-0.81251,40.03026],[-0.81241,40.02962],[-0.81271,40.02889],[-0.81376,40.0278],[-0.81398,40.02706],[-0.81485,40.02574],[-0.81542,40.02568],[-0.8165,40.02608],[-0.81744,40.02593],[-0.81941,40.02597],[-0.82107,40.02647],[-0.82212,40.02748],[-0.82285,40.02789],[-0.8237,40.02956],[-0.82387,40.03023],[-0.82549,40.03058],[-0.82635,40.02912],[-0.82619,40.0281],[-0.82685,40.02668],[-0.82842,40.02417],[-0.82948,40.02286],[-0.83086,40.02022],[-0.83159,40.02011],[-0.8331,40.02055],[-0.83363,40.02053],[-0.83452,40.02012],[-0.8354,40.01933],[-0.83758,40.01887],[-0.83826,40.01826],[-0.83928,40.0177],[-0.83941,40.01699],[-0.83934,40.01582],[-0.83915,40.01552],[-0.83862,40.01549],[-0.83824,40.01508],[-0.83799,40.01503],[-0.83931,40.0125],[-0.84091,40.01186],[-0.84161,40.01107],[-0.8416,40.01052],[-0.84115,40.00978],[-0.84095,40.00894],[-0.84126,40.00845],[-0.84087,40.00783],[-0.8413,40.00595],[-0.84228,40.00526],[-0.84525,40.00475],[-0.84713,40.00341],[-0.84775,40.00284],[-0.84777,40.00263],[-0.84805,40.00259],[-0.84806,40.00239],[-0.8478,40.00236],[-0.84772,40.00218],[-0.84723,40.00214],[-0.84719,40.00193],[-0.84577,40.00148],[-0.84017,40.00131],[-0.83895,40.00027],[-0.83614,39.9997],[-0.83617,39.99795],[-0.8356,39.99643],[-0.8352,39.99612],[-0.83395,39.99594],[-0.83387,39.99498],[-0.83319,39.99322],[-0.83288,39.99172],[-0.83433,39.98984],[-0.83453,39.98847],[-0.83492,39.98795],[-0.8366,39.98711],[-0.83731,39.98703],[-0.83819,39.9865],[-0.83998,39.98618],[-0.84085,39.98557],[-0.84099,39.98492],[-0.84076,39.98406],[-0.84116,39.98275],[-0.84247,39.98163],[-0.84365,39.9813],[-0.84484,39.98039],[-0.84496,39.98003],[-0.84469,39.97959],[-0.84471,39.97845],[-0.84491,39.97812],[-0.84615,39.97709],[-0.84621,39.97675],[-0.8461,39.97649],[-0.84546,39.97603],[-0.84468,39.97567],[-0.84361,39.97547],[-0.8426,39.97495],[-0.83987,39.97295],[-0.83849,39.97163],[-0.83972,39.97105],[-0.84051,39.97039],[-0.8426,39.96795],[-0.84247,39.96758],[-0.84062,39.96705],[-0.83873,39.96581],[-0.8378,39.96439],[-0.8366,39.96329],[-0.8349,39.96213],[-0.83311,39.96131],[-0.83246,39.96063],[-0.83209,39.95975],[-0.83237,39.95778],[-0.83332,39.95765],[-0.83448,39.95674],[-0.83431,39.95532],[-0.83455,39.9543],[-0.83487,39.95358],[-0.83588,39.95274],[-0.83686,39.95223],[-0.83722,39.95234],[-0.83784,39.95214],[-0.83871,39.95169],[-0.83897,39.95132],[-0.84493,39.94958],[-0.84643,39.94881],[-0.84641,39.94802],[-0.84582,39.94661],[-0.84493,39.94576],[-0.84265,39.94414],[-0.84231,39.94304],[-0.84334,39.94043],[-0.84349,39.93927],[-0.84305,39.93755],[-0.84414,39.93659],[-0.84551,39.93585],[-0.84576,39.93539],[-0.8458,39.93473],[-0.84622,39.93352],[-0.847,39.93247]]]}},{"type":"Feature","id":"10-0","properties":{"NomSistExp":"Turia","Subsistema":"Bajo Turia - l'Horta","Superf km2":2342.75,"Area km2":2342.75,"id":"10-0"},"geometry":{"type":"Polygon","coordinates":[[[-0.84667,39.93295],[-0.84622,39.93352],[-0.8458,39.93473],[-0.84576,39.93539],[-0.84551,39.93585],[-0.84414,39.93659],[-0.84305,39.93755],[-0.84219,39.93712],[-0.83871,39.93444],[-0.8375,39.93397],[-0.83486,39.93352],[-0.8335,39.93292],[-0.83161,39.93146],[-0.83145,39.93125],[-0.83175,39.93026],[-0.83323,39.92651],[-0.83378,39.9255],[-0.8343,39.9247],[-0.83585,39.9236],[-0.83608,39.92323],[-0.83593,39.92171],[-0.83487,39.92064],[-0.83376,39.91881],[-0.83248,39.91439],[-0.83264,39.91354],[-0.83315,39.91278],[-0.83507,39.91149],[-0.83547,39.91093],[-0.83505,39.91062],[-0.83428,39.9104],[-0.83114,39.91027],[-0.83035,39.91044],[-0.82905,39.9101],[-0.8285,39.90938],[-0.82867,39.90762],[-0.82835,39.90578],[-0.82799,39.90451],[-0.82736,39.90384],[-0.82526,39.90179],[-0.8247,39.90158],[-0.82135,39.90171],[-0.82025,39.90123],[-0.81991,39.90069],[-0.81992,39.89949],[-0.82021,39.89859],[-0.82108,39.89772],[-0.82108,39.89745],[-0.82098,39.89716],[-0.81993,39.89639],[-0.81974,39.89605],[-0.81908,39.89592],[-0.81483,39.89715],[-0.81429,39.89721],[-0.81371,39.89707],[-0.81258,39.89636],[-0.81116,39.89613],[-0.81041,39.89573],[-0.80854,39.89439],[-0.80686,39.89283],[-0.80478,39.89247],[-0.80313,39.89179],[-0.80147,39.88982],[-0.80155,39.88917],[-0.80262,39.88687],[-0.80292,39.88529],[-0.80278,39.88462],[-0.80223,39.88337],[-0.8004,39.88127],[-0.79969,39.88073],[-0.79909,39.87991],[-0.79877,39.87788],[-0.7969,39.87684],[-0.79459,39.87646],[-0.79387,39.87606],[-0.79332,39.87508],[-0.79309,39.87398],[-0.79218,39.8733],[-0.79132,39.87309],[-0.78957,39.87199],[-0.7878,39.8701],[-0.78719,39.86993],[-0.7858,39.87003],[-0.784,39.86968],[-0.7816,39.86862],[-0.77995,39.86752],[-0.77849,39.86683],[-0.77704,39.86673],[-0.77549,39.86709],[-0.77499,39.86737],[-0.77433,39.86922],[-0.77377,39.86972],[-0.77208,39.87045],[-0.77063,39.87039],[-0.76718,39.87081],[-0.7642,39.87061],[-0.76051,39.86962],[-0.75953,39.86912],[-0.75832,39.86835],[-0.75699,39.86714],[-0.75596,39.86579],[-0.75573,39.86376],[-0.75586,39.86268],[-0.75639,39.86107],[-0.75632,39.85981],[-0.75678,39.85827],[-0.75661,39.85752],[-0.75608,39.85696],[-0.7529,39.8563],[-0.75114,39.85641],[-0.7494,39.85619],[-0.74887,39.85569],[-0.74866,39.85494],[-0.74905,39.85359],[-0.74941,39.85309],[-0.74937,39.85262],[-0.74724,39.85156],[-0.74586,39.84993],[-0.74305,39.84902],[-0.74008,39.8487],[-0.73959,39.84833],[-0.73912,39.84791],[-0.73867,39.84696],[-0.73754,39.84383],[-0.73491,39.84202],[-0.73439,39.84184],[-0.73356,39.84191],[-0.73325,39.84173],[-0.73179,39.83827],[-0.72841,39.83636],[-0.72686,39.83357],[-0.72646,39.83313],[-0.72458,39.83191],[-0.72389,39.83167],[-0.72142,39.83163],[-0.72037,39.83066],[-0.71926,39.82905],[-0.71731,39.82828],[-0.7156,39.82821],[-0.71515,39.82831],[-0.71496,39.82855],[-0.71508,39.82927],[-0.71491,39.82946],[-0.71388,39.82972],[-0.71317,39.83017],[-0.71234,39.83023],[-0.71139,39.82997],[-0.71105,39.82962],[-0.71051,39.82635],[-0.70951,39.82574],[-0.70858,39.82478],[-0.7074,39.82457],[-0.70572,39.8248],[-0.70433,39.82534],[-0.70321,39.82619],[-0.70269,39.827],[-0.703,39.82853],[-0.70302,39.82975],[-0.70271,39.83075],[-0.70196,39.83122],[-0.70138,39.83195],[-0.70108,39.83269],[-0.70011,39.83385],[-0.69726,39.83571],[-0.69619,39.83692],[-0.6959,39.83864],[-0.69565,39.84278],[-0.69515,39.84362],[-0.69315,39.8452],[-0.68888,39.84752],[-0.6882,39.84754],[-0.68307,39.84617],[-0.68214,39.84572],[-0.68098,39.84453],[-0.68051,39.84369],[-0.68025,39.84308],[-0.68007,39.84161],[-0.67981,39.84116],[-0.67785,39.83931],[-0.67579,39.83823],[-0.67499,39.83761],[-0.67396,39.83643],[-0.67364,39.83577],[-0.67384,39.8347],[-0.67371,39.83365],[-0.67385,39.83308],[-0.67574,39.83123],[-0.67833,39.82944],[-0.67855,39.82856],[-0.67846,39.82785],[-0.67792,39.82716],[-0.67703,39.82667],[-0.67403,39.82602],[-0.67279,39.8252],[-0.67123,39.82328],[-0.6687,39.82209],[-0.66678,39.82173],[-0.66542,39.8211],[-0.66451,39.82],[-0.66439,39.81821],[-0.66392,39.81742],[-0.66293,39.81755],[-0.66157,39.81858],[-0.66077,39.81893],[-0.66,39.81918],[-0.65855,39.81913],[-0.65566,39.8203],[-0.65004,39.82076],[-0.64925,39.8206],[-0.64854,39.82022],[-0.64618,39.81755],[-0.64608,39.81699],[-0.64572,39.81651],[-0.64519,39.81619],[-0.64461,39.81628],[-0.64364,39.81656],[-0.64263,39.81709],[-0.64185,39.81774],[-0.64102,39.81872],[-0.64036,39.81986],[-0.63884,39.82139],[-0.6373,39.82165],[-0.6352,39.82153],[-0.63266,39.8206],[-0.63129,39.82131],[-0.62822,39.82232],[-0.62755,39.82296],[-0.62713,39.82466],[-0.62713,39.82618],[-0.62409,39.82825],[-0.624,39.82878],[-0.62453,39.82973],[-0.61887,39.82762],[-0.61643,39.82741],[-0.6147,39.82753],[-0.61423,39.82792],[-0.61298,39.83016],[-0.6121,39.83099],[-0.60989,39.8303],[-0.60831,39.82912],[-0.60761,39.82883],[-0.60677,39.82777],[-0.6057,39.82704],[-0.60558,39.82675],[-0.60725,39.8254],[-0.60726,39.82496],[-0.60631,39.8241],[-0.60636,39.82328],[-0.60596,39.82275],[-0.60468,39.82218],[-0.60279,39.82175],[-0.60184,39.82115],[-0.60094,39.81993],[-0.60285,39.81628],[-0.60353,39.81546],[-0.60286,39.81358],[-0.60344,39.81203],[-0.60469,39.81008],[-0.60455,39.80987],[-0.60028,39.80909],[-0.59959,39.80831],[-0.59924,39.8064],[-0.59743,39.80585],[-0.59594,39.80476],[-0.59363,39.80427],[-0.59227,39.80356],[-0.59201,39.80237],[-0.59173,39.80187],[-0.59135,39.80141],[-0.5899,39.80064],[-0.58945,39.80026],[-0.58936,39.79991],[-0.58986,39.7992],[-0.59089,39.79876],[-0.59087,39.79809],[-0.59129,39.79701],[-0.59114,39.79654],[-0.59073,39.79617],[-0.5898,39.79575],[-0.58936,39.79531],[-0.58901,39.79409],[-0.58897,39.7933],[-0.58693,39.79152],[-0.58651,39.78886],[-0.58473,39.788],[-0.58436,39.78745],[-0.58335,39.785],[-0.58233,39.78388],[-0.58164,39.78338],[-0.57931,39.78318],[-0.57795,39.78342],[-0.57684,39.78382],[-0.57592,39.78523],[-0.57581,39.78702],[-0.5756,39.78794],[-0.57377,39.78974],[-0.57262,39.7903],[-0.5723,39.79115],[-0.57084,39.79207],[-0.56893,39.79297],[-0.56792,39.79321],[-0.56502,39.79304],[-0.5607,39.79116],[-0.5593,39.79109],[-0.5578,39.79169],[-0.55577,39.79305],[-0.55292,39.79403],[-0.55232,39.79455],[-0.55108,39.79518],[-0.54936,39.7956],[-0.54859,39.79614],[-0.54838,39.79674],[-0.54847,39.79776],[-0.54793,39.80018],[-0.54716,39.80068],[-0.54622,39.80067],[-0.54228,39.79969],[-0.53801,39.79915],[-0.53736,39.79886],[-0.53586,39.79755],[-0.53542,39.79734],[-0.53223,39.79688],[-0.53155,39.79658],[-0.53096,39.79611],[-0.53042,39.79509],[-0.53048,39.79464],[-0.53023,39.79415],[-0.52965,39.79373],[-0.52951,39.79328],[-0.52948,39.79199],[-0.5261,39.79096],[-0.52577,39.79051],[-0.52463,39.79001],[-0.52346,39.78925],[-0.52309,39.78875],[-0.52309,39.78815],[-0.52335,39.78764],[-0.52341,39.78707],[-0.52344,39.7864],[-0.52321,39.78548],[-0.5222,39.78471],[-0.51917,39.78309],[-0.51804,39.78187],[-0.51352,39.77876],[-0.51324,39.77837],[-0.5135,39.77749],[-0.51418,39.77692],[-0.5141,39.77587],[-0.51125,39.77388],[-0.51101,39.77252],[-0.50953,39.77122],[-0.50918,39.76927],[-0.50709,39.76079],[-0.5071,39.75909],[-0.50594,39.758],[-0.5052,39.75759],[-0.50212,39.75678],[-0.4999,39.75562],[-0.49865,39.75482],[-0.49765,39.75384],[-0.49672,39.75336],[-0.49624,39.75288],[-0.49826,39.75296],[-0.49959,39.75208],[-0.50009,39.75033],[-0.49947,39.74843],[-0.49905,39.74801],[-0.49897,39.74751],[-0.49363,39.74421],[-0.49307,39.74326],[-0.49331,39.74194],[-0.4932,39.74113],[-0.49276,39.74074],[-0.49203,39.74053],[-0.49096,39.74048],[-0.4899,39.74068],[-0.48911,39.74053],[-0.48748,39.7395],[-0.48629,39.73841],[-0.48513,39.7379],[-0.4846,39.73743],[-0.48292,39.73686],[-0.47876,39.73636],[-0.47656,39.73632],[-0.47431,39.73597],[-0.47271,39.7356],[-0.47003,39.73441],[-0.46926,39.73371],[-0.46803,39.73179],[-0.46771,39.73083],[-0.46768,39.72789],[-0.46675,39.72456],[-0.4666,39.72154],[-0.46625,39.72114],[-0.46258,39.71888],[-0.46286,39.71808],[-0.46298,39.71688],[-0.46257,39.71602],[-0.46178,39.71532],[-0.45927,39.71478],[-0.45849,39.7149],[-0.45614,39.71461],[-0.45479,39.71465],[-0.45238,39.71551],[-0.45014,39.71677],[-0.44908,39.71702],[-0.44813,39.71696],[-0.44713,39.71661],[-0.44638,39.71662],[-0.44584,39.71679],[-0.44511,39.71738],[-0.44472,39.71735],[-0.44343,39.71645],[-0.44167,39.71596],[-0.4415,39.71572],[-0.44196,39.71438],[-0.44191,39.71381],[-0.44089,39.71259],[-0.44055,39.71006],[-0.43971,39.70912],[-0.43908,39.70889],[-0.43449,39.71014],[-0.43036,39.70979],[-0.42958,39.70928],[-0.42854,39.70732],[-0.42625,39.70434],[-0.42516,39.70394],[-0.42154,39.70412],[-0.41743,39.70291],[-0.41686,39.70257],[-0.41585,39.70137],[-0.41551,39.70066],[-0.41409,39.70005],[-0.41339,39.69939],[-0.41304,39.69837],[-0.41267,39.69814],[-0.41202,39.69826],[-0.40966,39.69941],[-0.40655,39.70121],[-0.40429,39.70105],[-0.40361,39.70076],[-0.40266,39.69992],[-0.40232,39.69922],[-0.40161,39.69912],[-0.40018,39.69937],[-0.39965,39.6991],[-0.39763,39.6971],[-0.39542,39.69614],[-0.39471,39.69613],[-0.3921,39.69725],[-0.38942,39.69751],[-0.38676,39.69824],[-0.38585,39.69813],[-0.38527,39.69775],[-0.38532,39.69698],[-0.3865,39.69526],[-0.38663,39.69466],[-0.38636,39.69397],[-0.38553,39.69317],[-0.384,39.69225],[-0.38648,39.691],[-0.38843,39.68962],[-0.38873,39.68835],[-0.38874,39.68757],[-0.38845,39.68726],[-0.3872,39.68662],[-0.38703,39.68589],[-0.38742,39.68535],[-0.3879,39.6851],[-0.38936,39.68375],[-0.38961,39.68208],[-0.38897,39.6819],[-0.38858,39.68154],[-0.38759,39.67954],[-0.38759,39.67735],[-0.38345,39.67315],[-0.38241,39.67258],[-0.38018,39.67181],[-0.3767,39.67115],[-0.37553,39.67123],[-0.37424,39.67169],[-0.37353,39.67148],[-0.37316,39.67112],[-0.37138,39.67089],[-0.37097,39.67065],[-0.37075,39.67024],[-0.37067,39.66946],[-0.36974,39.6688],[-0.36775,39.66876],[-0.36492,39.66829],[-0.36421,39.66792],[-0.36319,39.6669],[-0.36158,39.66637],[-0.36066,39.6664],[-0.36003,39.66619],[-0.35904,39.66541],[-0.35691,39.66421],[-0.35678,39.66381],[-0.35689,39.66262],[-0.35763,39.66076],[-0.35778,39.65963],[-0.35737,39.65875],[-0.35721,39.65766],[-0.35699,39.65723],[-0.3564,39.65673],[-0.35532,39.65629],[-0.35405,39.65638],[-0.35338,39.65622],[-0.35217,39.65542],[-0.35095,39.65424],[-0.34869,39.65337],[-0.34794,39.65246],[-0.34636,39.65108],[-0.34507,39.65018],[-0.34418,39.64983],[-0.34406,39.64962],[-0.33411,39.65288],[-0.33311,39.6527],[-0.33213,39.65168],[-0.3296,39.64998],[-0.32895,39.64999],[-0.32714,39.65042],[-0.32605,39.65026],[-0.32481,39.64874],[-0.32418,39.64825],[-0.3232,39.64787],[-0.3219,39.64683],[-0.32134,39.64622],[-0.32119,39.64565],[-0.3196,39.64512],[-0.31795,39.6449],[-0.3176,39.64445],[-0.31758,39.6433],[-0.31789,39.6429],[-0.31808,39.64224],[-0.3183,39.64062],[-0.31766,39.63942],[-0.31767,39.63705],[-0.3175,39.63662],[-0.31697,39.63617],[-0.31601,39.63485],[-0.31462,39.63352],[-0.30977,39.63207],[-0.30577,39.63121],[-0.30331,39.63161],[-0.30246,39.63105],[-0.29928,39.62954],[-0.29604,39.62916],[-0.29129,39.62638],[-0.28925,39.62543],[-0.26804,39.61399],[-0.26561,39.61488],[-0.2609,39.61596],[-0.25986,39.6166],[-0.25922,39.61662],[-0.25791,39.61622],[-0.25858,39.61518],[-0.2599,39.61442],[-0.2615,39.61252],[-0.26649,39.60379],[-0.26756,39.59958],[-0.26816,39.59611],[-0.26806,39.59592],[-0.26668,39.59553],[-0.26653,39.59535],[-0.26803,39.59576],[-0.26869,39.59477],[-0.2687,39.59425],[-0.2668,39.59385],[-0.26918,39.5941],[-0.27018,39.59247],[-0.27032,39.59168],[-0.26998,39.59146],[-0.2703,39.5914],[-0.27033,39.59118],[-0.26953,39.591],[-0.27035,39.59101],[-0.27086,39.5902],[-0.27126,39.58897],[-0.27177,39.58606],[-0.27169,39.58536],[-0.27084,39.58511],[-0.27181,39.58516],[-0.27207,39.58487],[-0.27263,39.5831],[-0.27255,39.58266],[-0.27239,39.58262],[-0.27276,39.58247],[-0.2733,39.58072],[-0.27335,39.58017],[-0.27269,39.57994],[-0.27344,39.57993],[-0.27363,39.57977],[-0.27438,39.57796],[-0.27468,39.57679],[-0.27467,39.57571],[-0.27311,39.57504],[-0.27357,39.57499],[-0.27372,39.5752],[-0.27443,39.57534],[-0.27509,39.57489],[-0.27563,39.57406],[-0.27594,39.57301],[-0.27495,39.57254],[-0.27612,39.57287],[-0.27685,39.57215],[-0.2774,39.57096],[-0.27608,39.57043],[-0.27737,39.57078],[-0.27777,39.57068],[-0.2786,39.56979],[-0.27896,39.5688],[-0.27807,39.56834],[-0.27913,39.56865],[-0.27949,39.56856],[-0.28033,39.5676],[-0.28057,39.56705],[-0.28046,39.56677],[-0.28056,39.5665],[-0.28095,39.56623],[-0.2804,39.56593],[-0.28097,39.56595],[-0.28119,39.56574],[-0.28188,39.56419],[-0.28094,39.56272],[-0.28341,39.55985],[-0.28335,39.55815],[-0.28359,39.55823],[-0.28376,39.55979],[-0.28172,39.56229],[-0.28188,39.56236],[-0.28156,39.56292],[-0.28193,39.56347],[-0.2822,39.56342],[-0.28185,39.56355],[-0.28199,39.56376],[-0.28252,39.56354],[-0.28205,39.56382],[-0.28247,39.56397],[-0.28292,39.5635],[-0.28242,39.56316],[-0.28294,39.56341],[-0.2831,39.56322],[-0.28208,39.56274],[-0.28315,39.56317],[-0.28332,39.56298],[-0.28229,39.56249],[-0.28238,39.56241],[-0.28335,39.56292],[-0.2835,39.56272],[-0.28248,39.56222],[-0.28355,39.56267],[-0.28372,39.56246],[-0.28271,39.56198],[-0.28376,39.56243],[-0.28392,39.56222],[-0.28292,39.56169],[-0.28399,39.56213],[-0.28416,39.56192],[-0.28315,39.56144],[-0.2842,39.56189],[-0.28457,39.56144],[-0.28355,39.56093],[-0.28364,39.56085],[-0.28462,39.56138],[-0.2848,39.56117],[-0.28377,39.5607],[-0.28385,39.56061],[-0.28482,39.56112],[-0.28504,39.56087],[-0.28398,39.56034],[-0.28414,39.5602],[-0.28484,39.56033],[-0.28583,39.55945],[-0.28435,39.55856],[-0.28525,39.5588],[-0.28647,39.55781],[-0.28701,39.55675],[-0.28629,39.55615],[-0.28739,39.55672],[-0.28805,39.55655],[-0.28845,39.55621],[-0.28943,39.55481],[-0.2884,39.55407],[-0.2897,39.55476],[-0.29001,39.55466],[-0.29125,39.55371],[-0.29182,39.55277],[-0.29077,39.55204],[-0.29202,39.55264],[-0.2931,39.55199],[-0.29363,39.55141],[-0.29393,39.55021],[-0.29215,39.54899],[-0.29165,39.54916],[-0.2918,39.54896],[-0.29199,39.54882],[-0.29224,39.5489],[-0.29455,39.5503],[-0.29499,39.55029],[-0.29594,39.54968],[-0.2972,39.54838],[-0.29756,39.54792],[-0.29772,39.54734],[-0.30078,39.54362],[-0.30781,39.53557],[-0.31089,39.53039],[-0.31107,39.53037],[-0.31167,39.5295],[-0.31437,39.52534],[-0.31518,39.5243],[-0.31572,39.52387],[-0.31634,39.52219],[-0.31662,39.52184],[-0.31864,39.51465],[-0.31901,39.51204],[-0.31892,39.51104],[-0.31878,39.51086],[-0.31802,39.51081],[-0.31774,39.51062],[-0.31761,39.50998],[-0.31783,39.5101],[-0.31793,39.51055],[-0.32107,39.51109],[-0.32124,39.51121],[-0.32099,39.51224],[-0.32153,39.51231],[-0.3216,39.51205],[-0.32135,39.51201],[-0.32151,39.51124],[-0.32208,39.51113],[-0.32201,39.51146],[-0.32232,39.5115],[-0.32246,39.51098],[-0.32195,39.5109],[-0.32207,39.51041],[-0.32287,39.51052],[-0.32299,39.51004],[-0.32267,39.51],[-0.32262,39.51029],[-0.3221,39.51023],[-0.32219,39.5099],[-0.32329,39.5093],[-0.32305,39.509],[-0.32282,39.50903],[-0.32286,39.50929],[-0.32235,39.50948],[-0.32224,39.50876],[-0.32197,39.5088],[-0.3221,39.50951],[-0.3219,39.50952],[-0.32184,39.51009],[-0.32081,39.51066],[-0.31839,39.51021],[-0.3194,39.51036],[-0.31987,39.50985],[-0.32054,39.50871],[-0.32086,39.50784],[-0.32077,39.50725],[-0.31976,39.50701],[-0.32081,39.50715],[-0.3212,39.50681],[-0.32159,39.50593],[-0.32162,39.50481],[-0.32033,39.50453],[-0.32157,39.50471],[-0.32192,39.50431],[-0.32239,39.50311],[-0.32241,39.50223],[-0.32265,39.50201],[-0.32253,39.50156],[-0.32269,39.5007],[-0.32321,39.50009],[-0.32326,39.4952],[-0.32359,39.49208],[-0.32337,39.49078],[-0.32346,39.48989],[-0.32321,39.48681],[-0.3232,39.48428],[-0.32265,39.47575],[-0.32226,39.47255],[-0.32213,39.46987],[-0.32121,39.46304],[-0.32014,39.46304],[-0.31973,39.46281],[-0.31888,39.46196],[-0.31851,39.46135],[-0.32148,39.46147],[-0.32253,39.46135],[-0.32504,39.46023],[-0.3252,39.46046],[-0.32458,39.4607],[-0.32515,39.46148],[-0.32534,39.46135],[-0.32525,39.4615],[-0.32554,39.46159],[-0.32569,39.46137],[-0.326,39.46143],[-0.32583,39.46168],[-0.32599,39.46194],[-0.32634,39.46196],[-0.32637,39.46177],[-0.32854,39.46192],[-0.32858,39.46169],[-0.3296,39.46148],[-0.32976,39.46159],[-0.33016,39.46129],[-0.33134,39.46022],[-0.33107,39.46007],[-0.33111,39.45991],[-0.33142,39.45979],[-0.33054,39.45883],[-0.33079,39.45869],[-0.32999,39.45771],[-0.33022,39.45759],[-0.32966,39.45692],[-0.32797,39.45596],[-0.3264,39.45747],[-0.32572,39.45748],[-0.32553,39.45698],[-0.32694,39.45559],[-0.32677,39.45549],[-0.32683,39.45535],[-0.32282,39.45399],[-0.32312,39.45339],[-0.32389,39.4534],[-0.32417,39.45305],[-0.32409,39.45292],[-0.32543,39.4531],[-0.32563,39.45251],[-0.32601,39.45261],[-0.32631,39.45195],[-0.32348,39.45103],[-0.32359,39.45079],[-0.32055,39.44984],[-0.32138,39.44835],[-0.32162,39.44842],[-0.32148,39.44867],[-0.32531,39.44988],[-0.32544,39.44964],[-0.32566,39.4496],[-0.32511,39.44625],[-0.32444,39.446],[-0.32448,39.4459],[-0.31868,39.44405],[-0.3187,39.44341],[-0.31664,39.44346],[-0.3166,39.44319],[-0.31891,39.44318],[-0.3197,39.44182],[-0.32081,39.44097],[-0.32076,39.44083],[-0.32208,39.43912],[-0.32684,39.44065],[-0.32754,39.44075],[-0.32832,39.44043],[-0.32934,39.43957],[-0.33023,39.43742],[-0.33106,39.4376],[-0.33153,39.4359],[-0.33145,39.43425],[-0.33159,39.43395],[-0.32952,39.43341],[-0.32903,39.43435],[-0.32942,39.43447],[-0.32928,39.43482],[-0.32883,39.43467],[-0.32889,39.43451],[-0.31488,39.43007],[-0.31475,39.4304],[-0.31441,39.43039],[-0.31427,39.43064],[-0.31411,39.43058],[-0.31438,39.43026],[-0.31404,39.43016],[-0.31178,39.43255],[-0.31264,39.43319],[-0.31254,39.4334],[-0.31427,39.4347],[-0.31395,39.435],[-0.30932,39.43138],[-0.30898,39.43087],[-0.30898,39.43005],[-0.31261,39.42318],[-0.31333,39.4228],[-0.31526,39.42298],[-0.32351,39.42568],[-0.32408,39.4257],[-0.32429,39.42516],[-0.32465,39.42524],[-0.32423,39.42602],[-0.32438,39.42627],[-0.32899,39.42777],[-0.32937,39.42775],[-0.3294,39.42735],[-0.32965,39.42732],[-0.32989,39.43055],[-0.33073,39.43108],[-0.33272,39.43184],[-0.33326,39.43167],[-0.3328,39.43149],[-0.33269,39.43011],[-0.33233,39.4301],[-0.33226,39.43065],[-0.33227,39.4301],[-0.33187,39.43009],[-0.33188,39.43065],[-0.33182,39.43009],[-0.33123,39.4301],[-0.33119,39.43066],[-0.33118,39.43011],[-0.33055,39.4301],[-0.33049,39.42994],[-0.33168,39.42988],[-0.33285,39.42936],[-0.33278,39.42828],[-0.33248,39.42827],[-0.33251,39.42908],[-0.33241,39.42828],[-0.3321,39.42829],[-0.33214,39.42926],[-0.33204,39.42829],[-0.33166,39.4283],[-0.33165,39.42946],[-0.3316,39.4283],[-0.33116,39.4283],[-0.33123,39.4295],[-0.33111,39.42832],[-0.33047,39.42832],[-0.33052,39.42952],[-0.3304,39.42833],[-0.33025,39.42825],[-0.33037,39.42824],[-0.3303,39.42676],[-0.33044,39.42823],[-0.33096,39.42823],[-0.33096,39.42674],[-0.33102,39.42823],[-0.33154,39.42821],[-0.33154,39.42679],[-0.3316,39.42821],[-0.33197,39.4282],[-0.33199,39.42694],[-0.33204,39.4282],[-0.33236,39.4282],[-0.33231,39.42703],[-0.33243,39.42818],[-0.3327,39.42816],[-0.33271,39.42691],[-0.33041,39.42609],[-0.3297,39.42662],[-0.32949,39.42654],[-0.32951,39.42598],[-0.32673,39.42567],[-0.32687,39.42544],[-0.3308,39.42602],[-0.33265,39.42669],[-0.33316,39.42647],[-0.33561,39.42723],[-0.33571,39.42702],[-0.33211,39.4257],[-0.33197,39.42552],[-0.33281,39.42574],[-0.33373,39.42571],[-0.33941,39.42763],[-0.34016,39.42638],[-0.33376,39.42388],[-0.33422,39.42379],[-0.33434,39.42324],[-0.33373,39.42235],[-0.33271,39.42221],[-0.33263,39.4227],[-0.33252,39.42264],[-0.33265,39.42155],[-0.33283,39.42189],[-0.3332,39.42178],[-0.33344,39.42141],[-0.33336,39.41892],[-0.33363,39.41804],[-0.33361,39.41675],[-0.33332,39.4163],[-0.3329,39.41635],[-0.33311,39.41619],[-0.33311,39.4146],[-0.33251,39.41337],[-0.33205,39.41317],[-0.33227,39.41314],[-0.33237,39.41238],[-0.33206,39.40984],[-0.33169,39.40888],[-0.33051,39.40409],[-0.32862,39.39869],[-0.32705,39.3922],[-0.32565,39.38731],[-0.32337,39.38113],[-0.32104,39.37344],[-0.3189,39.36865],[-0.31562,39.35935],[-0.31232,39.35137],[-0.32378,39.34858],[-0.32678,39.34992],[-0.33055,39.35209],[-0.33506,39.35519],[-0.33932,39.35842],[-0.34229,39.3617],[-0.34326,39.36359],[-0.34473,39.36592],[-0.34708,39.36871],[-0.35515,39.3758],[-0.35762,39.37924],[-0.36006,39.3834],[-0.36382,39.39243],[-0.36549,39.39464],[-0.36619,39.39531],[-0.36726,39.39611],[-0.36895,39.39706],[-0.37254,39.39878],[-0.37644,39.39876],[-0.38418,39.39966],[-0.38573,39.39998],[-0.39018,39.40137],[-0.39295,39.4017],[-0.39552,39.40237],[-0.39986,39.40291],[-0.40513,39.40288],[-0.40784,39.40346],[-0.41108,39.4045],[-0.41043,39.40532],[-0.40935,39.40609],[-0.40896,39.407],[-0.4089,39.40817],[-0.40911,39.40912],[-0.40861,39.40987],[-0.4074,39.41104],[-0.40445,39.41267],[-0.40589,39.41426],[-0.40671,39.41688],[-0.40746,39.41809],[-0.40815,39.41891],[-0.40985,39.41997],[-0.41241,39.42236],[-0.4127,39.42426],[-0.41233,39.42596],[-0.41261,39.42672],[-0.41344,39.42754],[-0.41601,39.42855],[-0.41715,39.42931],[-0.42068,39.43361],[-0.42273,39.43496],[-0.42547,39.43566],[-0.4293,39.43562],[-0.43113,39.43602],[-0.43344,39.43679],[-0.43692,39.43692],[-0.43981,39.43751],[-0.44385,39.43897],[-0.44827,39.44101],[-0.45104,39.44094],[-0.45166,39.44171],[-0.45206,39.44265],[-0.45423,39.44556],[-0.45452,39.44658],[-0.45722,39.45058],[-0.45785,39.45288],[-0.45794,39.45403],[-0.45754,39.45468],[-0.45394,39.45654],[-0.45455,39.4583],[-0.4559,39.45854],[-0.45747,39.45965],[-0.45832,39.46073],[-0.45952,39.46184],[-0.46032,39.4623],[-0.4605,39.46298],[-0.46026,39.4651],[-0.47004,39.46553],[-0.47183,39.46647],[-0.47413,39.46804],[-0.47505,39.46968],[-0.47726,39.47138],[-0.4781,39.47236],[-0.47908,39.47304],[-0.48148,39.47382],[-0.48605,39.47486],[-0.49744,39.47192],[-0.49408,39.45736],[-0.49806,39.45127],[-0.50305,39.44494],[-0.50993,39.44052],[-0.50902,39.43638],[-0.50905,39.43413],[-0.5094,39.43203],[-0.50922,39.43108],[-0.50355,39.42803],[-0.49188,39.43081],[-0.48755,39.42737],[-0.48832,39.42646],[-0.48959,39.42401],[-0.49008,39.42349],[-0.49017,39.42284],[-0.49002,39.42136],[-0.48835,39.42015],[-0.48855,39.41904],[-0.49089,39.41654],[-0.49145,39.41528],[-0.49238,39.41408],[-0.49261,39.41285],[-0.49293,39.41221],[-0.49401,39.41125],[-0.49426,39.41083],[-0.49481,39.40894],[-0.49645,39.40502],[-0.49706,39.40454],[-0.49871,39.40401],[-0.50354,39.40411],[-0.50654,39.40342],[-0.50719,39.40279],[-0.50773,39.40134],[-0.50812,39.40075],[-0.50969,39.39909],[-0.51081,39.39714],[-0.51184,39.39622],[-0.51458,39.39436],[-0.516,39.39373],[-0.51827,39.39323],[-0.5193,39.39266],[-0.51993,39.39114],[-0.52032,39.39075],[-0.52235,39.39055],[-0.52479,39.39064],[-0.52569,39.39049],[-0.5278,39.38925],[-0.53195,39.38715],[-0.53727,39.38494],[-0.53948,39.38433],[-0.54124,39.38355],[-0.54307,39.38184],[-0.54391,39.38152],[-0.54681,39.38099],[-0.54818,39.38109],[-0.54861,39.38148],[-0.55005,39.38378],[-0.5507,39.38411],[-0.55213,39.38353],[-0.55326,39.38351],[-0.55375,39.38367],[-0.55441,39.38358],[-0.55781,39.38274],[-0.55962,39.38273],[-0.56028,39.38337],[-0.56112,39.38358],[-0.56162,39.38343],[-0.56214,39.38265],[-0.56434,39.38144],[-0.5656,39.38159],[-0.56738,39.38276],[-0.56811,39.38296],[-0.56892,39.38294],[-0.57015,39.38237],[-0.57074,39.38135],[-0.57135,39.38086],[-0.5718,39.38085],[-0.57371,39.38178],[-0.57504,39.38177],[-0.57545,39.38151],[-0.57754,39.381],[-0.58028,39.37959],[-0.58057,39.37979],[-0.58368,39.38006],[-0.59055,39.38017],[-0.59212,39.38093],[-0.59259,39.38086],[-0.59322,39.38047],[-0.59695,39.38042],[-0.59713,39.38029],[-0.59776,39.38075],[-0.59921,39.38113],[-0.59985,39.3815],[-0.60075,39.38155],[-0.60366,39.38064],[-0.60504,39.37993],[-0.60632,39.37958],[-0.60895,39.37804],[-0.60999,39.37678],[-0.61225,39.37648],[-0.6141,39.37673],[-0.6161,39.37774],[-0.61704,39.37841],[-0.61804,39.37934],[-0.61813,39.38009],[-0.61926,39.38123],[-0.62143,39.38297],[-0.6216,39.38331],[-0.62142,39.3839],[-0.62175,39.38438],[-0.62269,39.3842],[-0.62366,39.38374],[-0.62568,39.38331],[-0.62658,39.38329],[-0.62745,39.38346],[-0.63043,39.38354],[-0.63097,39.3845],[-0.63114,39.38457],[-0.63225,39.38414],[-0.63235,39.38383],[-0.63223,39.38343],[-0.63257,39.3834],[-0.63296,39.38311],[-0.63365,39.38203],[-0.63467,39.3812],[-0.63798,39.38109],[-0.63994,39.38059],[-0.64145,39.37946],[-0.64408,39.37638],[-0.64498,39.37629],[-0.64433,39.37605],[-0.64459,39.37568],[-0.64415,39.37558],[-0.64367,39.37513],[-0.64162,39.37429],[-0.64179,39.37353],[-0.64259,39.37253],[-0.64258,39.37219],[-0.64209,39.37146],[-0.64213,39.37089],[-0.64243,39.37057],[-0.64355,39.3705],[-0.64458,39.37072],[-0.64582,39.37055],[-0.65285,39.37069],[-0.65832,39.37192],[-0.65833,39.37285],[-0.65879,39.37343],[-0.65891,39.37456],[-0.66058,39.37662],[-0.66123,39.37703],[-0.66153,39.37746],[-0.66162,39.37929],[-0.66231,39.37996],[-0.66275,39.38087],[-0.66315,39.38118],[-0.6633,39.38209],[-0.66397,39.38277],[-0.66405,39.38422],[-0.6645,39.3848],[-0.66477,39.38548],[-0.66487,39.38655],[-0.66671,39.38726],[-0.66777,39.38823],[-0.66881,39.38859],[-0.6693,39.39009],[-0.66902,39.39075],[-0.66901,39.39175],[-0.66947,39.39255],[-0.66991,39.39398],[-0.6708,39.39443],[-0.67361,39.39501],[-0.67698,39.39466],[-0.67947,39.39486],[-0.68001,39.39514],[-0.68007,39.39529],[-0.67988,39.39546],[-0.67903,39.39587],[-0.67875,39.39624],[-0.67905,39.39726],[-0.6796,39.39796],[-0.68006,39.39825],[-0.68025,39.39912],[-0.68087,39.39979],[-0.68389,39.402],[-0.68458,39.40228],[-0.68554,39.40302],[-0.68618,39.40321],[-0.68674,39.40376],[-0.68829,39.40428],[-0.68958,39.40426],[-0.69141,39.40367],[-0.692,39.40374],[-0.6933,39.40428],[-0.69423,39.40422],[-0.69626,39.40597],[-0.69794,39.4061],[-0.69954,39.40667],[-0.70047,39.40646],[-0.70186,39.4068],[-0.70431,39.40668],[-0.70468,39.40717],[-0.70474,39.40776],[-0.7054,39.40816],[-0.70612,39.40825],[-0.70695,39.40819],[-0.70788,39.40755],[-0.70814,39.4073],[-0.70826,39.40678],[-0.70872,39.40611],[-0.70919,39.40591],[-0.71122,39.40608],[-0.71389,39.40486],[-0.71991,39.40351],[-0.72178,39.40343],[-0.72397,39.40391],[-0.7253,39.40444],[-0.72639,39.40436],[-0.72674,39.40527],[-0.72619,39.40613],[-0.72509,39.40915],[-0.7243,39.41032],[-0.72364,39.4107],[-0.72357,39.41093],[-0.7241,39.41207],[-0.72437,39.41232],[-0.72568,39.41253],[-0.72681,39.41354],[-0.72838,39.41366],[-0.72889,39.41398],[-0.72918,39.4146],[-0.72915,39.41594],[-0.72859,39.41735],[-0.72934,39.41905],[-0.73207,39.41911],[-0.73295,39.41938],[-0.73363,39.41998],[-0.73392,39.42095],[-0.73479,39.42094],[-0.73526,39.42072],[-0.73731,39.42047],[-0.73891,39.42054],[-0.74315,39.41847],[-0.74364,39.41864],[-0.74413,39.41857],[-0.74498,39.41771],[-0.74834,39.41583],[-0.74976,39.41525],[-0.75097,39.41529],[-0.75162,39.4155],[-0.75199,39.41583],[-0.75278,39.41605],[-0.75518,39.41589],[-0.7563,39.41624],[-0.75653,39.41657],[-0.75708,39.41682],[-0.75821,39.41692],[-0.75877,39.41718],[-0.7593,39.41761],[-0.75947,39.41899],[-0.75929,39.41983],[-0.75941,39.42045],[-0.75913,39.42274],[-0.7585,39.42509],[-0.75837,39.42647],[-0.75775,39.42697],[-0.75607,39.42772],[-0.75741,39.42823],[-0.75801,39.42867],[-0.75854,39.42915],[-0.7593,39.43035],[-0.76169,39.43057],[-0.76277,39.43145],[-0.76322,39.43222],[-0.76459,39.43246],[-0.76657,39.43418],[-0.76752,39.43443],[-0.76861,39.4339],[-0.76937,39.43321],[-0.76967,39.43317],[-0.77191,39.43467],[-0.7726,39.43494],[-0.77389,39.43595],[-0.77701,39.4375],[-0.77723,39.438],[-0.77819,39.43864],[-0.77878,39.43867],[-0.77923,39.43832],[-0.78178,39.4395],[-0.78519,39.44045],[-0.78779,39.44045],[-0.78919,39.44022],[-0.78989,39.44039],[-0.79157,39.44116],[-0.79399,39.4418],[-0.79408,39.44206],[-0.79518,39.44277],[-0.797,39.44363],[-0.79869,39.44467],[-0.79974,39.44494],[-0.80225,39.44501],[-0.80413,39.44531],[-0.80649,39.44616],[-0.80738,39.4463],[-0.80802,39.44669],[-0.80887,39.44635],[-0.81012,39.44395],[-0.81096,39.44307],[-0.81132,39.44225],[-0.81176,39.44249],[-0.81259,39.44333],[-0.81382,39.44383],[-0.81502,39.44389],[-0.8164,39.44348],[-0.8173,39.44355],[-0.81792,39.44379],[-0.81873,39.44444],[-0.81922,39.44525],[-0.82042,39.44665],[-0.82188,39.44725],[-0.82253,39.44787],[-0.82311,39.44788],[-0.82417,39.44842],[-0.82519,39.4492],[-0.82749,39.45036],[-0.82874,39.45054],[-0.8316,39.45216],[-0.83317,39.45337],[-0.83805,39.45327],[-0.83911,39.45357],[-0.84069,39.45363],[-0.84143,39.45392],[-0.84246,39.45469],[-0.84438,39.45526],[-0.84357,39.45825],[-0.84385,39.45863],[-0.84472,39.45891],[-0.84453,39.46006],[-0.84479,39.46089],[-0.84638,39.46097],[-0.84696,39.46134],[-0.84794,39.4615],[-0.84809,39.46193],[-0.84783,39.46283],[-0.84757,39.465],[-0.84811,39.46503],[-0.8484,39.46561],[-0.84813,39.46632],[-0.84843,39.46736],[-0.84882,39.46804],[-0.84862,39.4688],[-0.84722,39.47047],[-0.8468,39.47159],[-0.84498,39.47327],[-0.84594,39.4739],[-0.84661,39.47406],[-0.84693,39.47437],[-0.84851,39.47777],[-0.84859,39.47802],[-0.84837,39.47856],[-0.84876,39.4795],[-0.84888,39.48066],[-0.84952,39.48143],[-0.84963,39.48182],[-0.84886,39.48267],[-0.84851,39.48362],[-0.84812,39.48497],[-0.84807,39.48645],[-0.84912,39.48758],[-0.85003,39.48821],[-0.85217,39.48854],[-0.85342,39.48906],[-0.85404,39.48896],[-0.85409,39.48922],[-0.85722,39.48927],[-0.85791,39.48952],[-0.85817,39.48971],[-0.85906,39.49127],[-0.85976,39.49194],[-0.85978,39.49241],[-0.85954,39.49291],[-0.85947,39.49359],[-0.85981,39.49459],[-0.86233,39.49523],[-0.86254,39.4958],[-0.86262,39.49683],[-0.863,39.49751],[-0.86223,39.49897],[-0.86259,39.50015],[-0.86274,39.50185],[-0.86209,39.50362],[-0.86214,39.50459],[-0.86134,39.50572],[-0.85978,39.50692],[-0.85936,39.50752],[-0.85851,39.50823],[-0.85764,39.50872],[-0.857,39.50968],[-0.85687,39.51114],[-0.85629,39.51202],[-0.85693,39.51308],[-0.85791,39.51399],[-0.85802,39.51461],[-0.85835,39.51511],[-0.85931,39.51572],[-0.86142,39.51768],[-0.86268,39.51841],[-0.86507,39.51716],[-0.8671,39.51664],[-0.86819,39.51591],[-0.86939,39.51535],[-0.87007,39.51466],[-0.87032,39.5141],[-0.87094,39.51366],[-0.87173,39.51343],[-0.8741,39.51345],[-0.87571,39.51327],[-0.878,39.51404],[-0.87984,39.51494],[-0.88057,39.51583],[-0.88091,39.51728],[-0.88132,39.51777],[-0.8814,39.51833],[-0.88484,39.52003],[-0.88752,39.52102],[-0.89015,39.52162],[-0.89151,39.52296],[-0.89256,39.52358],[-0.89411,39.52522],[-0.89529,39.52598],[-0.89596,39.52622],[-0.89862,39.52655],[-0.90081,39.52709],[-0.90157,39.52763],[-0.90426,39.52872],[-0.90605,39.53026],[-0.90688,39.53071],[-0.90819,39.53074],[-0.90994,39.53051],[-0.91178,39.53006],[-0.91259,39.52956],[-0.91359,39.52991],[-0.91479,39.52997],[-0.91643,39.5317],[-0.91697,39.53285],[-0.917,39.53361],[-0.91807,39.53436],[-0.91844,39.53555],[-0.9201,39.53704],[-0.92039,39.53705],[-0.92094,39.53648],[-0.92141,39.53557],[-0.92287,39.53422],[-0.92349,39.5338],[-0.92483,39.53342],[-0.92748,39.53155],[-0.92874,39.53139],[-0.92918,39.53173],[-0.93038,39.53223],[-0.93178,39.5317],[-0.93512,39.53279],[-0.93682,39.53239],[-0.93685,39.53095],[-0.9367,39.53049],[-0.93685,39.52995],[-0.93663,39.52907],[-0.93671,39.52869],[-0.93713,39.5282],[-0.93586,39.5275],[-0.93529,39.52659],[-0.93526,39.52585],[-0.93545,39.52538],[-0.93721,39.52463],[-0.93708,39.52397],[-0.93716,39.52284],[-0.93883,39.52164],[-0.93859,39.51994],[-0.93779,39.51912],[-0.93832,39.519],[-0.93945,39.51829],[-0.94075,39.51823],[-0.94201,39.51793],[-0.94289,39.51808],[-0.94383,39.51802],[-0.9459,39.51716],[-0.94664,39.51645],[-0.94758,39.51599],[-0.94907,39.51567],[-0.94947,39.51545],[-0.94977,39.51513],[-0.94999,39.51448],[-0.9506,39.51429],[-0.95114,39.51357],[-0.95184,39.51298],[-0.95197,39.51225],[-0.95186,39.51135],[-0.9509,39.51074],[-0.94972,39.50937],[-0.95005,39.50909],[-0.95098,39.50911],[-0.95153,39.50892],[-0.95267,39.50736],[-0.95287,39.50729],[-0.95373,39.50795],[-0.95417,39.50865],[-0.95436,39.50976],[-0.95464,39.51018],[-0.9551,39.51044],[-0.95569,39.51073],[-0.95787,39.51099],[-0.95894,39.51135],[-0.96082,39.51146],[-0.96251,39.51228],[-0.96405,39.51282],[-0.96556,39.51273],[-0.968,39.51199],[-0.96982,39.51175],[-0.97039,39.51139],[-0.9727,39.51072],[-0.97334,39.51069],[-0.97485,39.51012],[-0.97664,39.50981],[-0.97786,39.5091],[-0.97898,39.50955],[-0.98002,39.51033],[-0.98247,39.51167],[-0.98317,39.51222],[-0.98426,39.51352],[-0.98522,39.51388],[-0.98575,39.51372],[-0.9875,39.51221],[-0.98901,39.51199],[-0.99045,39.51211],[-0.99294,39.51102],[-0.99348,39.51055],[-0.99274,39.50976],[-0.99287,39.5092],[-0.99384,39.50831],[-0.9941,39.50775],[-0.99507,39.50723],[-0.99548,39.50659],[-0.99647,39.50567],[-0.99711,39.50529],[-0.99901,39.50497],[-1.00088,39.50576],[-1.00283,39.50611],[-1.00357,39.50649],[-1.00561,39.50679],[-1.00567,39.50586],[-1.006,39.50549],[-1.00709,39.5047],[-1.00878,39.50389],[-1.01124,39.50218],[-1.01256,39.502],[-1.01414,39.50232],[-1.01472,39.50263],[-1.01673,39.50287],[-1.01755,39.50253],[-1.01835,39.5025],[-1.01977,39.50298],[-1.02435,39.50256],[-1.0274,39.50291],[-1.03012,39.50385],[-1.03282,39.50362],[-1.03431,39.50402],[-1.03611,39.50536],[-1.03743,39.50586],[-1.03858,39.50607],[-1.03902,39.50634],[-1.04005,39.50714],[-1.04078,39.50803],[-1.04233,39.50925],[-1.04262,39.5103],[-1.04319,39.51073],[-1.04374,39.51065],[-1.045,39.51124],[-1.04582,39.51192],[-1.04648,39.51313],[-1.04814,39.51509],[-1.04847,39.51645],[-1.04915,39.51713],[-1.04948,39.51796],[-1.04943,39.51842],[-1.049,39.51887],[-1.04853,39.51977],[-1.04748,39.52063],[-1.04717,39.52108],[-1.04681,39.5221],[-1.04726,39.52368],[-1.04698,39.52484],[-1.04725,39.52551],[-1.04911,39.52555],[-1.05027,39.52592],[-1.05084,39.52587],[-1.05186,39.52694],[-1.05239,39.52707],[-1.05339,39.5278],[-1.05533,39.52794],[-1.05589,39.52832],[-1.05766,39.52842],[-1.05921,39.5289],[-1.06114,39.53065],[-1.06193,39.53094],[-1.06196,39.53143],[-1.06226,39.53193],[-1.063,39.53236],[-1.0633,39.53274],[-1.06327,39.53307],[-1.06277,39.5337],[-1.06293,39.53465],[-1.06095,39.53691],[-1.06035,39.54018],[-1.05903,39.54257],[-1.05922,39.54346],[-1.05869,39.54461],[-1.05855,39.54561],[-1.05747,39.54662],[-1.0572,39.54789],[-1.05791,39.54888],[-1.05786,39.54987],[-1.05736,39.55043],[-1.05695,39.55178],[-1.05646,39.55216],[-1.05611,39.55275],[-1.05564,39.55295],[-1.05529,39.55333],[-1.05441,39.55363],[-1.05359,39.55414],[-1.05314,39.55422],[-1.05337,39.5553],[-1.05282,39.55645],[-1.05273,39.55775],[-1.05244,39.55848],[-1.05575,39.55858],[-1.05659,39.55916],[-1.05829,39.55992],[-1.06037,39.55996],[-1.06113,39.55976],[-1.06137,39.5612],[-1.06081,39.56199],[-1.06078,39.56292],[-1.06124,39.56373],[-1.06139,39.56464],[-1.06204,39.56526],[-1.06324,39.56745],[-1.06394,39.56792],[-1.06574,39.56846],[-1.068,39.56974],[-1.06868,39.56999],[-1.07134,39.57032],[-1.0723,39.57058],[-1.07415,39.57165],[-1.07465,39.57147],[-1.07532,39.57091],[-1.07733,39.57078],[-1.07861,39.56973],[-1.07937,39.57049],[-1.07998,39.57154],[-1.07979,39.57261],[-1.08168,39.5743],[-1.08016,39.57574],[-1.07883,39.57675],[-1.07876,39.57704],[-1.08027,39.57835],[-1.08144,39.57976],[-1.08197,39.58074],[-1.08191,39.581],[-1.08284,39.58255],[-1.08298,39.58324],[-1.08421,39.58498],[-1.08489,39.58638],[-1.08604,39.58715],[-1.08679,39.58838],[-1.08734,39.58897],[-1.08732,39.58934],[-1.08681,39.59012],[-1.08685,39.59051],[-1.08875,39.59188],[-1.08866,39.59308],[-1.08703,39.59578],[-1.08633,39.59554],[-1.08594,39.59614],[-1.08501,39.597],[-1.08409,39.59756],[-1.08383,39.59812],[-1.08285,39.59895],[-1.08326,39.59997],[-1.08333,39.60098],[-1.08408,39.60201],[-1.08407,39.60318],[-1.08378,39.60362],[-1.08407,39.60408],[-1.08493,39.60511],[-1.0858,39.60579],[-1.08784,39.60666],[-1.08919,39.60827],[-1.08918,39.60865],[-1.09431,39.61032],[-1.09549,39.6111],[-1.09577,39.61186],[-1.09525,39.61249],[-1.09494,39.61408],[-1.09593,39.61519],[-1.09765,39.61794],[-1.09829,39.61954],[-1.10076,39.62167],[-1.10108,39.62168],[-1.10737,39.62485],[-1.10918,39.62602],[-1.1107,39.62674],[-1.11216,39.62712],[-1.11393,39.62811],[-1.11447,39.62811],[-1.11589,39.62761],[-1.11702,39.62779],[-1.11838,39.62745],[-1.11923,39.62748],[-1.11972,39.62791],[-1.12127,39.6302],[-1.12167,39.63042],[-1.12246,39.63135],[-1.12321,39.63184],[-1.12387,39.63285],[-1.12529,39.63349],[-1.12748,39.63413],[-1.13012,39.63457],[-1.13015,39.63474],[-1.13039,39.63482],[-1.13045,39.63556],[-1.13233,39.63665],[-1.13381,39.63802],[-1.13312,39.6388],[-1.13109,39.64054],[-1.13037,39.64081],[-1.12866,39.64109],[-1.12822,39.64138],[-1.12787,39.64227],[-1.12789,39.643],[-1.12812,39.64358],[-1.12807,39.64406],[-1.1264,39.64626],[-1.1247,39.64941],[-1.1235,39.6506],[-1.12211,39.65139],[-1.12125,39.65232],[-1.12126,39.65279],[-1.12222,39.65409],[-1.1223,39.65445],[-1.12223,39.655],[-1.12175,39.65571],[-1.12136,39.6567],[-1.12035,39.65694],[-1.11912,39.65751],[-1.11823,39.65762],[-1.11715,39.65836],[-1.11608,39.65864],[-1.11537,39.65858],[-1.11442,39.65809],[-1.11365,39.65734],[-1.11264,39.65681],[-1.11096,39.65673],[-1.10896,39.65635],[-1.10776,39.657],[-1.10754,39.65774],[-1.10656,39.65875],[-1.10665,39.65948],[-1.10612,39.65985],[-1.10639,39.66099],[-1.10608,39.66247],[-1.10648,39.66398],[-1.10606,39.66447],[-1.106,39.66494],[-1.10724,39.66628],[-1.10867,39.66668],[-1.10906,39.66715],[-1.10909,39.66756],[-1.10857,39.66856],[-1.1085,39.66903],[-1.109,39.67067],[-1.10873,39.67113],[-1.10821,39.67125],[-1.10765,39.67173],[-1.10626,39.67181],[-1.10562,39.67207],[-1.10544,39.67328],[-1.10522,39.6735],[-1.10431,39.67333],[-1.10167,39.67327],[-1.10052,39.67367],[-1.09893,39.67363],[-1.09784,39.67258],[-1.09689,39.67197],[-1.09667,39.67146],[-1.09603,39.67076],[-1.09498,39.67047],[-1.09261,39.67041],[-1.09058,39.67011],[-1.08933,39.66918],[-1.08891,39.66847],[-1.08862,39.66834],[-1.08714,39.66831],[-1.08622,39.66848],[-1.08441,39.66827],[-1.08296,39.66853],[-1.08161,39.66909],[-1.07731,39.66904],[-1.07731,39.66883],[-1.07705,39.6688],[-1.07703,39.66858],[-1.07513,39.66792],[-1.07325,39.66807],[-1.07239,39.66783],[-1.07187,39.66729],[-1.07178,39.66674],[-1.0705,39.6657],[-1.06949,39.66403],[-1.06731,39.66189],[-1.06602,39.66183],[-1.06482,39.66122],[-1.0624,39.66046],[-1.0621,39.65987],[-1.06089,39.65893],[-1.05883,39.65855],[-1.05677,39.65771],[-1.055,39.65733],[-1.0541,39.65693],[-1.05373,39.65651],[-1.05253,39.65586],[-1.05006,39.65496],[-1.04822,39.65353],[-1.04697,39.65314],[-1.04583,39.65257],[-1.04387,39.65222],[-1.04234,39.65171],[-1.04133,39.65097],[-1.04052,39.65086],[-1.04018,39.65049],[-1.0386,39.64985],[-1.03699,39.64884],[-1.03498,39.6479],[-1.03272,39.64776],[-1.02995,39.64712],[-1.02898,39.64706],[-1.02884,39.64642],[-1.02735,39.64584],[-1.02641,39.64521],[-1.02536,39.64488],[-1.02523,39.64375],[-1.02482,39.64299],[-1.02345,39.64254],[-1.02257,39.64272],[-1.02197,39.64303],[-1.02141,39.64283],[-1.02126,39.64259],[-1.0212,39.64166],[-1.02035,39.64065],[-1.01909,39.63996],[-1.01736,39.63978],[-1.01686,39.63904],[-1.01623,39.63845],[-1.01742,39.63657],[-1.01852,39.63583],[-1.01573,39.6346],[-1.01406,39.63326],[-1.01394,39.63169],[-1.01359,39.63089],[-1.00928,39.62856],[-1.00686,39.62896],[-1.00393,39.62981],[-1.00296,39.63037],[-1.00069,39.63034],[-0.99991,39.63008],[-0.99596,39.62697],[-0.99443,39.62624],[-0.99345,39.62618],[-0.99356,39.62561],[-0.99403,39.62516],[-0.99432,39.62458],[-0.99393,39.62362],[-0.9938,39.62226],[-0.99331,39.62167],[-0.99318,39.62251],[-0.99258,39.62294],[-0.99061,39.62301],[-0.98869,39.62338],[-0.98524,39.62334],[-0.98503,39.62374],[-0.98451,39.62405],[-0.98446,39.62445],[-0.98322,39.62383],[-0.98221,39.62362],[-0.98092,39.62193],[-0.9799,39.62144],[-0.97961,39.62195],[-0.97878,39.62237],[-0.97688,39.62416],[-0.97532,39.62433],[-0.97462,39.62477],[-0.97432,39.62508],[-0.97414,39.62577],[-0.97345,39.62659],[-0.97323,39.6271],[-0.9727,39.62751],[-0.97135,39.62789],[-0.9702,39.62842],[-0.96696,39.62871],[-0.96588,39.62922],[-0.96402,39.62979],[-0.96324,39.63031],[-0.96168,39.63098],[-0.96093,39.63078],[-0.96043,39.63036],[-0.95924,39.63028],[-0.9571,39.62977],[-0.95484,39.62827],[-0.95385,39.62805],[-0.95357,39.62824],[-0.95287,39.62928],[-0.95313,39.62979],[-0.95312,39.63088],[-0.95249,39.63253],[-0.95267,39.63283],[-0.95382,39.63316],[-0.95416,39.63363],[-0.95379,39.63418],[-0.9528,39.63477],[-0.95193,39.63609],[-0.95207,39.6367],[-0.95197,39.63731],[-0.95115,39.63828],[-0.94826,39.63862],[-0.94777,39.63853],[-0.94742,39.63871],[-0.94656,39.6394],[-0.94637,39.64007],[-0.94591,39.64058],[-0.94572,39.64126],[-0.94489,39.64189],[-0.94083,39.6426],[-0.94041,39.64364],[-0.93927,39.64472],[-0.93826,39.64467],[-0.93744,39.64484],[-0.93569,39.64558],[-0.9345,39.64569],[-0.93375,39.64608],[-0.9332,39.64541],[-0.9331,39.64368],[-0.93166,39.64351],[-0.93042,39.64302],[-0.92953,39.64248],[-0.92902,39.64154],[-0.92748,39.64101],[-0.92603,39.64141],[-0.92455,39.64141],[-0.92453,39.64208],[-0.92384,39.64244],[-0.92286,39.64258],[-0.92201,39.64319],[-0.92119,39.64482],[-0.91968,39.64622],[-0.91787,39.64706],[-0.91655,39.64722],[-0.91553,39.64863],[-0.91358,39.6492],[-0.91152,39.65074],[-0.91137,39.65317],[-0.91107,39.65364],[-0.91105,39.65508],[-0.91154,39.65653],[-0.91127,39.65729],[-0.91121,39.65853],[-0.91225,39.65907],[-0.91328,39.66007],[-0.91423,39.66062],[-0.91435,39.66095],[-0.9136,39.66427],[-0.91266,39.66484],[-0.91248,39.66512],[-0.91246,39.66613],[-0.91295,39.6668],[-0.91296,39.66734],[-0.91223,39.66772],[-0.90984,39.66773],[-0.9093,39.66796],[-0.90916,39.66837],[-0.90909,39.67059],[-0.90871,39.67101],[-0.90615,39.67106],[-0.9052,39.67167],[-0.9037,39.6715],[-0.90216,39.67193],[-0.90118,39.67252],[-0.90166,39.67305],[-0.9021,39.67404],[-0.90266,39.67473],[-0.90361,39.67514],[-0.9039,39.67563],[-0.90276,39.67649],[-0.90205,39.67669],[-0.90059,39.67827],[-0.89966,39.67883],[-0.89889,39.68057],[-0.89964,39.68084],[-0.90023,39.68136],[-0.90064,39.68229],[-0.90109,39.68279],[-0.90119,39.68365],[-0.90145,39.68411],[-0.90303,39.68524],[-0.90317,39.68592],[-0.90385,39.68683],[-0.90406,39.68763],[-0.90517,39.6885],[-0.90641,39.68884],[-0.90671,39.68913],[-0.9067,39.68943],[-0.90528,39.69106],[-0.9043,39.69105],[-0.90396,39.69124],[-0.90333,39.69128],[-0.90164,39.69234],[-0.90132,39.69316],[-0.90058,39.69381],[-0.90012,39.69472],[-0.89928,39.69536],[-0.89551,39.69516],[-0.89485,39.69576],[-0.8912,39.69696],[-0.89031,39.69762],[-0.89009,39.69814],[-0.8892,39.69926],[-0.88729,39.70072],[-0.88674,39.70173],[-0.88514,39.703],[-0.88509,39.70346],[-0.88534,39.70447],[-0.88508,39.70566],[-0.88537,39.70639],[-0.88636,39.7073],[-0.88658,39.70793],[-0.8865,39.7082],[-0.88673,39.70927],[-0.88771,39.70973],[-0.88802,39.71025],[-0.88842,39.71163],[-0.88991,39.71288],[-0.89028,39.71346],[-0.88996,39.71409],[-0.88957,39.71456],[-0.88871,39.71424],[-0.88709,39.71493],[-0.88655,39.71534],[-0.88578,39.71633],[-0.88414,39.71731],[-0.88352,39.71791],[-0.88209,39.71842],[-0.8813,39.71893],[-0.87943,39.71949],[-0.87819,39.72018],[-0.87745,39.72089],[-0.87397,39.72158],[-0.87241,39.7228],[-0.87112,39.72337],[-0.86958,39.72568],[-0.86925,39.72643],[-0.86911,39.72743],[-0.86829,39.72939],[-0.86874,39.73023],[-0.86878,39.73071],[-0.87159,39.73054],[-0.87211,39.7306],[-0.87274,39.73092],[-0.87334,39.73062],[-0.87416,39.73059],[-0.87463,39.73073],[-0.87525,39.73142],[-0.87635,39.7313],[-0.87629,39.73274],[-0.87603,39.73331],[-0.87601,39.73379],[-0.87698,39.73519],[-0.87684,39.73584],[-0.87715,39.73643],[-0.879,39.73771],[-0.88031,39.73902],[-0.88175,39.7395],[-0.88286,39.74081],[-0.88651,39.7412],[-0.88713,39.74141],[-0.88718,39.74178],[-0.88764,39.74219],[-0.88771,39.7429],[-0.88823,39.74346],[-0.88826,39.74422],[-0.88853,39.74469],[-0.88982,39.74581],[-0.89011,39.7463],[-0.89017,39.74687],[-0.89035,39.74702],[-0.8913,39.74947],[-0.89314,39.75151],[-0.89354,39.75266],[-0.89443,39.75363],[-0.89633,39.75462],[-0.89754,39.75463],[-0.89892,39.75433],[-0.90016,39.75528],[-0.90109,39.75578],[-0.90408,39.75643],[-0.9049,39.75707],[-0.9055,39.75781],[-0.90636,39.75904],[-0.90703,39.76055],[-0.90897,39.76115],[-0.90989,39.76117],[-0.9124,39.76061],[-0.91388,39.76052],[-0.91448,39.76008],[-0.91466,39.75916],[-0.91504,39.7586],[-0.91724,39.75797],[-0.91825,39.758],[-0.91955,39.75863],[-0.92191,39.7587],[-0.92195,39.75892],[-0.92273,39.75896],[-0.92271,39.76047],[-0.9222,39.7611],[-0.92178,39.7628],[-0.92182,39.7633],[-0.92256,39.76454],[-0.92259,39.76502],[-0.92152,39.7654],[-0.92063,39.76551],[-0.91867,39.76692],[-0.91774,39.76741],[-0.91717,39.76908],[-0.91679,39.76956],[-0.91585,39.76971],[-0.91504,39.77022],[-0.91298,39.77086],[-0.91174,39.77101],[-0.91118,39.77217],[-0.91008,39.77358],[-0.90753,39.77405],[-0.90694,39.7745],[-0.90609,39.77589],[-0.90515,39.77605],[-0.90395,39.7767],[-0.90225,39.77809],[-0.90093,39.77825],[-0.89999,39.77922],[-0.90049,39.77985],[-0.90069,39.78093],[-0.9005,39.78213],[-0.90124,39.78467],[-0.90123,39.78626],[-0.90068,39.78729],[-0.90077,39.78796],[-0.90019,39.78949],[-0.89913,39.79058],[-0.8988,39.7912],[-0.89975,39.79189],[-0.9019,39.79405],[-0.9034,39.79478],[-0.90437,39.79495],[-0.90521,39.79543],[-0.90541,39.79617],[-0.90587,39.79692],[-0.90542,39.7978],[-0.90236,39.79917],[-0.90073,39.80146],[-0.89898,39.80157],[-0.89793,39.80181],[-0.896,39.80317],[-0.89529,39.80337],[-0.89446,39.80409],[-0.89266,39.80463],[-0.89247,39.80525],[-0.88906,39.80494],[-0.88821,39.80473],[-0.88567,39.80468],[-0.88455,39.80488],[-0.88353,39.80546],[-0.88293,39.80524],[-0.88189,39.80445],[-0.88099,39.80436],[-0.88057,39.80445],[-0.87906,39.80543],[-0.87678,39.80539],[-0.87595,39.80503],[-0.87446,39.806],[-0.87345,39.806],[-0.87208,39.80557],[-0.87011,39.80635],[-0.86918,39.80643],[-0.86788,39.80729],[-0.86867,39.80832],[-0.86873,39.80978],[-0.86919,39.81042],[-0.86858,39.81144],[-0.86789,39.8122],[-0.86734,39.8126],[-0.86613,39.81302],[-0.86233,39.81284],[-0.86127,39.81346],[-0.8611,39.81372],[-0.8613,39.81445],[-0.86176,39.81503],[-0.86199,39.81614],[-0.86187,39.81653],[-0.86209,39.81717],[-0.86311,39.81813],[-0.86303,39.81973],[-0.86243,39.82017],[-0.86115,39.82052],[-0.86006,39.82102],[-0.8574,39.82132],[-0.85672,39.82155],[-0.85491,39.82263],[-0.85443,39.82339],[-0.85364,39.82409],[-0.85587,39.82446],[-0.85864,39.82595],[-0.86032,39.82608],[-0.86128,39.82634],[-0.86286,39.8272],[-0.86609,39.82729],[-0.86721,39.82751],[-0.86902,39.82711],[-0.86877,39.8275],[-0.8687,39.82804],[-0.86866,39.82989],[-0.86891,39.8308],[-0.86882,39.83254],[-0.86844,39.83333],[-0.86709,39.8351],[-0.86672,39.83591],[-0.86668,39.83676],[-0.86881,39.83724],[-0.87194,39.83663],[-0.87327,39.83785],[-0.87428,39.83975],[-0.87539,39.8407],[-0.87573,39.84089],[-0.87632,39.84082],[-0.87783,39.84132],[-0.88108,39.84333],[-0.88241,39.84649],[-0.88238,39.84853],[-0.88436,39.84834],[-0.88602,39.84854],[-0.88668,39.84832],[-0.88747,39.84779],[-0.88796,39.84772],[-0.88891,39.84778],[-0.8898,39.84814],[-0.89139,39.84838],[-0.89204,39.8497],[-0.89256,39.85029],[-0.89087,39.85101],[-0.89078,39.85154],[-0.89118,39.85315],[-0.88998,39.85406],[-0.88922,39.85435],[-0.88973,39.85479],[-0.88981,39.85535],[-0.89017,39.85562],[-0.89122,39.85545],[-0.89311,39.85552],[-0.89374,39.8558],[-0.89467,39.85678],[-0.89438,39.8579],[-0.89435,39.85958],[-0.89536,39.86055],[-0.89553,39.86131],[-0.89622,39.86221],[-0.8963,39.86373],[-0.89703,39.8647],[-0.89716,39.86538],[-0.89756,39.86609],[-0.89794,39.86782],[-0.89841,39.86853],[-0.89829,39.86883],[-0.89732,39.86959],[-0.89696,39.87009],[-0.89673,39.8705],[-0.89679,39.87124],[-0.89575,39.87211],[-0.8954,39.8731],[-0.89527,39.87452],[-0.89453,39.87518],[-0.89405,39.87608],[-0.89213,39.8767],[-0.8909,39.87742],[-0.89089,39.87782],[-0.89136,39.87841],[-0.89155,39.87964],[-0.8911,39.88086],[-0.89154,39.88151],[-0.89151,39.88191],[-0.89041,39.88098],[-0.88961,39.88067],[-0.88904,39.88073],[-0.88701,39.88208],[-0.88563,39.88187],[-0.88471,39.88128],[-0.88314,39.88097],[-0.88284,39.8817],[-0.88281,39.88272],[-0.88356,39.88427],[-0.88385,39.88525],[-0.88387,39.886],[-0.88347,39.88715],[-0.88295,39.88779],[-0.88287,39.88938],[-0.88255,39.89036],[-0.88258,39.89101],[-0.88282,39.89135],[-0.88265,39.89174],[-0.88184,39.89238],[-0.88079,39.89292],[-0.87999,39.89389],[-0.87912,39.89434],[-0.87844,39.89448],[-0.87734,39.89521],[-0.87458,39.89525],[-0.87351,39.89545],[-0.87308,39.89574],[-0.87293,39.89629],[-0.87186,39.89608],[-0.87078,39.89683],[-0.87029,39.89773],[-0.86916,39.899],[-0.86948,39.90002],[-0.87018,39.90092],[-0.87047,39.90198],[-0.87048,39.9024],[-0.86984,39.90336],[-0.86922,39.90368],[-0.86651,39.90369],[-0.86577,39.90385],[-0.8652,39.9044],[-0.86519,39.90486],[-0.86595,39.90578],[-0.86598,39.90633],[-0.86706,39.90709],[-0.86752,39.90763],[-0.8702,39.90873],[-0.87191,39.91012],[-0.87235,39.91083],[-0.87282,39.91112],[-0.87304,39.9115],[-0.87343,39.91332],[-0.87372,39.91399],[-0.87445,39.91451],[-0.87448,39.91527],[-0.87277,39.91597],[-0.87159,39.91686],[-0.87126,39.91737],[-0.87113,39.91816],[-0.87062,39.91917],[-0.87026,39.92036],[-0.8702,39.92096],[-0.87026,39.92189],[-0.87104,39.92242],[-0.87098,39.92349],[-0.87071,39.92376],[-0.87044,39.92373],[-0.86944,39.92344],[-0.86914,39.92314],[-0.86882,39.92307],[-0.86774,39.92345],[-0.86654,39.92324],[-0.86507,39.92343],[-0.8638,39.92319],[-0.86262,39.92323],[-0.86229,39.92357],[-0.86247,39.9241],[-0.8624,39.92443],[-0.86092,39.92578],[-0.85965,39.92652],[-0.85942,39.92725],[-0.85906,39.92774],[-0.85508,39.92835],[-0.85418,39.92879],[-0.85349,39.92888],[-0.85254,39.92928],[-0.85168,39.92996],[-0.85042,39.93162],[-0.84999,39.93193],[-0.84944,39.93215],[-0.847,39.93247],[-0.84667,39.93295]]]}},{"type":"Feature","id":"10-1","properties":{"NomSistExp":"Turia","Subsistema":"Litoral Pobla de Farnals","Superf km2":0.0,"Area km2":0.0,"id":"10-1"},"geometry":{"type":"Polygon","coordinates":[[[-0.28208,39.56301],[-0.28228,39.5631],[-0.28223,39.56316],[-0.28202,39.56305],[-0.28208,39.56301]]]}},{"type":"Feature","id":"10-2","properties":{"NomSistExp":"Turia","Subsistema":"Litoral València Sud","Superf km2":1.13,"Area km2":1.13,"id":"10-2"},"geometry":{"type":"Polygon","coordinates":[[[-0.32204,39.4607],[-0.32077,39.46079],[-0.31798,39.46062],[-0.31274,39.45304],[-0.31309,39.45265],[-0.31288,39.45245],[-0.31243,39.45259],[-0.31147,39.45124],[-0.31117,39.45106],[-0.30753,39.45085],[-0.30203,39.44915],[-0.30201,39.44445],[-0.30228,39.43392],[-0.30249,39.43376],[-0.30309,39.43384],[-0.30321,39.43407],[-0.30285,39.43422],[-0.30262,39.43455],[-0.30261,39.43803],[-0.30275,39.43814],[-0.30254,39.43831],[-0.30253,39.44146],[-0.30272,39.44156],[-0.30251,39.44166],[-0.30253,39.44475],[-0.30375,39.44477],[-0.30374,39.44559],[-0.30418,39.44553],[-0.30416,39.44569],[-0.30373,39.44565],[-0.30381,39.44706],[-0.3075,39.44713],[-0.30899,39.44488],[-0.31048,39.44211],[-0.31274,39.44191],[-0.31181,39.44208],[-0.31188,39.44259],[-0.31276,39.44293],[-0.30999,39.44789],[-0.30897,39.44786],[-0.30828,39.44822],[-0.308,39.4486],[-0.308,39.45024],[-0.3088,39.45074],[-0.3099,39.45084],[-0.30989,39.45005],[-0.31226,39.45004],[-0.31223,39.45083],[-0.31375,39.4508],[-0.31353,39.44901],[-0.31371,39.449],[-0.31368,39.44865],[-0.31432,39.44861],[-0.31429,39.44791],[-0.31449,39.44703],[-0.31483,39.4469],[-0.32061,39.45501],[-0.32074,39.45495],[-0.32317,39.45852],[-0.32347,39.45841],[-0.32376,39.45867],[-0.32472,39.45785],[-0.32508,39.45787],[-0.32541,39.45813],[-0.32535,39.45849],[-0.32382,39.45988],[-0.32306,39.46039],[-0.32204,39.4607]]]}},{"type":"Feature","id":"11-0","properties":{"NomSistExp":"Cenia - Mijares","Subsistema":"Alto Cérvol - Bergantes","Superf km2":1454.95,"Area km2":1454.95,"id":"11-0"},"geometry":{"type":"Polygon","coordinates":[[[-0.9465,40.32959],[-0.94726,40.32942],[-0.94795,40.32948],[-0.94906,40.33036],[-0.9497,40.33116],[-0.9497,40.33194],[-0.94919,40.33251],[-0.94917,40.33291],[-0.95055,40.33419],[-0.95056,40.33439],[-0.95082,40.33445],[-0.95083,40.33488],[-0.95059,40.33526],[-0.95043,40.33608],[-0.94938,40.33695],[-0.94931,40.33735],[-0.95003,40.33809],[-0.9505,40.33929],[-0.95121,40.33996],[-0.95149,40.34048],[-0.95155,40.34104],[-0.95271,40.342],[-0.95344,40.3422],[-0.95514,40.34331],[-0.95621,40.34481],[-0.95705,40.34552],[-0.95745,40.34573],[-0.9581,40.34575],[-0.95801,40.34622],[-0.95678,40.34717],[-0.95647,40.34778],[-0.95581,40.3482],[-0.95556,40.34889],[-0.95691,40.35001],[-0.95822,40.35082],[-0.95892,40.35163],[-0.96091,40.35319],[-0.96202,40.35351],[-0.964,40.35369],[-0.96503,40.35509],[-0.9657,40.3557],[-0.96611,40.35708],[-0.96662,40.35767],[-0.96891,40.3577],[-0.96978,40.35744],[-0.97063,40.35681],[-0.97112,40.35605],[-0.97376,40.35464],[-0.97565,40.35466],[-0.97676,40.3545],[-0.97838,40.35502],[-0.97918,40.35555],[-0.97961,40.35565],[-0.97969,40.35544],[-0.98021,40.3554],[-0.98024,40.35498],[-0.9816,40.3546],[-0.9843,40.35458],[-0.98524,40.3542],[-0.98576,40.35424],[-0.98719,40.35487],[-0.98861,40.35408],[-0.99039,40.35343],[-0.9916,40.35333],[-0.9922,40.35312],[-0.99293,40.35255],[-0.99318,40.35265],[-0.99339,40.35307],[-0.99495,40.35385],[-0.99708,40.35302],[-0.99687,40.35332],[-0.99687,40.35362],[-0.99724,40.35401],[-0.99747,40.35457],[-0.99836,40.35512],[-0.9982,40.35566],[-0.99825,40.35613],[-0.99856,40.35656],[-0.99949,40.35699],[-0.9997,40.3576],[-1.0,40.3578],[-1.00023,40.3578],[-1.00076,40.35741],[-1.00186,40.35731],[-1.00311,40.35662],[-1.0036,40.35609],[-1.00403,40.35587],[-1.00792,40.35566],[-1.00879,40.35525],[-1.01018,40.35529],[-1.01249,40.35568],[-1.01376,40.35537],[-1.01603,40.35515],[-1.0175,40.35558],[-1.01861,40.3557],[-1.01954,40.35605],[-1.02018,40.35601],[-1.02087,40.35656],[-1.023,40.3564],[-1.02583,40.35709],[-1.0273,40.35692],[-1.02916,40.35722],[-1.03103,40.35811],[-1.0319,40.35834],[-1.03272,40.35817],[-1.03389,40.35864],[-1.03438,40.35904],[-1.03533,40.3591],[-1.03574,40.35932],[-1.03616,40.35889],[-1.03674,40.35866],[-1.03785,40.3587],[-1.03935,40.35913],[-1.0403,40.35891],[-1.04108,40.35828],[-1.04112,40.35808],[-1.04137,40.35802],[-1.0414,40.35739],[-1.04369,40.35645],[-1.04515,40.35546],[-1.04586,40.35524],[-1.04732,40.35513],[-1.04891,40.35379],[-1.05172,40.35282],[-1.0527,40.35173],[-1.05398,40.35195],[-1.05514,40.35154],[-1.05954,40.35161],[-1.06111,40.35136],[-1.0613,40.35115],[-1.06136,40.35021],[-1.06275,40.34912],[-1.06326,40.34815],[-1.06377,40.34763],[-1.06474,40.34829],[-1.06537,40.34854],[-1.06609,40.34857],[-1.06653,40.34897],[-1.06795,40.34933],[-1.06859,40.34968],[-1.06972,40.34939],[-1.07077,40.34955],[-1.07114,40.34919],[-1.07185,40.34893],[-1.07443,40.34864],[-1.0747,40.34779],[-1.07491,40.34762],[-1.0773,40.34785],[-1.07732,40.34746],[-1.07766,40.3472],[-1.08008,40.34718],[-1.08215,40.3462],[-1.08341,40.34601],[-1.08448,40.34678],[-1.08625,40.34738],[-1.08689,40.34796],[-1.08865,40.34826],[-1.09114,40.34834],[-1.09278,40.34908],[-1.09311,40.34945],[-1.09322,40.35096],[-1.09503,40.3517],[-1.09576,40.35184],[-1.09669,40.35239],[-1.0973,40.35242],[-1.09816,40.35205],[-1.09994,40.35223],[-1.1004,40.35098],[-1.09996,40.35035],[-1.09998,40.34988],[-1.1006,40.34921],[-1.10211,40.3489],[-1.1025,40.34865],[-1.10259,40.34817],[-1.10236,40.34741],[-1.10271,40.34639],[-1.1031,40.34569],[-1.10376,40.34544],[-1.10394,40.3446],[-1.10421,40.34435],[-1.10534,40.34407],[-1.10666,40.34401],[-1.10766,40.34345],[-1.1079,40.34351],[-1.10823,40.34403],[-1.10896,40.34406],[-1.10923,40.34353],[-1.11053,40.34265],[-1.11149,40.34249],[-1.11297,40.34196],[-1.11386,40.34185],[-1.11522,40.34071],[-1.11629,40.34034],[-1.11716,40.33942],[-1.11734,40.33874],[-1.11768,40.33845],[-1.12025,40.33838],[-1.1207,40.33787],[-1.12154,40.33794],[-1.12279,40.33739],[-1.12457,40.33705],[-1.12549,40.33641],[-1.12564,40.33542],[-1.12582,40.33519],[-1.12662,40.33515],[-1.12763,40.33536],[-1.12931,40.33499],[-1.13033,40.33521],[-1.13171,40.33516],[-1.13261,40.33449],[-1.13287,40.33354],[-1.13362,40.3335],[-1.13411,40.3338],[-1.13483,40.33213],[-1.13628,40.33066],[-1.13647,40.32953],[-1.13752,40.3288],[-1.13832,40.32867],[-1.13892,40.32899],[-1.14062,40.32921],[-1.14504,40.32901],[-1.14759,40.32916],[-1.14867,40.32868],[-1.15006,40.32772],[-1.15154,40.32762],[-1.15332,40.32688],[-1.15404,40.32693],[-1.15472,40.32659],[-1.15662,40.32828],[-1.15703,40.32921],[-1.1579,40.33043],[-1.15895,40.33093],[-1.15988,40.33096],[-1.1596,40.33166],[-1.15989,40.33263],[-1.16023,40.33313],[-1.1606,40.33315],[-1.16155,40.33261],[-1.16282,40.3328],[-1.16415,40.33261],[-1.16583,40.33267],[-1.16708,40.33295],[-1.1683,40.33367],[-1.16909,40.33438],[-1.16927,40.33493],[-1.17197,40.33448],[-1.17323,40.33392],[-1.17422,40.33389],[-1.17529,40.33301],[-1.17713,40.33343],[-1.17882,40.33337],[-1.18032,40.33352],[-1.1813,40.33332],[-1.18136,40.33284],[-1.18156,40.3327],[-1.1831,40.33287],[-1.18553,40.33205],[-1.18733,40.33225],[-1.18845,40.33128],[-1.18928,40.33099],[-1.19031,40.33103],[-1.19187,40.33159],[-1.19271,40.33116],[-1.19324,40.33066],[-1.19493,40.33058],[-1.19539,40.33038],[-1.19897,40.32771],[-1.19962,40.32668],[-1.2007,40.32665],[-1.20198,40.32687],[-1.20266,40.32649],[-1.20392,40.32626],[-1.20485,40.3263],[-1.20655,40.32686],[-1.20705,40.32686],[-1.20858,40.32829],[-1.20984,40.32913],[-1.20993,40.32951],[-1.20964,40.32994],[-1.20964,40.33108],[-1.21036,40.33183],[-1.21059,40.33233],[-1.21269,40.33299],[-1.21364,40.33357],[-1.21699,40.33368],[-1.21754,40.33442],[-1.21828,40.33493],[-1.21832,40.33654],[-1.21856,40.33721],[-1.21852,40.33797],[-1.21815,40.33856],[-1.21658,40.33976],[-1.2143,40.34208],[-1.21318,40.34274],[-1.21319,40.34312],[-1.21363,40.3435],[-1.21393,40.34468],[-1.21345,40.34585],[-1.2136,40.34635],[-1.21357,40.34719],[-1.21261,40.3477],[-1.21102,40.34805],[-1.21009,40.34869],[-1.2094,40.3494],[-1.20745,40.34979],[-1.20675,40.35034],[-1.20781,40.3505],[-1.20789,40.35086],[-1.20772,40.35148],[-1.20806,40.35171],[-1.20894,40.35186],[-1.20926,40.35229],[-1.2093,40.35307],[-1.2088,40.3537],[-1.20892,40.35428],[-1.20875,40.35473],[-1.20925,40.3556],[-1.20879,40.35588],[-1.20852,40.3564],[-1.20758,40.35695],[-1.20723,40.35744],[-1.20715,40.3579],[-1.20738,40.35849],[-1.20735,40.35896],[-1.20636,40.35946],[-1.20636,40.36023],[-1.20549,40.36073],[-1.20515,40.3613],[-1.20298,40.36281],[-1.20447,40.36413],[-1.20474,40.36474],[-1.20565,40.36533],[-1.20596,40.36576],[-1.20597,40.36623],[-1.20545,40.36701],[-1.20546,40.36758],[-1.20673,40.36916],[-1.20688,40.36985],[-1.20719,40.37037],[-1.20873,40.37166],[-1.20938,40.37368],[-1.20963,40.37395],[-1.21045,40.37393],[-1.21164,40.37501],[-1.21307,40.37458],[-1.21564,40.37489],[-1.216,40.37515],[-1.21648,40.37612],[-1.21733,40.3766],[-1.21985,40.37704],[-1.22035,40.37752],[-1.21991,40.3782],[-1.21969,40.37911],[-1.22055,40.37946],[-1.22135,40.38049],[-1.22346,40.38145],[-1.22505,40.38175],[-1.22509,40.38223],[-1.22539,40.3826],[-1.22687,40.38372],[-1.22811,40.38392],[-1.2288,40.38496],[-1.22988,40.38494],[-1.23056,40.38456],[-1.23148,40.38457],[-1.23389,40.38563],[-1.23478,40.38578],[-1.23572,40.38614],[-1.2389,40.38627],[-1.23926,40.38654],[-1.23975,40.38752],[-1.24069,40.3875],[-1.24107,40.38785],[-1.24246,40.38727],[-1.24325,40.3878],[-1.24508,40.38854],[-1.24913,40.38869],[-1.25044,40.38922],[-1.25137,40.39038],[-1.25269,40.39081],[-1.25322,40.39131],[-1.25433,40.391],[-1.25645,40.39096],[-1.25779,40.39058],[-1.25844,40.39079],[-1.26056,40.39086],[-1.26129,40.39103],[-1.26366,40.39071],[-1.26575,40.39092],[-1.26694,40.39219],[-1.26826,40.39283],[-1.26961,40.39383],[-1.27057,40.39379],[-1.27209,40.39417],[-1.27374,40.39419],[-1.27451,40.39398],[-1.27489,40.39547],[-1.27633,40.39565],[-1.27672,40.39597],[-1.27876,40.39682],[-1.27947,40.39755],[-1.28022,40.39785],[-1.2803,40.39812],[-1.28135,40.39815],[-1.28184,40.39857],[-1.28252,40.39873],[-1.28225,40.40004],[-1.28114,40.40148],[-1.28135,40.40226],[-1.2813,40.40273],[-1.28052,40.40367],[-1.28006,40.40497],[-1.27926,40.40591],[-1.2793,40.40679],[-1.28077,40.40664],[-1.28164,40.40627],[-1.28797,40.4061],[-1.28896,40.4059],[-1.28957,40.40678],[-1.29044,40.4072],[-1.29142,40.40664],[-1.29245,40.40685],[-1.29524,40.40692],[-1.29598,40.40714],[-1.29631,40.40756],[-1.29714,40.40783],[-1.29692,40.40844],[-1.29803,40.41005],[-1.29844,40.41028],[-1.29938,40.41045],[-1.29984,40.41092],[-1.30049,40.41111],[-1.30155,40.41188],[-1.30259,40.41229],[-1.30311,40.41294],[-1.30316,40.41437],[-1.30297,40.41504],[-1.30307,40.41538],[-1.30233,40.41609],[-1.30223,40.41638],[-1.30229,40.41676],[-1.30276,40.41721],[-1.30275,40.41906],[-1.30002,40.41817],[-1.29966,40.41784],[-1.29826,40.41724],[-1.29796,40.41694],[-1.2974,40.41685],[-1.29642,40.41704],[-1.29364,40.41704],[-1.29239,40.41765],[-1.28704,40.41786],[-1.28606,40.41841],[-1.28521,40.41857],[-1.28467,40.41905],[-1.28302,40.4193],[-1.28091,40.41933],[-1.27967,40.41972],[-1.27669,40.4197],[-1.27225,40.42012],[-1.27119,40.42069],[-1.26813,40.42097],[-1.26718,40.42215],[-1.26595,40.42255],[-1.26539,40.42326],[-1.26327,40.42341],[-1.26212,40.4241],[-1.26149,40.42429],[-1.26092,40.42499],[-1.25938,40.42537],[-1.2588,40.42583],[-1.25852,40.42629],[-1.25739,40.42645],[-1.25702,40.42694],[-1.25612,40.42715],[-1.25583,40.4276],[-1.25493,40.4278],[-1.25457,40.42829],[-1.25379,40.42842],[-1.25248,40.42916],[-1.25171,40.42929],[-1.25139,40.43019],[-1.25094,40.43056],[-1.25074,40.43137],[-1.24915,40.43226],[-1.24869,40.43369],[-1.24823,40.43405],[-1.24799,40.43469],[-1.24762,40.43495],[-1.24741,40.43584],[-1.2449,40.43692],[-1.24347,40.44043],[-1.24218,40.4411],[-1.24182,40.4416],[-1.24165,40.4422],[-1.24099,40.44245],[-1.2407,40.44291],[-1.24032,40.44316],[-1.23976,40.44538],[-1.23914,40.44558],[-1.23879,40.44607],[-1.23763,40.44645],[-1.23736,40.44692],[-1.23677,40.44737],[-1.23464,40.44797],[-1.23437,40.44845],[-1.23283,40.44953],[-1.23262,40.45019],[-1.2323,40.45048],[-1.2311,40.45082],[-1.2307,40.45113],[-1.22896,40.45181],[-1.22537,40.45287],[-1.22193,40.45287],[-1.22053,40.45262],[-1.21384,40.4525],[-1.21116,40.4516],[-1.20729,40.45126],[-1.20606,40.45083],[-1.20227,40.45073],[-1.2016,40.45047],[-1.20125,40.45013],[-1.20029,40.44985],[-1.19957,40.44986],[-1.19813,40.45023],[-1.19698,40.4502],[-1.19553,40.44918],[-1.19494,40.44907],[-1.1909,40.45042],[-1.18942,40.45108],[-1.18826,40.45192],[-1.18771,40.4531],[-1.18739,40.45317],[-1.18714,40.45195],[-1.18513,40.45033],[-1.18358,40.44984],[-1.18209,40.44969],[-1.1804,40.44845],[-1.17879,40.44882],[-1.17807,40.44876],[-1.17748,40.44854],[-1.17648,40.448],[-1.17542,40.44715],[-1.17489,40.44592],[-1.17307,40.4455],[-1.17159,40.4446],[-1.16957,40.44299],[-1.16886,40.44218],[-1.16762,40.4414],[-1.16741,40.44068],[-1.16696,40.44034],[-1.16655,40.43947],[-1.1653,40.43839],[-1.16514,40.43741],[-1.16399,40.43604],[-1.16293,40.43595],[-1.16131,40.43615],[-1.16019,40.4357],[-1.15633,40.43561],[-1.15538,40.4352],[-1.15457,40.43515],[-1.15308,40.4354],[-1.15128,40.43603],[-1.15092,40.43629],[-1.1506,40.43688],[-1.1497,40.43724],[-1.14986,40.4389],[-1.1495,40.43982],[-1.14695,40.44095],[-1.14655,40.44191],[-1.14664,40.44328],[-1.14573,40.44365],[-1.1449,40.44437],[-1.14361,40.4445],[-1.14304,40.44473],[-1.14222,40.44546],[-1.14087,40.44584],[-1.14009,40.44642],[-1.13996,40.4468],[-1.13838,40.44599],[-1.13616,40.44555],[-1.13474,40.44468],[-1.13403,40.44388],[-1.13241,40.44279],[-1.13163,40.44202],[-1.13036,40.44154],[-1.12743,40.44136],[-1.12633,40.44047],[-1.12577,40.43978],[-1.12532,40.43878],[-1.12485,40.4383],[-1.12437,40.43834],[-1.12298,40.43948],[-1.12224,40.43966],[-1.12084,40.44039],[-1.11846,40.44093],[-1.11781,40.44211],[-1.11687,40.44228],[-1.11597,40.4428],[-1.11477,40.44291],[-1.11412,40.4434],[-1.11412,40.44381],[-1.1146,40.44439],[-1.11456,40.44517],[-1.11408,40.4459],[-1.1139,40.44649],[-1.11293,40.44673],[-1.1125,40.44735],[-1.1124,40.45074],[-1.11251,40.45157],[-1.11036,40.45297],[-1.10946,40.45386],[-1.10925,40.45438],[-1.10867,40.45507],[-1.10759,40.45544],[-1.10595,40.45658],[-1.10429,40.45718],[-1.10338,40.45794],[-1.10321,40.46136],[-1.10267,40.46244],[-1.10253,40.46367],[-1.10148,40.46453],[-1.10083,40.46548],[-1.10079,40.46791],[-1.10119,40.46822],[-1.1014,40.46886],[-1.10263,40.46907],[-1.1032,40.46961],[-1.10428,40.46998],[-1.10465,40.47077],[-1.1067,40.47138],[-1.10756,40.47239],[-1.1104,40.47272],[-1.11101,40.47267],[-1.11173,40.47233],[-1.11231,40.47256],[-1.11253,40.47279],[-1.11249,40.47315],[-1.11308,40.47438],[-1.11296,40.47482],[-1.11323,40.47555],[-1.11426,40.47674],[-1.11431,40.47843],[-1.11477,40.47901],[-1.11494,40.47969],[-1.11535,40.48015],[-1.11538,40.48077],[-1.11527,40.48103],[-1.1131,40.48231],[-1.11186,40.48339],[-1.1115,40.48397],[-1.11135,40.48519],[-1.11029,40.48591],[-1.11006,40.48725],[-1.10922,40.4874],[-1.10882,40.48772],[-1.10784,40.48809],[-1.10709,40.48926],[-1.10652,40.48972],[-1.10528,40.49025],[-1.10489,40.49058],[-1.10424,40.49074],[-1.10331,40.49138],[-1.10225,40.49284],[-1.10179,40.49304],[-1.10039,40.49312],[-1.09874,40.49449],[-1.09778,40.49463],[-1.09738,40.49486],[-1.09686,40.49583],[-1.09609,40.49678],[-1.09604,40.49915],[-1.09683,40.49972],[-1.10021,40.49981],[-1.10147,40.50012],[-1.10304,40.50154],[-1.10454,40.5025],[-1.10587,40.50293],[-1.10698,40.50381],[-1.10744,40.50479],[-1.10816,40.50554],[-1.10819,40.50708],[-1.10841,40.50766],[-1.10843,40.50885],[-1.10863,40.50938],[-1.10875,40.51045],[-1.11078,40.51183],[-1.11227,40.51197],[-1.11265,40.51223],[-1.1127,40.51414],[-1.11301,40.51497],[-1.11427,40.51582],[-1.11488,40.51655],[-1.11496,40.51899],[-1.11653,40.52041],[-1.11679,40.52147],[-1.11857,40.52201],[-1.12014,40.52322],[-1.12104,40.52369],[-1.12206,40.52351],[-1.12296,40.52278],[-1.12353,40.52322],[-1.1238,40.52399],[-1.12588,40.52345],[-1.12691,40.52345],[-1.12822,40.52409],[-1.12941,40.52445],[-1.13,40.52499],[-1.13083,40.52517],[-1.13101,40.52606],[-1.13128,40.52654],[-1.13215,40.52743],[-1.13375,40.52789],[-1.13516,40.52901],[-1.1345,40.52949],[-1.13426,40.53038],[-1.13389,40.53067],[-1.13452,40.53129],[-1.13475,40.53208],[-1.13616,40.53296],[-1.13802,40.53359],[-1.13896,40.5343],[-1.13923,40.5347],[-1.13899,40.53538],[-1.13918,40.53612],[-1.13892,40.53682],[-1.13887,40.53796],[-1.13892,40.53835],[-1.13941,40.53923],[-1.13937,40.54143],[-1.13924,40.54178],[-1.13882,40.54208],[-1.13834,40.54314],[-1.13805,40.54335],[-1.13676,40.54319],[-1.13564,40.54334],[-1.13529,40.54309],[-1.13511,40.54256],[-1.13482,40.54233],[-1.13333,40.54218],[-1.13247,40.54161],[-1.13122,40.54134],[-1.12981,40.54128],[-1.12903,40.54142],[-1.12832,40.5413],[-1.12795,40.54153],[-1.12747,40.54268],[-1.12713,40.54296],[-1.12573,40.54304],[-1.12465,40.54328],[-1.12286,40.54416],[-1.12176,40.54489],[-1.12036,40.54497],[-1.11946,40.54519],[-1.11898,40.54577],[-1.11789,40.54619],[-1.11569,40.5462],[-1.11457,40.54557],[-1.11355,40.54553],[-1.1119,40.5461],[-1.1101,40.5462],[-1.10981,40.54642],[-1.1095,40.54702],[-1.10853,40.54741],[-1.10799,40.54825],[-1.10872,40.54931],[-1.10867,40.55233],[-1.10882,40.55296],[-1.10806,40.55373],[-1.108,40.55511],[-1.10822,40.55597],[-1.10771,40.55671],[-1.10845,40.5575],[-1.10847,40.55857],[-1.10774,40.56043],[-1.10645,40.56147],[-1.10736,40.56203],[-1.10908,40.56261],[-1.10971,40.56356],[-1.1091,40.56473],[-1.10775,40.56585],[-1.10794,40.56649],[-1.10797,40.56774],[-1.10854,40.56895],[-1.10895,40.56926],[-1.1105,40.56944],[-1.11114,40.57036],[-1.11266,40.57131],[-1.11335,40.57154],[-1.11437,40.57293],[-1.11492,40.5734],[-1.11649,40.57433],[-1.1173,40.57445],[-1.1179,40.57476],[-1.11876,40.57471],[-1.11904,40.57547],[-1.11929,40.57573],[-1.12014,40.57636],[-1.12088,40.57655],[-1.12117,40.57678],[-1.12123,40.57747],[-1.121,40.57803],[-1.1212,40.57865],[-1.12109,40.57934],[-1.12014,40.57989],[-1.11983,40.58064],[-1.11859,40.5808],[-1.11794,40.58121],[-1.1176,40.58159],[-1.11762,40.58214],[-1.11803,40.5826],[-1.11826,40.58316],[-1.11932,40.58401],[-1.12146,40.58464],[-1.1223,40.58521],[-1.12471,40.58632],[-1.1252,40.58706],[-1.12643,40.58808],[-1.12675,40.58858],[-1.12679,40.58892],[-1.12655,40.58966],[-1.12686,40.59018],[-1.12732,40.59054],[-1.12768,40.59245],[-1.12864,40.59315],[-1.12851,40.59426],[-1.12952,40.59516],[-1.1298,40.59561],[-1.12993,40.59676],[-1.13032,40.59721],[-1.13052,40.59773],[-1.13154,40.59816],[-1.13256,40.59889],[-1.13354,40.59888],[-1.13367,40.59998],[-1.13407,40.60051],[-1.13505,40.60078],[-1.13628,40.60075],[-1.13651,40.6011],[-1.13662,40.60261],[-1.13903,40.60364],[-1.1396,40.60411],[-1.13984,40.60461],[-1.14048,40.60487],[-1.14037,40.60511],[-1.1392,40.60539],[-1.13766,40.60655],[-1.13748,40.60882],[-1.1373,40.60932],[-1.13795,40.61017],[-1.13814,40.61069],[-1.13942,40.61203],[-1.13985,40.61297],[-1.14046,40.6137],[-1.14189,40.61457],[-1.14345,40.61382],[-1.14398,40.61383],[-1.14458,40.61405],[-1.14523,40.61433],[-1.14758,40.61592],[-1.14865,40.61764],[-1.15072,40.61835],[-1.15271,40.61871],[-1.15426,40.6192],[-1.15708,40.62037],[-1.15747,40.6207],[-1.15825,40.62083],[-1.15891,40.62118],[-1.15944,40.6212],[-1.16074,40.62086],[-1.16158,40.62103],[-1.16246,40.62093],[-1.16542,40.62163],[-1.16598,40.62189],[-1.16655,40.62243],[-1.16924,40.62259],[-1.16953,40.62282],[-1.16968,40.62351],[-1.17008,40.62397],[-1.17039,40.62471],[-1.17051,40.62577],[-1.17093,40.62607],[-1.17141,40.62675],[-1.17223,40.62721],[-1.17442,40.62675],[-1.17511,40.62688],[-1.17619,40.62678],[-1.1786,40.62696],[-1.17972,40.62729],[-1.17999,40.62868],[-1.17922,40.63048],[-1.17918,40.63103],[-1.17947,40.63137],[-1.18122,40.63252],[-1.18307,40.63305],[-1.18488,40.63178],[-1.18524,40.63167],[-1.1854,40.63231],[-1.18609,40.63322],[-1.18625,40.63392],[-1.18662,40.63459],[-1.18514,40.63521],[-1.18479,40.63579],[-1.18378,40.63639],[-1.18342,40.63708],[-1.1835,40.63842],[-1.1847,40.63902],[-1.18524,40.64002],[-1.18616,40.64023],[-1.18664,40.64076],[-1.18713,40.64102],[-1.18964,40.64104],[-1.19182,40.64011],[-1.19193,40.64114],[-1.19225,40.64196],[-1.1928,40.6428],[-1.19318,40.64304],[-1.19339,40.64347],[-1.19383,40.64385],[-1.1939,40.6453],[-1.19491,40.6462],[-1.19521,40.64692],[-1.19471,40.6479],[-1.19457,40.64891],[-1.19403,40.64977],[-1.19403,40.65041],[-1.19437,40.651],[-1.19548,40.65188],[-1.19649,40.65232],[-1.19697,40.65351],[-1.19865,40.65486],[-1.20137,40.65506],[-1.20232,40.656],[-1.2025,40.65653],[-1.20302,40.65718],[-1.20521,40.65786],[-1.20535,40.65966],[-1.20622,40.66154],[-1.20718,40.66238],[-1.20764,40.66337],[-1.208,40.66363],[-1.20932,40.66406],[-1.20953,40.66427],[-1.20972,40.66501],[-1.21083,40.66589],[-1.21283,40.66602],[-1.2133,40.6663],[-1.21362,40.66754],[-1.21308,40.66874],[-1.21382,40.66962],[-1.21331,40.67049],[-1.21327,40.67113],[-1.21402,40.67195],[-1.21463,40.67297],[-1.21433,40.67355],[-1.2135,40.67438],[-1.2137,40.67513],[-1.21345,40.67574],[-1.21345,40.67638],[-1.2142,40.67795],[-1.21394,40.67888],[-1.21408,40.68034],[-1.21365,40.68106],[-1.21384,40.68177],[-1.21356,40.68258],[-1.21357,40.68366],[-1.21417,40.68464],[-1.21547,40.68597],[-1.21672,40.68873],[-1.2173,40.68919],[-1.21856,40.68975],[-1.21938,40.69054],[-1.22,40.69075],[-1.2206,40.69141],[-1.22078,40.69217],[-1.22176,40.69352],[-1.22191,40.69443],[-1.2225,40.6951],[-1.22319,40.69557],[-1.22327,40.69657],[-1.22356,40.69711],[-1.22454,40.69773],[-1.22487,40.69823],[-1.22506,40.69971],[-1.22647,40.70081],[-1.22832,40.70124],[-1.22889,40.70188],[-1.22875,40.702],[-1.22798,40.70182],[-1.22733,40.70187],[-1.22702,40.70208],[-1.22647,40.70288],[-1.22549,40.70349],[-1.2251,40.70488],[-1.22584,40.70591],[-1.22587,40.70615],[-1.22337,40.70847],[-1.2213,40.70997],[-1.21971,40.71032],[-1.21865,40.71101],[-1.21794,40.71122],[-1.21765,40.71175],[-1.21516,40.71407],[-1.21477,40.71473],[-1.21465,40.71656],[-1.21329,40.71727],[-1.21309,40.7184],[-1.21275,40.71883],[-1.21208,40.71921],[-1.21184,40.72018],[-1.21082,40.72106],[-1.21064,40.72235],[-1.21,40.72331],[-1.20878,40.72419],[-1.20737,40.72427],[-1.20659,40.72452],[-1.20564,40.72545],[-1.20437,40.728],[-1.20447,40.72928],[-1.20354,40.72984],[-1.20299,40.73063],[-1.20268,40.73085],[-1.20104,40.731],[-1.20036,40.73192],[-1.19884,40.73301],[-1.19727,40.73287],[-1.19656,40.73312],[-1.19569,40.73381],[-1.19486,40.73476],[-1.19415,40.73512],[-1.19204,40.73676],[-1.19205,40.73699],[-1.19229,40.73718],[-1.193,40.7374],[-1.19299,40.73772],[-1.19033,40.73968],[-1.18786,40.74106],[-1.18793,40.74175],[-1.18742,40.74253],[-1.18735,40.74308],[-1.18768,40.74407],[-1.18816,40.74487],[-1.18814,40.74535],[-1.18767,40.74632],[-1.18806,40.74719],[-1.1874,40.74839],[-1.18697,40.74884],[-1.1868,40.74947],[-1.18651,40.74972],[-1.18633,40.7496],[-1.18624,40.74882],[-1.18595,40.7485],[-1.1836,40.7469],[-1.18302,40.74667],[-1.18113,40.74701],[-1.17834,40.74695],[-1.17758,40.74636],[-1.17584,40.74617],[-1.17531,40.74538],[-1.17468,40.74494],[-1.17327,40.74482],[-1.17213,40.74442],[-1.16933,40.74433],[-1.16883,40.74401],[-1.16842,40.7447],[-1.16824,40.74562],[-1.16793,40.74607],[-1.16724,40.74644],[-1.1669,40.74687],[-1.16702,40.74803],[-1.16668,40.74854],[-1.1663,40.74874],[-1.16405,40.74705],[-1.16079,40.74599],[-1.15965,40.74518],[-1.15868,40.74501],[-1.15673,40.74377],[-1.15614,40.7437],[-1.15569,40.74379],[-1.15452,40.74449],[-1.15389,40.74537],[-1.15314,40.74713],[-1.15238,40.74777],[-1.15184,40.74849],[-1.15028,40.74864],[-1.14797,40.75002],[-1.14675,40.75034],[-1.14587,40.75089],[-1.1445,40.75137],[-1.14199,40.75131],[-1.13987,40.75056],[-1.13909,40.75003],[-1.13875,40.74997],[-1.1367,40.75019],[-1.13552,40.75073],[-1.13444,40.75098],[-1.13234,40.75119],[-1.13016,40.75112],[-1.12783,40.75061],[-1.12687,40.75003],[-1.12575,40.74991],[-1.1251,40.74934],[-1.12423,40.74908],[-1.12282,40.74897],[-1.12178,40.74858],[-1.11977,40.74845],[-1.11918,40.74814],[-1.11868,40.74633],[-1.11728,40.74752],[-1.11561,40.7485],[-1.11531,40.7488],[-1.11509,40.74947],[-1.11392,40.75015],[-1.11234,40.7506],[-1.11124,40.75069],[-1.11034,40.75122],[-1.10897,40.75147],[-1.10717,40.75124],[-1.10449,40.75117],[-1.10284,40.75065],[-1.10229,40.74986],[-1.1015,40.74942],[-1.10052,40.74925],[-1.09975,40.74871],[-1.0987,40.74828],[-1.09782,40.74761],[-1.09716,40.74685],[-1.09427,40.74459],[-1.09408,40.74469],[-1.09391,40.7453],[-1.09265,40.7463],[-1.09212,40.74711],[-1.09119,40.74775],[-1.08972,40.74839],[-1.08575,40.74721],[-1.08544,40.7468],[-1.08592,40.74625],[-1.08628,40.74551],[-1.08637,40.74315],[-1.08557,40.74167],[-1.08556,40.73991],[-1.0852,40.73859],[-1.08366,40.73839],[-1.08102,40.73656],[-1.0793,40.73517],[-1.07859,40.73392],[-1.07728,40.73333],[-1.07645,40.73269],[-1.07595,40.73188],[-1.07503,40.73108],[-1.0748,40.73051],[-1.07452,40.73027],[-1.07278,40.72974],[-1.07031,40.72982],[-1.06818,40.72922],[-1.06759,40.72945],[-1.06694,40.73012],[-1.067,40.73045],[-1.06794,40.73172],[-1.06774,40.73203],[-1.0653,40.73354],[-1.06416,40.73395],[-1.06391,40.73421],[-1.06372,40.7349],[-1.06185,40.73656],[-1.06139,40.73727],[-1.06032,40.7375],[-1.05894,40.73862],[-1.05699,40.73946],[-1.05637,40.74011],[-1.05614,40.74108],[-1.05471,40.74324],[-1.05219,40.74462],[-1.04991,40.74533],[-1.04905,40.74522],[-1.04826,40.74476],[-1.0475,40.74404],[-1.04656,40.74409],[-1.04541,40.74353],[-1.04443,40.74336],[-1.04414,40.74313],[-1.04395,40.7426],[-1.04365,40.74238],[-1.04304,40.74244],[-1.04176,40.74206],[-1.03934,40.74287],[-1.03602,40.74284],[-1.03559,40.74274],[-1.03508,40.74223],[-1.03381,40.74205],[-1.03295,40.74148],[-1.03083,40.74153],[-1.02919,40.74064],[-1.02863,40.74009],[-1.02714,40.73985],[-1.02654,40.73992],[-1.02529,40.73944],[-1.02469,40.73891],[-1.02457,40.73776],[-1.02367,40.73687],[-1.02223,40.73669],[-1.02141,40.73594],[-1.02008,40.73552],[-1.01729,40.73358],[-1.01632,40.7331],[-1.01507,40.73292],[-1.01233,40.7308],[-1.01063,40.73066],[-1.00896,40.73031],[-1.00728,40.73147],[-1.00574,40.73171],[-1.00485,40.73137],[-1.00452,40.73165],[-1.00303,40.73223],[-1.00293,40.73254],[-1.00315,40.7331],[-1.00315,40.73417],[-1.00273,40.73522],[-1.00158,40.73607],[-1.00024,40.73661],[-0.99851,40.73785],[-0.99729,40.73849],[-0.99625,40.73866],[-0.99477,40.73948],[-0.99309,40.74067],[-0.9921,40.74081],[-0.99122,40.74135],[-0.9894,40.74166],[-0.98762,40.74241],[-0.9865,40.74249],[-0.98581,40.74272],[-0.98477,40.74342],[-0.98391,40.74366],[-0.98323,40.74435],[-0.98042,40.74642],[-0.97946,40.74734],[-0.97942,40.74759],[-0.98042,40.74848],[-0.98074,40.749],[-0.98103,40.74975],[-0.98109,40.75099],[-0.98141,40.75173],[-0.98237,40.75302],[-0.98227,40.75336],[-0.98137,40.75361],[-0.97985,40.75356],[-0.97912,40.75338],[-0.97841,40.75347],[-0.97783,40.75293],[-0.97635,40.75254],[-0.9755,40.75201],[-0.97399,40.7522],[-0.97308,40.75264],[-0.9725,40.75313],[-0.97214,40.75258],[-0.97207,40.75133],[-0.97109,40.7502],[-0.9703,40.74872],[-0.96817,40.7477],[-0.96647,40.74607],[-0.96568,40.74503],[-0.96443,40.74439],[-0.96409,40.74349],[-0.96416,40.74],[-0.96251,40.73873],[-0.96221,40.73791],[-0.96219,40.73657],[-0.9619,40.73607],[-0.96062,40.73593],[-0.95906,40.73609],[-0.95726,40.73552],[-0.95645,40.73486],[-0.95576,40.73389],[-0.95293,40.73248],[-0.9526,40.73172],[-0.95266,40.73087],[-0.95296,40.73006],[-0.95279,40.72945],[-0.95108,40.72892],[-0.95076,40.72847],[-0.95081,40.72817],[-0.95065,40.7281],[-0.94713,40.72791],[-0.94424,40.72538],[-0.94359,40.72443],[-0.94249,40.72474],[-0.93987,40.72474],[-0.93877,40.72498],[-0.93723,40.72583],[-0.93619,40.72688],[-0.93448,40.72687],[-0.93335,40.72623],[-0.93154,40.72617],[-0.93067,40.72653],[-0.92978,40.72665],[-0.92858,40.72718],[-0.92719,40.72726],[-0.92589,40.72803],[-0.92396,40.72822],[-0.92333,40.72766],[-0.922,40.72723],[-0.92039,40.72582],[-0.91975,40.72563],[-0.91897,40.7251],[-0.91629,40.72493],[-0.91508,40.72409],[-0.91352,40.7237],[-0.91246,40.72286],[-0.91214,40.72236],[-0.91206,40.72112],[-0.9119,40.7209],[-0.90813,40.72077],[-0.90666,40.72039],[-0.90614,40.72046],[-0.90554,40.72031],[-0.90426,40.72041],[-0.9047,40.71953],[-0.90504,40.71725],[-0.90264,40.71524],[-0.90211,40.71445],[-0.90097,40.71374],[-0.90051,40.71376],[-0.89892,40.71487],[-0.89827,40.71504],[-0.89779,40.71537],[-0.89623,40.71516],[-0.8941,40.71534],[-0.8937,40.71521],[-0.89206,40.7136],[-0.89142,40.71341],[-0.89039,40.71267],[-0.88995,40.71295],[-0.88932,40.71301],[-0.88761,40.71265],[-0.88686,40.71166],[-0.88504,40.7106],[-0.88548,40.7093],[-0.88477,40.70877],[-0.88468,40.70852],[-0.88503,40.70789],[-0.88581,40.7074],[-0.88598,40.70655],[-0.88644,40.70606],[-0.88677,40.70516],[-0.88697,40.70403],[-0.88803,40.70316],[-0.88809,40.70215],[-0.88773,40.70157],[-0.88708,40.70129],[-0.88451,40.70092],[-0.88397,40.70012],[-0.88299,40.69964],[-0.88086,40.69916],[-0.87882,40.69941],[-0.87836,40.69869],[-0.87712,40.69739],[-0.87662,40.69642],[-0.87536,40.69683],[-0.87482,40.6974],[-0.87438,40.69762],[-0.8711,40.69757],[-0.87026,40.69739],[-0.86943,40.69753],[-0.86848,40.69736],[-0.86751,40.69748],[-0.86623,40.69672],[-0.86601,40.69621],[-0.86544,40.69575],[-0.86424,40.69539],[-0.86311,40.6948],[-0.86161,40.69465],[-0.85974,40.69394],[-0.85859,40.69293],[-0.85775,40.69008],[-0.85777,40.68928],[-0.85812,40.68832],[-0.85889,40.6876],[-0.85902,40.68698],[-0.85902,40.68563],[-0.85873,40.68442],[-0.85812,40.68296],[-0.85698,40.68201],[-0.85637,40.68178],[-0.85581,40.68196],[-0.85524,40.68259],[-0.85436,40.6832],[-0.85273,40.68368],[-0.85102,40.68343],[-0.84971,40.68289],[-0.84833,40.68155],[-0.84784,40.68052],[-0.84572,40.67873],[-0.84571,40.67803],[-0.84629,40.67687],[-0.84634,40.6761],[-0.84603,40.67473],[-0.84518,40.67285],[-0.84431,40.67215],[-0.84269,40.67142],[-0.84218,40.6716],[-0.8411,40.67238],[-0.84067,40.67238],[-0.8398,40.67147],[-0.83957,40.6709],[-0.83844,40.66982],[-0.83778,40.66941],[-0.83732,40.66865],[-0.83668,40.66806],[-0.83682,40.66749],[-0.83662,40.66693],[-0.83658,40.66584],[-0.83604,40.66374],[-0.83546,40.66253],[-0.83458,40.66206],[-0.833,40.66167],[-0.8321,40.66122],[-0.83156,40.66052],[-0.83144,40.65959],[-0.83117,40.65912],[-0.83023,40.65839],[-0.82985,40.65858],[-0.8295,40.65908],[-0.82871,40.66069],[-0.82727,40.66175],[-0.82707,40.66176],[-0.82543,40.66087],[-0.82529,40.66058],[-0.82547,40.65987],[-0.82421,40.65851],[-0.82337,40.65692],[-0.82329,40.65613],[-0.82296,40.65532],[-0.82128,40.65346],[-0.81951,40.65233],[-0.81567,40.6516],[-0.81487,40.65167],[-0.81398,40.65129],[-0.81295,40.65207],[-0.81103,40.65189],[-0.80891,40.65248],[-0.80762,40.65208],[-0.80584,40.65178],[-0.80533,40.65181],[-0.80464,40.65215],[-0.80393,40.65216],[-0.80316,40.65187],[-0.8024,40.65133],[-0.80168,40.65123],[-0.79804,40.65142],[-0.79602,40.65201],[-0.79489,40.65172],[-0.79365,40.65111],[-0.7925,40.65089],[-0.79174,40.65099],[-0.78946,40.6506],[-0.78813,40.65138],[-0.78542,40.65139],[-0.78336,40.65186],[-0.77984,40.65311],[-0.77888,40.65369],[-0.77687,40.65365],[-0.7758,40.65264],[-0.77514,40.65257],[-0.76742,40.65499],[-0.7659,40.6551],[-0.76462,40.65566],[-0.76112,40.65614],[-0.75777,40.6571],[-0.75606,40.65716],[-0.75451,40.65771],[-0.74884,40.65896],[-0.74526,40.65909],[-0.74437,40.6581],[-0.74442,40.65657],[-0.74799,40.65394],[-0.74853,40.653],[-0.74825,40.65255],[-0.74768,40.65229],[-0.74633,40.65209],[-0.74505,40.6509],[-0.74321,40.65069],[-0.74305,40.64957],[-0.74264,40.64862],[-0.74297,40.64754],[-0.74345,40.64699],[-0.74275,40.6462],[-0.74266,40.64573],[-0.74321,40.64349],[-0.74311,40.64313],[-0.74335,40.64255],[-0.74342,40.64079],[-0.7433,40.64046],[-0.742,40.63941],[-0.74176,40.63905],[-0.74313,40.63742],[-0.74336,40.63691],[-0.74409,40.63609],[-0.74416,40.63576],[-0.74353,40.63487],[-0.74195,40.6336],[-0.74166,40.63319],[-0.742,40.63221],[-0.74244,40.63177],[-0.74311,40.63061],[-0.74326,40.62916],[-0.74381,40.62848],[-0.74388,40.62527],[-0.74319,40.62493],[-0.74187,40.62483],[-0.74144,40.6246],[-0.73986,40.62181],[-0.73837,40.62038],[-0.73552,40.6202],[-0.73419,40.61981],[-0.73308,40.61969],[-0.73273,40.61949],[-0.73184,40.61874],[-0.73154,40.61822],[-0.7314,40.61753],[-0.73018,40.61637],[-0.72541,40.61668],[-0.72462,40.61708],[-0.72358,40.61697],[-0.72275,40.6158],[-0.72247,40.61506],[-0.72241,40.61411],[-0.72213,40.6132],[-0.72166,40.61276],[-0.72169,40.60993],[-0.72116,40.609],[-0.72119,40.60726],[-0.72094,40.60631],[-0.72113,40.60063],[-0.72159,40.59886],[-0.72196,40.59861],[-0.72317,40.59828],[-0.72347,40.59788],[-0.72338,40.59742],[-0.72371,40.59688],[-0.72503,40.59631],[-0.72563,40.59587],[-0.72583,40.59519],[-0.7263,40.59469],[-0.72638,40.59429],[-0.72636,40.59369],[-0.72592,40.59252],[-0.72669,40.59225],[-0.72725,40.59185],[-0.72811,40.59046],[-0.72957,40.59034],[-0.73093,40.58977],[-0.73323,40.58994],[-0.73352,40.58972],[-0.73374,40.5892],[-0.73431,40.58873],[-0.73594,40.58819],[-0.73651,40.5878],[-0.73689,40.58589],[-0.73625,40.58548],[-0.73562,40.58474],[-0.73564,40.58351],[-0.73721,40.58274],[-0.73847,40.58259],[-0.7391,40.58193],[-0.73815,40.58103],[-0.73762,40.57992],[-0.73779,40.5794],[-0.73774,40.57891],[-0.73593,40.57713],[-0.73565,40.57646],[-0.73641,40.57568],[-0.73659,40.57401],[-0.73763,40.57351],[-0.73784,40.57284],[-0.73886,40.57181],[-0.73927,40.57049],[-0.73928,40.56887],[-0.73829,40.56775],[-0.73817,40.5666],[-0.73741,40.56573],[-0.73748,40.56541],[-0.73827,40.56446],[-0.73864,40.56318],[-0.73863,40.5621],[-0.73599,40.56019],[-0.73412,40.55995],[-0.73415,40.55973],[-0.73549,40.55884],[-0.73588,40.55765],[-0.73585,40.55591],[-0.73492,40.55504],[-0.73443,40.5543],[-0.72965,40.55249],[-0.72847,40.55159],[-0.72817,40.5512],[-0.72763,40.54878],[-0.72773,40.54809],[-0.72933,40.54689],[-0.72947,40.54648],[-0.72896,40.54452],[-0.72917,40.54318],[-0.72853,40.54255],[-0.72837,40.54187],[-0.72797,40.54142],[-0.72795,40.54116],[-0.72869,40.54031],[-0.72888,40.53961],[-0.72926,40.53907],[-0.73047,40.53803],[-0.7322,40.53695],[-0.73323,40.53662],[-0.73411,40.53583],[-0.73295,40.53503],[-0.73206,40.53406],[-0.73184,40.53327],[-0.72993,40.53172],[-0.72947,40.53168],[-0.7283,40.53223],[-0.72746,40.53242],[-0.72548,40.53093],[-0.72422,40.53043],[-0.72333,40.53029],[-0.72241,40.5297],[-0.72102,40.52974],[-0.72015,40.53113],[-0.71978,40.53139],[-0.71798,40.53179],[-0.71627,40.53194],[-0.71506,40.53123],[-0.71482,40.53075],[-0.71376,40.52983],[-0.71011,40.52845],[-0.70926,40.52788],[-0.70873,40.52788],[-0.70814,40.52819],[-0.70771,40.52823],[-0.70741,40.52814],[-0.70689,40.52764],[-0.70609,40.52764],[-0.70547,40.5282],[-0.70505,40.52828],[-0.7045,40.52738],[-0.7044,40.52653],[-0.70397,40.52602],[-0.70386,40.52494],[-0.70203,40.52215],[-0.70174,40.52087],[-0.70171,40.51978],[-0.70141,40.51903],[-0.70101,40.51858],[-0.70057,40.51767],[-0.69954,40.51701],[-0.69925,40.51664],[-0.69977,40.51575],[-0.69994,40.51427],[-0.70037,40.51384],[-0.70089,40.51288],[-0.70235,40.51181],[-0.70369,40.5112],[-0.70471,40.50998],[-0.70466,40.50958],[-0.70394,40.50891],[-0.70312,40.50731],[-0.70301,40.50594],[-0.70242,40.50527],[-0.70118,40.50463],[-0.70059,40.50343],[-0.70054,40.50304],[-0.70062,40.50258],[-0.70088,40.50231],[-0.7021,40.50147],[-0.70255,40.50149],[-0.7029,40.50131],[-0.70321,40.501],[-0.70344,40.50028],[-0.70446,40.49993],[-0.70474,40.49969],[-0.70478,40.49942],[-0.702,40.49693],[-0.70213,40.49626],[-0.70175,40.49557],[-0.70174,40.49523],[-0.70282,40.4943],[-0.7029,40.49397],[-0.70279,40.49332],[-0.70214,40.49297],[-0.70183,40.49258],[-0.70177,40.49038],[-0.69997,40.48905],[-0.6995,40.48785],[-0.69854,40.48702],[-0.6973,40.48538],[-0.69427,40.48586],[-0.69218,40.48582],[-0.69145,40.48565],[-0.69041,40.48579],[-0.68889,40.48514],[-0.68739,40.485],[-0.68657,40.48456],[-0.68627,40.48374],[-0.68444,40.48289],[-0.68418,40.48248],[-0.6844,40.48188],[-0.68433,40.48165],[-0.68268,40.48007],[-0.6807,40.47873],[-0.67844,40.47817],[-0.67733,40.4785],[-0.67703,40.47846],[-0.67655,40.47772],[-0.67559,40.47687],[-0.67551,40.47564],[-0.67535,40.47542],[-0.67485,40.47539],[-0.67358,40.47596],[-0.67216,40.47602],[-0.67036,40.47656],[-0.66937,40.47604],[-0.66801,40.47503],[-0.66533,40.47487],[-0.66412,40.47435],[-0.66354,40.47359],[-0.66184,40.47367],[-0.6597,40.47177],[-0.65809,40.47134],[-0.65696,40.47062],[-0.65646,40.47011],[-0.65548,40.46993],[-0.65376,40.46912],[-0.65215,40.46901],[-0.65024,40.46856],[-0.64813,40.46872],[-0.64669,40.46819],[-0.6461,40.46787],[-0.64599,40.46702],[-0.6456,40.46669],[-0.64401,40.46662],[-0.64287,40.4668],[-0.64123,40.46643],[-0.64072,40.4665],[-0.63978,40.46632],[-0.63814,40.46669],[-0.63718,40.46654],[-0.63645,40.46668],[-0.63454,40.46668],[-0.63311,40.46718],[-0.63086,40.46876],[-0.62904,40.46919],[-0.62798,40.46821],[-0.62725,40.468],[-0.6267,40.46759],[-0.62598,40.46614],[-0.62543,40.46544],[-0.62433,40.4649],[-0.62205,40.46475],[-0.61827,40.46222],[-0.61773,40.46151],[-0.61773,40.45818],[-0.61641,40.45618],[-0.61807,40.45434],[-0.6179,40.45271],[-0.61721,40.45159],[-0.61644,40.44987],[-0.61568,40.44925],[-0.61336,40.44786],[-0.61266,40.44764],[-0.61204,40.4464],[-0.61213,40.44618],[-0.61312,40.44566],[-0.6139,40.44491],[-0.61547,40.44439],[-0.61561,40.44394],[-0.61547,40.44338],[-0.61584,40.443],[-0.61586,40.44276],[-0.61083,40.43932],[-0.60984,40.43784],[-0.60846,40.43672],[-0.60692,40.43653],[-0.60578,40.43574],[-0.60449,40.43549],[-0.60416,40.43462],[-0.60445,40.43377],[-0.60451,40.43298],[-0.60453,40.43164],[-0.60429,40.43091],[-0.60434,40.4302],[-0.60535,40.42921],[-0.60606,40.42885],[-0.60686,40.42812],[-0.6079,40.42772],[-0.6098,40.4264],[-0.61052,40.4262],[-0.61065,40.42546],[-0.61026,40.42473],[-0.61359,40.42228],[-0.61484,40.42113],[-0.61511,40.42057],[-0.61607,40.4198],[-0.61631,40.41931],[-0.61819,40.41851],[-0.61822,40.41825],[-0.61779,40.41775],[-0.61765,40.4173],[-0.61911,40.41804],[-0.62091,40.41956],[-0.62264,40.4202],[-0.62357,40.42008],[-0.62511,40.4195],[-0.62599,40.41949],[-0.6264,40.41932],[-0.6296,40.41958],[-0.63426,40.41742],[-0.63454,40.41701],[-0.63349,40.41589],[-0.63316,40.4153],[-0.63326,40.41145],[-0.63337,40.41108],[-0.63379,40.41074],[-0.63409,40.40988],[-0.63469,40.40941],[-0.63487,40.40903],[-0.63494,40.40793],[-0.6354,40.40639],[-0.63518,40.40532],[-0.63461,40.40464],[-0.633,40.40366],[-0.63295,40.4022],[-0.63245,40.40147],[-0.6325,40.3995],[-0.63365,40.3992],[-0.63838,40.39557],[-0.64057,40.39351],[-0.64109,40.39194],[-0.6416,40.39181],[-0.64252,40.39101],[-0.64359,40.39045],[-0.64345,40.38974],[-0.64355,40.38627],[-0.64274,40.3853],[-0.64352,40.38559],[-0.64604,40.38758],[-0.64672,40.38783],[-0.64833,40.38794],[-0.64963,40.38847],[-0.65016,40.3889],[-0.65111,40.39011],[-0.65261,40.39129],[-0.65357,40.39178],[-0.65496,40.39191],[-0.6557,40.39229],[-0.6576,40.39235],[-0.65997,40.39213],[-0.66148,40.39109],[-0.66204,40.39088],[-0.66274,40.39095],[-0.66355,40.39149],[-0.664,40.39159],[-0.66433,40.39101],[-0.66626,40.38943],[-0.66742,40.3888],[-0.66999,40.3879],[-0.67384,40.38795],[-0.67462,40.38783],[-0.67851,40.3889],[-0.67914,40.38874],[-0.68111,40.38898],[-0.68235,40.38838],[-0.68454,40.3884],[-0.68571,40.3887],[-0.68655,40.3891],[-0.68944,40.38894],[-0.69147,40.38921],[-0.69294,40.3921],[-0.69405,40.39327],[-0.69492,40.39378],[-0.69593,40.39374],[-0.6976,40.39272],[-0.69853,40.39277],[-0.69966,40.39319],[-0.70176,40.3932],[-0.70245,40.39297],[-0.70492,40.39153],[-0.70629,40.39174],[-0.70817,40.39179],[-0.70823,40.39237],[-0.70884,40.39336],[-0.71037,40.39437],[-0.71141,40.39537],[-0.71225,40.39585],[-0.71461,40.39648],[-0.71525,40.39684],[-0.71606,40.39696],[-0.717,40.39733],[-0.7184,40.39745],[-0.71934,40.39805],[-0.72033,40.39812],[-0.72083,40.39894],[-0.7211,40.39991],[-0.72086,40.40079],[-0.72118,40.40188],[-0.72258,40.40329],[-0.72501,40.40503],[-0.72588,40.40624],[-0.72621,40.40724],[-0.72696,40.40747],[-0.72819,40.40749],[-0.72956,40.40725],[-0.73028,40.40696],[-0.73111,40.40763],[-0.73159,40.40882],[-0.73285,40.40931],[-0.7334,40.41044],[-0.73378,40.4125],[-0.73456,40.41281],[-0.73524,40.41415],[-0.73556,40.41434],[-0.73626,40.41432],[-0.73668,40.415],[-0.73759,40.41562],[-0.73683,40.41628],[-0.7368,40.41687],[-0.73707,40.4174],[-0.7387,40.41859],[-0.73953,40.41974],[-0.73967,40.42043],[-0.73996,40.42075],[-0.74271,40.42248],[-0.74433,40.42394],[-0.74562,40.42461],[-0.74642,40.42528],[-0.74661,40.4258],[-0.74701,40.42625],[-0.74715,40.42716],[-0.74812,40.42852],[-0.74815,40.4299],[-0.7484,40.43064],[-0.75039,40.4307],[-0.75146,40.43098],[-0.75415,40.4324],[-0.75474,40.43316],[-0.75488,40.43384],[-0.75554,40.43446],[-0.75576,40.43501],[-0.75621,40.4353],[-0.75563,40.4361],[-0.75566,40.43657],[-0.75692,40.43764],[-0.75765,40.43886],[-0.75862,40.4397],[-0.75908,40.44068],[-0.76026,40.44219],[-0.76024,40.44247],[-0.76088,40.44274],[-0.76092,40.44307],[-0.76064,40.44381],[-0.76066,40.44493],[-0.76221,40.44653],[-0.76239,40.44728],[-0.7656,40.44993],[-0.76648,40.45091],[-0.76658,40.45127],[-0.76793,40.45085],[-0.76827,40.45091],[-0.76888,40.45135],[-0.76918,40.45174],[-0.76924,40.45298],[-0.76983,40.45374],[-0.7704,40.4542],[-0.77149,40.45451],[-0.77164,40.45492],[-0.7725,40.45546],[-0.77339,40.45642],[-0.77337,40.45672],[-0.77289,40.4573],[-0.77275,40.45913],[-0.77169,40.46051],[-0.77264,40.46114],[-0.77379,40.46251],[-0.77385,40.46313],[-0.77363,40.46395],[-0.77451,40.46484],[-0.77605,40.46504],[-0.77739,40.46604],[-0.77841,40.46635],[-0.77921,40.46634],[-0.7801,40.46575],[-0.78214,40.46541],[-0.78296,40.46617],[-0.78385,40.46662],[-0.7855,40.46662],[-0.78604,40.46621],[-0.7863,40.46564],[-0.7877,40.46461],[-0.78838,40.46437],[-0.78899,40.46446],[-0.78943,40.46343],[-0.78957,40.46243],[-0.79009,40.46142],[-0.79021,40.4598],[-0.79058,40.45922],[-0.79147,40.45879],[-0.79278,40.45845],[-0.79356,40.45769],[-0.79441,40.45723],[-0.79469,40.45721],[-0.79593,40.45828],[-0.79747,40.45885],[-0.79805,40.45938],[-0.79828,40.45996],[-0.79867,40.46018],[-0.8004,40.45939],[-0.8023,40.45935],[-0.80455,40.45857],[-0.80614,40.45855],[-0.80774,40.45776],[-0.80919,40.45728],[-0.81013,40.45754],[-0.81105,40.45815],[-0.81363,40.45852],[-0.81542,40.45935],[-0.81671,40.45923],[-0.81725,40.45949],[-0.81923,40.46113],[-0.81935,40.4639],[-0.82028,40.46441],[-0.82175,40.46489],[-0.82236,40.46493],[-0.82629,40.46272],[-0.82659,40.46241],[-0.82678,40.4615],[-0.82777,40.4608],[-0.82908,40.46081],[-0.83047,40.46124],[-0.83518,40.46045],[-0.83568,40.4605],[-0.83673,40.46093],[-0.83707,40.46032],[-0.83765,40.45982],[-0.83872,40.45938],[-0.84139,40.45743],[-0.84215,40.45721],[-0.84188,40.45661],[-0.84193,40.45591],[-0.84214,40.45544],[-0.84197,40.45484],[-0.8424,40.45347],[-0.84296,40.4534],[-0.84424,40.45357],[-0.84559,40.4522],[-0.84758,40.45136],[-0.84795,40.45101],[-0.85092,40.45087],[-0.85132,40.45149],[-0.85185,40.45191],[-0.85324,40.45204],[-0.85513,40.45247],[-0.85545,40.45241],[-0.85663,40.45119],[-0.85707,40.45097],[-0.86123,40.45129],[-0.86225,40.4519],[-0.86322,40.45198],[-0.86405,40.45192],[-0.86503,40.4511],[-0.86565,40.45169],[-0.86637,40.45198],[-0.86799,40.45209],[-0.87199,40.45283],[-0.87255,40.4532],[-0.87297,40.45324],[-0.87538,40.45274],[-0.8765,40.45286],[-0.87786,40.45251],[-0.87898,40.45243],[-0.88034,40.45163],[-0.88194,40.45151],[-0.88225,40.45199],[-0.88291,40.4521],[-0.8838,40.45183],[-0.8846,40.45131],[-0.88544,40.45112],[-0.88757,40.45125],[-0.88913,40.45014],[-0.88876,40.44907],[-0.889,40.44861],[-0.89021,40.44866],[-0.89094,40.44905],[-0.89213,40.4492],[-0.89355,40.45045],[-0.89578,40.45097],[-0.89915,40.45112],[-0.90072,40.45254],[-0.90167,40.45272],[-0.90207,40.45295],[-0.90236,40.45327],[-0.9025,40.45396],[-0.9031,40.4547],[-0.90445,40.45576],[-0.90515,40.45599],[-0.90562,40.45688],[-0.906,40.45713],[-0.90625,40.45761],[-0.90742,40.45844],[-0.90786,40.45922],[-0.90963,40.46038],[-0.91037,40.45951],[-0.91059,40.45899],[-0.91119,40.45854],[-0.91204,40.45829],[-0.91305,40.4585],[-0.91387,40.45848],[-0.91563,40.45766],[-0.91692,40.45775],[-0.9177,40.45829],[-0.91837,40.45846],[-0.91914,40.459],[-0.91989,40.45928],[-0.92121,40.45933],[-0.92287,40.45914],[-0.92256,40.45856],[-0.92007,40.45788],[-0.91833,40.45651],[-0.91764,40.45467],[-0.9172,40.45394],[-0.91712,40.45241],[-0.91639,40.45156],[-0.9166,40.4514],[-0.91793,40.45125],[-0.91926,40.45162],[-0.91998,40.45161],[-0.92266,40.4502],[-0.92631,40.44948],[-0.92791,40.44887],[-0.92797,40.44707],[-0.92826,40.44634],[-0.92831,40.44547],[-0.92832,40.44451],[-0.9281,40.44393],[-0.92808,40.44325],[-0.9286,40.44202],[-0.92813,40.44166],[-0.92818,40.44073],[-0.92885,40.44017],[-0.93048,40.43958],[-0.93086,40.43925],[-0.92749,40.43774],[-0.92776,40.43496],[-0.92821,40.43404],[-0.92977,40.43306],[-0.92995,40.43238],[-0.93105,40.43074],[-0.93113,40.43039],[-0.93048,40.42939],[-0.92964,40.42868],[-0.92669,40.4274],[-0.92585,40.42638],[-0.92258,40.42643],[-0.92102,40.42572],[-0.92043,40.42488],[-0.92022,40.42341],[-0.921,40.42249],[-0.92168,40.42077],[-0.92179,40.41864],[-0.92241,40.41656],[-0.92221,40.41518],[-0.92375,40.41141],[-0.92368,40.41103],[-0.92305,40.41021],[-0.92306,40.40989],[-0.92093,40.40878],[-0.92032,40.40821],[-0.92038,40.40753],[-0.92064,40.40693],[-0.92071,40.40505],[-0.92019,40.40393],[-0.92019,40.40252],[-0.92072,40.40084],[-0.92047,40.40039],[-0.91954,40.3996],[-0.91947,40.39937],[-0.91983,40.39835],[-0.92088,40.39748],[-0.92107,40.39635],[-0.92219,40.39538],[-0.92124,40.3941],[-0.92053,40.39373],[-0.92019,40.39336],[-0.92108,40.39154],[-0.92088,40.39106],[-0.92087,40.39019],[-0.92059,40.39002],[-0.92059,40.38915],[-0.92035,40.38896],[-0.92062,40.38883],[-0.92056,40.38826],[-0.91999,40.38753],[-0.9188,40.38722],[-0.91841,40.38728],[-0.91651,40.38831],[-0.91622,40.38772],[-0.91531,40.38699],[-0.91396,40.38636],[-0.91211,40.38492],[-0.91116,40.38442],[-0.90997,40.38406],[-0.90919,40.38352],[-0.9075,40.38316],[-0.90731,40.38299],[-0.90776,40.38198],[-0.90768,40.38155],[-0.9079,40.38117],[-0.90877,40.38076],[-0.91082,40.3809],[-0.9111,40.38066],[-0.91159,40.37929],[-0.91256,40.37851],[-0.91271,40.37809],[-0.91238,40.37688],[-0.91198,40.37643],[-0.91175,40.37587],[-0.91054,40.37484],[-0.91019,40.37391],[-0.91025,40.3722],[-0.91054,40.37115],[-0.90978,40.36958],[-0.90976,40.36911],[-0.91056,40.36831],[-0.91121,40.36736],[-0.91156,40.36659],[-0.91162,40.36568],[-0.91155,40.36531],[-0.91027,40.36426],[-0.90991,40.36367],[-0.91015,40.36286],[-0.90996,40.36239],[-0.91001,40.36049],[-0.91242,40.35873],[-0.91475,40.35737],[-0.91624,40.35603],[-0.91705,40.3546],[-0.91816,40.35388],[-0.91818,40.35258],[-0.91768,40.35081],[-0.91772,40.34914],[-0.91842,40.34878],[-0.91911,40.34864],[-0.92004,40.34801],[-0.9217,40.3462],[-0.92217,40.34593],[-0.92255,40.34518],[-0.92392,40.34479],[-0.92502,40.34477],[-0.92683,40.34566],[-0.92835,40.34572],[-0.9305,40.34521],[-0.93157,40.34471],[-0.93476,40.34422],[-0.9364,40.34365],[-0.93761,40.34364],[-0.93745,40.34331],[-0.93629,40.34292],[-0.93603,40.34252],[-0.93486,40.34154],[-0.93474,40.34113],[-0.93479,40.34028],[-0.93507,40.33963],[-0.93513,40.3382],[-0.93654,40.33702],[-0.93765,40.33561],[-0.93865,40.33479],[-0.93823,40.33315],[-0.93849,40.33185],[-0.93819,40.33112],[-0.93753,40.33048],[-0.93743,40.33013],[-0.93881,40.3299],[-0.93951,40.32949],[-0.94101,40.32955],[-0.94181,40.32994],[-0.94371,40.32935],[-0.9465,40.32959]]]}},{"type":"Feature","id":"12-0","properties":{"NomSistExp":"Júcar","Subsistema":"Río Magro","Superf km2":1572.05,"Area km2":1572.05,"id":"12-0"},"geometry":{"type":"Polygon","coordinates":[[[-0.58129,39.37979],[-0.58057,39.37979],[-0.58065,39.37951],[-0.58143,39.37877],[-0.58143,39.37785],[-0.58058,39.37671],[-0.57964,39.37587],[-0.57934,39.37513],[-0.57932,39.37203],[-0.57836,39.37146],[-0.57707,39.37136],[-0.57658,39.3711],[-0.57576,39.36965],[-0.57536,39.36827],[-0.57415,39.36763],[-0.57337,39.36641],[-0.57291,39.3661],[-0.57508,39.36442],[-0.57612,39.36388],[-0.57702,39.36314],[-0.57741,39.36179],[-0.57757,39.35854],[-0.57792,39.35758],[-0.5787,39.35664],[-0.57901,39.35553],[-0.57881,39.35406],[-0.57853,39.3533],[-0.5782,39.35302],[-0.57724,39.35277],[-0.57711,39.35193],[-0.57641,39.35075],[-0.57667,39.34975],[-0.57663,39.34899],[-0.57613,39.34862],[-0.57494,39.34841],[-0.57274,39.34919],[-0.57203,39.34919],[-0.5716,39.34894],[-0.5715,39.34825],[-0.57116,39.34793],[-0.56947,39.34777],[-0.56806,39.34733],[-0.56414,39.34819],[-0.56286,39.34867],[-0.56259,39.34822],[-0.5627,39.34771],[-0.56215,39.34678],[-0.56134,39.34613],[-0.56027,39.34603],[-0.56141,39.34525],[-0.56172,39.3448],[-0.56177,39.34441],[-0.5606,39.34228],[-0.55991,39.34138],[-0.55983,39.33934],[-0.55919,39.3387],[-0.55909,39.33835],[-0.55745,39.3378],[-0.55673,39.33726],[-0.55623,39.33717],[-0.55675,39.33666],[-0.55678,39.33639],[-0.55621,39.3352],[-0.55544,39.33466],[-0.55604,39.33352],[-0.55557,39.33185],[-0.5561,39.33112],[-0.55622,39.33034],[-0.55639,39.33011],[-0.55621,39.32968],[-0.55621,39.32853],[-0.55564,39.32802],[-0.55348,39.32712],[-0.55272,39.32659],[-0.55172,39.32638],[-0.55011,39.32513],[-0.54943,39.32489],[-0.54771,39.32472],[-0.54555,39.32294],[-0.54527,39.32206],[-0.5443,39.3216],[-0.5446,39.32125],[-0.54465,39.3198],[-0.54351,39.31933],[-0.54348,39.31857],[-0.54308,39.31811],[-0.5429,39.31759],[-0.54136,39.31645],[-0.54143,39.31617],[-0.54298,39.31464],[-0.54155,39.31317],[-0.5413,39.31263],[-0.54003,39.31217],[-0.53976,39.31192],[-0.53932,39.31094],[-0.53812,39.31014],[-0.53782,39.30962],[-0.53773,39.30876],[-0.5374,39.30797],[-0.53619,39.30739],[-0.53375,39.30569],[-0.53228,39.30576],[-0.53125,39.30511],[-0.53124,39.3061],[-0.53142,39.30679],[-0.5298,39.30785],[-0.52862,39.30994],[-0.52733,39.31018],[-0.52533,39.31029],[-0.52377,39.30908],[-0.5223,39.30871],[-0.52077,39.3079],[-0.52045,39.30739],[-0.52059,39.30723],[-0.52042,39.30681],[-0.51971,39.30615],[-0.5194,39.30562],[-0.51936,39.30416],[-0.51892,39.30313],[-0.51879,39.30221],[-0.51757,39.30114],[-0.51712,39.30015],[-0.51658,39.29946],[-0.51581,39.29915],[-0.51612,39.29868],[-0.51615,39.29775],[-0.51592,39.29686],[-0.51673,39.29611],[-0.51707,39.29537],[-0.51713,39.29467],[-0.51887,39.29448],[-0.51861,39.29389],[-0.51869,39.29191],[-0.51883,39.29115],[-0.51978,39.29036],[-0.51963,39.28977],[-0.51969,39.28826],[-0.51981,39.28807],[-0.52052,39.28787],[-0.52105,39.28746],[-0.52081,39.28649],[-0.52016,39.28563],[-0.52017,39.28514],[-0.52179,39.28405],[-0.52213,39.28331],[-0.52235,39.28158],[-0.52291,39.28154],[-0.52402,39.28196],[-0.52598,39.28202],[-0.52646,39.28195],[-0.52726,39.28144],[-0.52784,39.28139],[-0.52962,39.28204],[-0.53071,39.2819],[-0.5319,39.28209],[-0.53389,39.28072],[-0.53491,39.28032],[-0.53589,39.27918],[-0.53626,39.27832],[-0.53623,39.27768],[-0.536,39.27728],[-0.53496,39.27685],[-0.53358,39.27671],[-0.53341,39.27632],[-0.53361,39.27594],[-0.5344,39.27584],[-0.5362,39.27522],[-0.5366,39.2749],[-0.53728,39.27307],[-0.5368,39.27213],[-0.53676,39.27097],[-0.53645,39.26993],[-0.53466,39.2684],[-0.53465,39.268],[-0.53488,39.26778],[-0.53422,39.26645],[-0.53389,39.26625],[-0.53275,39.26608],[-0.53194,39.26506],[-0.53089,39.2642],[-0.5301,39.26451],[-0.52963,39.26444],[-0.52941,39.26371],[-0.52903,39.26325],[-0.52892,39.2624],[-0.5283,39.2616],[-0.52707,39.26105],[-0.52637,39.26002],[-0.52492,39.26013],[-0.52451,39.25904],[-0.52417,39.25683],[-0.52362,39.25591],[-0.52298,39.25551],[-0.52216,39.25465],[-0.52191,39.2541],[-0.52081,39.25337],[-0.5196,39.25288],[-0.51812,39.25344],[-0.51675,39.25339],[-0.51596,39.25213],[-0.51533,39.2517],[-0.51488,39.2516],[-0.51386,39.25065],[-0.51382,39.24625],[-0.51303,39.24559],[-0.51204,39.24514],[-0.51187,39.24396],[-0.51078,39.24301],[-0.50981,39.24253],[-0.50874,39.2424],[-0.50749,39.24162],[-0.50747,39.24018],[-0.50777,39.23929],[-0.50754,39.23812],[-0.50763,39.2359],[-0.50784,39.23488],[-0.50688,39.23395],[-0.50678,39.2331],[-0.50635,39.23237],[-0.50631,39.23187],[-0.50647,39.22783],[-0.50759,39.22564],[-0.50737,39.22478],[-0.50654,39.22311],[-0.50581,39.22261],[-0.5044,39.22276],[-0.50281,39.22231],[-0.49931,39.22221],[-0.49729,39.22189],[-0.49691,39.22143],[-0.49685,39.22105],[-0.49692,39.21974],[-0.4974,39.21874],[-0.49724,39.21859],[-0.4929,39.21803],[-0.48401,39.21782],[-0.48299,39.21721],[-0.48205,39.21694],[-0.47996,39.21642],[-0.47774,39.21625],[-0.47757,39.21506],[-0.47603,39.21317],[-0.47608,39.21037],[-0.47575,39.20917],[-0.47351,39.20731],[-0.47182,39.20662],[-0.47165,39.20668],[-0.47159,39.20701],[-0.47147,39.20662],[-0.47058,39.20602],[-0.47051,39.20499],[-0.47115,39.20298],[-0.47104,39.20256],[-0.47035,39.20201],[-0.4705,39.20097],[-0.4691,39.20077],[-0.46881,39.20029],[-0.46814,39.20029],[-0.46733,39.19963],[-0.46881,39.19775],[-0.47007,39.19706],[-0.47111,39.19686],[-0.47238,39.19772],[-0.47377,39.19775],[-0.4745,39.19748],[-0.4759,39.19639],[-0.47699,39.19521],[-0.47791,39.19456],[-0.47849,39.19436],[-0.48159,39.19484],[-0.48261,39.19523],[-0.48381,39.19544],[-0.48896,39.19425],[-0.49133,39.19255],[-0.49191,39.19233],[-0.49208,39.19233],[-0.49239,39.19311],[-0.49314,39.19413],[-0.49318,39.1953],[-0.49363,39.19693],[-0.4936,39.19884],[-0.49403,39.19931],[-0.49512,39.19943],[-0.49662,39.20004],[-0.49742,39.20006],[-0.50277,39.19834],[-0.50452,39.19737],[-0.50609,39.19736],[-0.50607,39.19873],[-0.50683,39.20014],[-0.50684,39.20136],[-0.50707,39.20211],[-0.50701,39.20431],[-0.5073,39.20507],[-0.50833,39.20557],[-0.50935,39.20657],[-0.51006,39.207],[-0.51071,39.20776],[-0.51137,39.20815],[-0.51251,39.20929],[-0.51323,39.21095],[-0.51449,39.21186],[-0.51451,39.21369],[-0.51518,39.21689],[-0.51465,39.21825],[-0.51459,39.21902],[-0.51489,39.22017],[-0.51516,39.22062],[-0.51551,39.22071],[-0.5175,39.22023],[-0.51796,39.22027],[-0.51958,39.21956],[-0.52047,39.21955],[-0.52113,39.21982],[-0.52199,39.2205],[-0.52274,39.22156],[-0.5249,39.22334],[-0.52683,39.22339],[-0.52735,39.22401],[-0.52743,39.22438],[-0.52737,39.22486],[-0.52691,39.22536],[-0.5269,39.22566],[-0.52803,39.22724],[-0.52908,39.22739],[-0.52929,39.22762],[-0.52894,39.2284],[-0.52804,39.22967],[-0.52729,39.23007],[-0.52696,39.23044],[-0.52722,39.23353],[-0.52972,39.23371],[-0.53093,39.23414],[-0.53376,39.23424],[-0.53542,39.23489],[-0.5375,39.23477],[-0.53875,39.23504],[-0.54051,39.23573],[-0.54063,39.23615],[-0.54057,39.23717],[-0.53996,39.23913],[-0.53986,39.24096],[-0.53963,39.24165],[-0.53996,39.24235],[-0.5406,39.24262],[-0.54099,39.24392],[-0.54194,39.24528],[-0.54212,39.2458],[-0.54331,39.24639],[-0.54355,39.24716],[-0.54394,39.24725],[-0.54466,39.24708],[-0.54808,39.2469],[-0.54962,39.24721],[-0.55072,39.24785],[-0.55199,39.24767],[-0.55415,39.24768],[-0.55529,39.2475],[-0.55635,39.2456],[-0.55699,39.24543],[-0.55808,39.2447],[-0.55867,39.24449],[-0.56194,39.24449],[-0.56355,39.24475],[-0.56576,39.24456],[-0.56651,39.24463],[-0.56782,39.24503],[-0.56918,39.24517],[-0.57056,39.24605],[-0.57113,39.2471],[-0.57287,39.24749],[-0.57426,39.24829],[-0.5751,39.24818],[-0.57662,39.24838],[-0.5789,39.24813],[-0.5795,39.24784],[-0.58013,39.24779],[-0.58254,39.24808],[-0.58458,39.24793],[-0.58568,39.24836],[-0.58562,39.25025],[-0.58591,39.2513],[-0.58662,39.25206],[-0.58702,39.25322],[-0.5876,39.25419],[-0.58854,39.25503],[-0.58872,39.25628],[-0.59002,39.2569],[-0.59107,39.25711],[-0.59211,39.25766],[-0.59299,39.2578],[-0.594,39.25819],[-0.59768,39.25844],[-0.59924,39.25833],[-0.59928,39.25881],[-0.59976,39.25952],[-0.59975,39.26091],[-0.59994,39.26146],[-0.59971,39.26209],[-0.59966,39.26315],[-0.59997,39.26409],[-0.60065,39.26462],[-0.60238,39.26479],[-0.60286,39.26576],[-0.60394,39.26693],[-0.60524,39.26751],[-0.60642,39.26869],[-0.60743,39.26933],[-0.60791,39.27036],[-0.60856,39.2712],[-0.60868,39.27235],[-0.6091,39.27309],[-0.60922,39.27371],[-0.60967,39.2743],[-0.60965,39.27523],[-0.60911,39.27573],[-0.61024,39.2767],[-0.61174,39.27733],[-0.61292,39.27823],[-0.61303,39.27986],[-0.61462,39.28056],[-0.61621,39.28181],[-0.61808,39.28269],[-0.61923,39.28397],[-0.62051,39.28316],[-0.62208,39.2826],[-0.62341,39.28167],[-0.62437,39.28123],[-0.62537,39.28159],[-0.6262,39.28162],[-0.62772,39.28079],[-0.63249,39.28062],[-0.63386,39.28044],[-0.63547,39.28099],[-0.63695,39.28205],[-0.64154,39.28216],[-0.64209,39.28195],[-0.6427,39.28144],[-0.6432,39.27963],[-0.64383,39.27913],[-0.6454,39.27911],[-0.64681,39.27956],[-0.64944,39.27961],[-0.65034,39.27933],[-0.6507,39.27897],[-0.65207,39.27898],[-0.65247,39.27856],[-0.65368,39.27941],[-0.65627,39.28026],[-0.65676,39.28079],[-0.65738,39.28107],[-0.6595,39.28148],[-0.66068,39.28193],[-0.66116,39.28232],[-0.66325,39.28245],[-0.66463,39.28371],[-0.66572,39.28383],[-0.66683,39.28424],[-0.66936,39.28431],[-0.6697,39.28467],[-0.6703,39.28493],[-0.67162,39.28513],[-0.67246,39.28592],[-0.67241,39.28834],[-0.67252,39.28878],[-0.6759,39.29112],[-0.67794,39.29128],[-0.67878,39.29185],[-0.68005,39.29227],[-0.68184,39.29441],[-0.6828,39.29503],[-0.6841,39.29626],[-0.68491,39.29656],[-0.68599,39.2956],[-0.68646,39.29469],[-0.6869,39.29426],[-0.68712,39.29375],[-0.68777,39.29318],[-0.68777,39.29284],[-0.68841,39.29207],[-0.68775,39.29085],[-0.68745,39.2894],[-0.68891,39.28897],[-0.69056,39.28762],[-0.69114,39.28663],[-0.69213,39.28606],[-0.69428,39.28417],[-0.69338,39.28326],[-0.69212,39.28244],[-0.69245,39.28124],[-0.69304,39.28079],[-0.69481,39.27993],[-0.69634,39.27957],[-0.69654,39.27815],[-0.69671,39.27793],[-0.69883,39.27749],[-0.70043,39.27745],[-0.70115,39.27718],[-0.70198,39.27655],[-0.70288,39.27544],[-0.70301,39.27461],[-0.70398,39.27468],[-0.7053,39.27511],[-0.70735,39.27493],[-0.70987,39.27499],[-0.71158,39.27531],[-0.71298,39.27592],[-0.71435,39.27599],[-0.71517,39.27641],[-0.71677,39.27648],[-0.71883,39.2769],[-0.71963,39.27676],[-0.72111,39.27678],[-0.72176,39.27701],[-0.72333,39.27705],[-0.72506,39.27734],[-0.72596,39.27764],[-0.72617,39.27837],[-0.7268,39.27887],[-0.73,39.27949],[-0.73062,39.27977],[-0.73112,39.28028],[-0.73196,39.28055],[-0.7344,39.28063],[-0.73625,39.28205],[-0.73676,39.2831],[-0.73719,39.28339],[-0.73799,39.28321],[-0.73851,39.28335],[-0.73976,39.28321],[-0.74044,39.28327],[-0.7407,39.28346],[-0.74257,39.28301],[-0.74382,39.28209],[-0.74401,39.28118],[-0.74428,39.28093],[-0.74641,39.28038],[-0.747,39.27984],[-0.74764,39.27958],[-0.74859,39.27957],[-0.74919,39.2798],[-0.74932,39.27959],[-0.74997,39.27957],[-0.75024,39.27937],[-0.75273,39.27939],[-0.75346,39.27903],[-0.75544,39.27874],[-0.7572,39.27833],[-0.75872,39.27777],[-0.75916,39.27776],[-0.7617,39.27869],[-0.76156,39.28208],[-0.76125,39.2824],[-0.76047,39.2827],[-0.76011,39.28389],[-0.76,39.28505],[-0.75945,39.28584],[-0.75972,39.28767],[-0.76029,39.28918],[-0.76065,39.28943],[-0.76221,39.28996],[-0.76285,39.29125],[-0.76433,39.29228],[-0.76523,39.29352],[-0.76553,39.29428],[-0.76553,39.29484],[-0.765,39.29556],[-0.76467,39.29664],[-0.7652,39.29734],[-0.76649,39.29801],[-0.76685,39.29866],[-0.76681,39.29967],[-0.76652,39.30049],[-0.76641,39.30373],[-0.76666,39.30513],[-0.77111,39.30523],[-0.77329,39.30571],[-0.77401,39.30573],[-0.77601,39.30533],[-0.77936,39.30537],[-0.77942,39.30515],[-0.78079,39.3052],[-0.78139,39.30537],[-0.78221,39.30522],[-0.78371,39.30525],[-0.78433,39.30547],[-0.78434,39.30584],[-0.78486,39.30647],[-0.78487,39.30683],[-0.78679,39.30708],[-0.78806,39.3069],[-0.78911,39.30713],[-0.79242,39.30723],[-0.79374,39.30775],[-0.79477,39.30853],[-0.7963,39.30886],[-0.79707,39.30881],[-0.79748,39.30848],[-0.79916,39.30818],[-0.80047,39.3077],[-0.80129,39.30707],[-0.80148,39.30639],[-0.80202,39.30558],[-0.80334,39.30604],[-0.80519,39.30609],[-0.80593,39.30651],[-0.80801,39.30682],[-0.8103,39.30685],[-0.81299,39.30647],[-0.81464,39.30672],[-0.81579,39.30653],[-0.81839,39.30657],[-0.81879,39.30631],[-0.81883,39.30612],[-0.81931,39.30631],[-0.82149,39.3066],[-0.82326,39.3067],[-0.82484,39.30759],[-0.82681,39.30764],[-0.82792,39.30805],[-0.82921,39.30815],[-0.8306,39.30857],[-0.83236,39.30863],[-0.834,39.30673],[-0.8363,39.30694],[-0.83922,39.30826],[-0.84088,39.30833],[-0.84549,39.30774],[-0.84769,39.30626],[-0.8504,39.30584],[-0.85464,39.30546],[-0.85656,39.30593],[-0.85754,39.30635],[-0.85907,39.30661],[-0.86096,39.30651],[-0.86207,39.30708],[-0.86325,39.30722],[-0.86427,39.30761],[-0.86573,39.30766],[-0.86702,39.30751],[-0.86944,39.30874],[-0.87003,39.30955],[-0.87105,39.30997],[-0.8733,39.31034],[-0.87437,39.31093],[-0.87535,39.30996],[-0.87642,39.30922],[-0.87689,39.30936],[-0.87777,39.30917],[-0.87891,39.30855],[-0.87948,39.30779],[-0.88218,39.30722],[-0.88278,39.30647],[-0.88386,39.30637],[-0.88657,39.30572],[-0.88802,39.30444],[-0.88826,39.30304],[-0.889,39.30254],[-0.89149,39.29869],[-0.89128,39.29551],[-0.89032,39.29457],[-0.89022,39.29426],[-0.89123,39.29287],[-0.8917,39.2926],[-0.8918,39.29295],[-0.89244,39.29359],[-0.8927,39.29443],[-0.89297,39.2946],[-0.8942,39.29478],[-0.89638,39.29661],[-0.89662,39.2971],[-0.89752,39.29753],[-0.89781,39.29784],[-0.90106,39.29882],[-0.9026,39.29909],[-0.90496,39.29919],[-0.90608,39.29964],[-0.90689,39.30071],[-0.90812,39.30126],[-0.90872,39.30199],[-0.9088,39.30236],[-0.90871,39.30456],[-0.90824,39.30547],[-0.9087,39.30633],[-0.90979,39.30678],[-0.91058,39.30766],[-0.91036,39.3094],[-0.91125,39.31085],[-0.91344,39.31143],[-0.9159,39.31157],[-0.91729,39.31236],[-0.91884,39.31253],[-0.92148,39.31476],[-0.92343,39.31458],[-0.92565,39.31488],[-0.92709,39.31536],[-0.92928,39.31705],[-0.93076,39.31778],[-0.93142,39.31804],[-0.93251,39.31816],[-0.93423,39.31886],[-0.93495,39.31992],[-0.93724,39.32041],[-0.93874,39.3205],[-0.94091,39.32114],[-0.94198,39.32123],[-0.94376,39.32201],[-0.94413,39.3228],[-0.94412,39.32395],[-0.94493,39.32406],[-0.94592,39.32481],[-0.94658,39.32507],[-0.94854,39.32542],[-0.95064,39.32626],[-0.95138,39.32638],[-0.95311,39.32741],[-0.95377,39.32757],[-0.95568,39.32858],[-0.95664,39.32875],[-0.95769,39.32952],[-0.9588,39.32996],[-0.95991,39.32987],[-0.961,39.33008],[-0.96184,39.32994],[-0.96221,39.33012],[-0.96358,39.33017],[-0.96472,39.33046],[-0.96618,39.33114],[-0.96698,39.33208],[-0.96743,39.33307],[-0.96829,39.33354],[-0.96918,39.33367],[-0.97183,39.33452],[-0.97294,39.33464],[-0.97376,39.3352],[-0.97758,39.3362],[-0.97973,39.33606],[-0.98008,39.33646],[-0.98095,39.33676],[-0.98207,39.33656],[-0.98314,39.33658],[-0.98346,39.33685],[-0.98373,39.33776],[-0.98371,39.33936],[-0.9839,39.33993],[-0.98367,39.34054],[-0.98373,39.34123],[-0.98523,39.34242],[-0.98786,39.34258],[-0.9905,39.34467],[-0.99076,39.34521],[-0.99022,39.3459],[-0.99014,39.34727],[-0.99062,39.34731],[-0.99114,39.34773],[-0.99269,39.34801],[-0.99276,39.34821],[-0.99366,39.34863],[-0.99473,39.34893],[-0.99639,39.34866],[-0.99777,39.34794],[-0.99896,39.34761],[-1.00086,39.34681],[-1.00178,39.34683],[-1.00438,39.34733],[-1.0046,39.34751],[-1.00465,39.34844],[-1.0049,39.3488],[-1.00534,39.34907],[-1.00656,39.34916],[-1.0072,39.34937],[-1.00966,39.35151],[-1.00972,39.35234],[-1.01117,39.35237],[-1.0118,39.3526],[-1.01364,39.35243],[-1.01441,39.35263],[-1.01581,39.35267],[-1.01674,39.35246],[-1.01824,39.3525],[-1.01924,39.35271],[-1.01976,39.35251],[-1.02037,39.352],[-1.02104,39.35059],[-1.02107,39.35004],[-1.02033,39.34879],[-1.01992,39.34741],[-1.01929,39.34647],[-1.02078,39.34519],[-1.02209,39.34437],[-1.02315,39.3432],[-1.02524,39.34232],[-1.02597,39.34226],[-1.02735,39.34131],[-1.02738,39.34107],[-1.0269,39.34033],[-1.02695,39.33882],[-1.02725,39.33785],[-1.02699,39.3366],[-1.0276,39.3348],[-1.02771,39.3328],[-1.02838,39.33178],[-1.02939,39.33115],[-1.02932,39.3307],[-1.02967,39.33025],[-1.02936,39.32985],[-1.02952,39.32948],[-1.03138,39.32846],[-1.0344,39.32842],[-1.03525,39.32805],[-1.03588,39.328],[-1.0377,39.32807],[-1.04073,39.32876],[-1.04146,39.32876],[-1.04214,39.32853],[-1.04303,39.32799],[-1.04348,39.32791],[-1.04365,39.3276],[-1.04367,39.32664],[-1.04516,39.32651],[-1.04575,39.32598],[-1.04723,39.32543],[-1.04873,39.32457],[-1.04963,39.3236],[-1.04982,39.32246],[-1.05079,39.32192],[-1.0512,39.32151],[-1.05305,39.32103],[-1.05402,39.32025],[-1.05637,39.32023],[-1.0576,39.31985],[-1.05927,39.31977],[-1.06149,39.31796],[-1.06336,39.31756],[-1.06443,39.31666],[-1.06542,39.31647],[-1.06645,39.31546],[-1.06717,39.31539],[-1.06778,39.31509],[-1.06841,39.31516],[-1.07081,39.3142],[-1.0719,39.31421],[-1.0734,39.31464],[-1.07499,39.31474],[-1.07543,39.31501],[-1.07608,39.31589],[-1.07641,39.31607],[-1.07768,39.31628],[-1.07861,39.31611],[-1.08076,39.31619],[-1.08146,39.31649],[-1.08203,39.31725],[-1.08325,39.31712],[-1.08426,39.31751],[-1.08493,39.31757],[-1.08871,39.3174],[-1.09007,39.31772],[-1.09045,39.31789],[-1.0899,39.31891],[-1.08924,39.32083],[-1.08964,39.32232],[-1.0916,39.3224],[-1.09263,39.322],[-1.09465,39.322],[-1.09538,39.32206],[-1.09649,39.32247],[-1.09826,39.32253],[-1.09898,39.3227],[-1.09969,39.32255],[-1.10037,39.32262],[-1.10094,39.32308],[-1.10137,39.32386],[-1.10236,39.32423],[-1.10269,39.32452],[-1.10267,39.32515],[-1.10215,39.32593],[-1.10223,39.32638],[-1.10277,39.32679],[-1.10365,39.32693],[-1.10515,39.32745],[-1.10563,39.32841],[-1.10654,39.32906],[-1.10685,39.32959],[-1.10747,39.32983],[-1.10798,39.32975],[-1.11158,39.33016],[-1.11151,39.33131],[-1.11102,39.3321],[-1.11088,39.33264],[-1.11064,39.33281],[-1.10986,39.33292],[-1.10952,39.33319],[-1.1083,39.33565],[-1.10796,39.33662],[-1.10783,39.33763],[-1.10673,39.33907],[-1.10674,39.33941],[-1.10713,39.3401],[-1.10705,39.3406],[-1.10769,39.34122],[-1.10806,39.3419],[-1.10879,39.34195],[-1.10939,39.34228],[-1.1105,39.34218],[-1.11194,39.34229],[-1.11482,39.34046],[-1.11555,39.34028],[-1.11664,39.33955],[-1.11703,39.33955],[-1.11843,39.34006],[-1.11863,39.34071],[-1.11882,39.34083],[-1.1198,39.34094],[-1.12053,39.34132],[-1.12252,39.34139],[-1.12345,39.34162],[-1.1234,39.34305],[-1.12306,39.34426],[-1.12232,39.3451],[-1.1232,39.3457],[-1.12369,39.34696],[-1.1251,39.34829],[-1.12793,39.34755],[-1.12789,39.34876],[-1.12759,39.34957],[-1.12762,39.35056],[-1.12832,39.35123],[-1.12882,39.35204],[-1.12971,39.35262],[-1.1303,39.35329],[-1.13066,39.35412],[-1.12869,39.35446],[-1.1279,39.3558],[-1.12721,39.35639],[-1.1267,39.35736],[-1.12512,39.35907],[-1.1249,39.35958],[-1.12303,39.36106],[-1.12285,39.36197],[-1.12249,39.36247],[-1.12035,39.36326],[-1.11906,39.36475],[-1.11837,39.36511],[-1.11747,39.36521],[-1.11714,39.36542],[-1.11692,39.36614],[-1.11646,39.36665],[-1.11612,39.36761],[-1.11601,39.37015],[-1.11406,39.37059],[-1.11263,39.37121],[-1.11225,39.37249],[-1.11232,39.37292],[-1.11141,39.37344],[-1.11106,39.37392],[-1.11111,39.37466],[-1.11095,39.37498],[-1.11309,39.37502],[-1.11483,39.37531],[-1.1168,39.3768],[-1.11806,39.37719],[-1.11917,39.37776],[-1.12114,39.37834],[-1.1213,39.37889],[-1.12099,39.37979],[-1.12102,39.38085],[-1.12231,39.38152],[-1.12306,39.38229],[-1.12511,39.38349],[-1.12746,39.38365],[-1.12812,39.38404],[-1.12827,39.38437],[-1.12885,39.3846],[-1.12992,39.38557],[-1.13139,39.3858],[-1.1319,39.38572],[-1.13224,39.38589],[-1.13268,39.38695],[-1.13239,39.3884],[-1.13269,39.38916],[-1.13315,39.38974],[-1.13315,39.39133],[-1.13278,39.39209],[-1.13232,39.39236],[-1.13164,39.39333],[-1.13435,39.39337],[-1.13515,39.39318],[-1.13629,39.39318],[-1.13627,39.39545],[-1.13656,39.39665],[-1.13722,39.39733],[-1.13684,39.39762],[-1.13674,39.39809],[-1.13675,39.39898],[-1.13693,39.39946],[-1.13667,39.40059],[-1.13692,39.40167],[-1.13686,39.40334],[-1.13649,39.40438],[-1.13526,39.40591],[-1.13372,39.40605],[-1.13269,39.40698],[-1.13144,39.40733],[-1.13016,39.408],[-1.12922,39.40902],[-1.1288,39.40901],[-1.12815,39.40865],[-1.1265,39.40834],[-1.12541,39.40835],[-1.12361,39.40872],[-1.1222,39.40875],[-1.12061,39.40986],[-1.12025,39.41043],[-1.1191,39.41047],[-1.11824,39.41032],[-1.11642,39.41079],[-1.11611,39.41123],[-1.11611,39.41164],[-1.1167,39.41261],[-1.11737,39.41322],[-1.1177,39.41403],[-1.11767,39.41676],[-1.11788,39.41748],[-1.11752,39.41802],[-1.11649,39.41842],[-1.11562,39.41911],[-1.11555,39.41995],[-1.11575,39.42059],[-1.11553,39.42114],[-1.11544,39.42297],[-1.11507,39.42378],[-1.11327,39.4254],[-1.1126,39.42564],[-1.11149,39.42571],[-1.11115,39.42591],[-1.11031,39.42761],[-1.10885,39.42873],[-1.10844,39.42894],[-1.10734,39.42902],[-1.107,39.42923],[-1.10663,39.42999],[-1.10671,39.4305],[-1.1061,39.43156],[-1.10398,39.43192],[-1.10334,39.43242],[-1.10311,39.43283],[-1.10321,39.43316],[-1.10309,39.43336],[-1.10192,39.43379],[-1.10076,39.43392],[-1.09919,39.43536],[-1.09859,39.43556],[-1.09728,39.43561],[-1.09699,39.43578],[-1.09613,39.4379],[-1.09508,39.43899],[-1.09458,39.43974],[-1.09379,39.44043],[-1.09378,39.44089],[-1.09405,39.44095],[-1.09408,39.44122],[-1.09484,39.44197],[-1.09495,39.44282],[-1.0954,39.44341],[-1.0955,39.44448],[-1.09577,39.44494],[-1.09629,39.44537],[-1.09878,39.44558],[-1.10012,39.44625],[-1.1009,39.44702],[-1.10155,39.44727],[-1.103,39.44733],[-1.10445,39.44673],[-1.10574,39.44688],[-1.10618,39.44819],[-1.10662,39.44892],[-1.10656,39.45031],[-1.10605,39.45106],[-1.10677,39.45358],[-1.1065,39.45488],[-1.10693,39.4554],[-1.10702,39.45577],[-1.10698,39.45662],[-1.10636,39.45867],[-1.10664,39.45871],[-1.10674,39.45928],[-1.108,39.46043],[-1.10803,39.46106],[-1.10785,39.46156],[-1.108,39.46201],[-1.10799,39.463],[-1.11046,39.46365],[-1.1113,39.46356],[-1.11298,39.46436],[-1.11435,39.46459],[-1.11517,39.46578],[-1.11552,39.46733],[-1.11649,39.46845],[-1.11625,39.46899],[-1.1173,39.46923],[-1.12004,39.46928],[-1.12293,39.4691],[-1.12328,39.46973],[-1.1257,39.47167],[-1.12619,39.47227],[-1.12679,39.47263],[-1.12901,39.47473],[-1.12965,39.47492],[-1.13166,39.47607],[-1.13244,39.47682],[-1.13384,39.47776],[-1.13568,39.47771],[-1.13618,39.47822],[-1.13711,39.47864],[-1.13776,39.47921],[-1.13952,39.4795],[-1.14146,39.47938],[-1.1423,39.4803],[-1.14269,39.48104],[-1.14312,39.4813],[-1.14372,39.48127],[-1.14394,39.48194],[-1.1446,39.48234],[-1.14558,39.48338],[-1.14868,39.4846],[-1.14904,39.48521],[-1.15,39.48605],[-1.15083,39.48707],[-1.15244,39.48773],[-1.15305,39.48767],[-1.15352,39.48783],[-1.15537,39.48784],[-1.15573,39.48725],[-1.15674,39.48743],[-1.1571,39.48779],[-1.15779,39.48798],[-1.15856,39.48852],[-1.15984,39.48849],[-1.16058,39.48899],[-1.16205,39.48935],[-1.1624,39.48963],[-1.16261,39.49013],[-1.16361,39.49045],[-1.16463,39.49044],[-1.16552,39.48991],[-1.1665,39.49025],[-1.16743,39.49008],[-1.16934,39.49131],[-1.16973,39.49336],[-1.17062,39.49411],[-1.17149,39.49426],[-1.17222,39.49462],[-1.17344,39.4945],[-1.1739,39.49484],[-1.17487,39.49497],[-1.17535,39.49532],[-1.1762,39.49547],[-1.17677,39.49593],[-1.17718,39.49687],[-1.17759,39.49718],[-1.1792,39.49743],[-1.18015,39.49721],[-1.1808,39.49688],[-1.18159,39.49708],[-1.18192,39.49843],[-1.18241,39.49881],[-1.18422,39.49966],[-1.18455,39.50017],[-1.18484,39.50192],[-1.18423,39.50341],[-1.18551,39.50369],[-1.1859,39.50393],[-1.18728,39.50534],[-1.18747,39.50586],[-1.188,39.50648],[-1.18869,39.50671],[-1.18983,39.50741],[-1.19034,39.50836],[-1.19214,39.50901],[-1.19345,39.51023],[-1.19799,39.51128],[-1.19807,39.51155],[-1.19875,39.51226],[-1.19886,39.51341],[-1.1992,39.51398],[-1.19962,39.51421],[-1.2013,39.51433],[-1.20262,39.51556],[-1.20452,39.51621],[-1.20524,39.51737],[-1.20649,39.51714],[-1.20774,39.51808],[-1.20837,39.51826],[-1.20874,39.5186],[-1.2098,39.51905],[-1.21098,39.51919],[-1.21162,39.51955],[-1.21335,39.52003],[-1.21474,39.52014],[-1.2174,39.52099],[-1.21935,39.52135],[-1.22,39.5217],[-1.22176,39.52208],[-1.22309,39.52285],[-1.22402,39.52313],[-1.2256,39.52319],[-1.22625,39.52475],[-1.22696,39.52511],[-1.22728,39.52547],[-1.22816,39.52562],[-1.22878,39.52648],[-1.22963,39.52726],[-1.23087,39.52803],[-1.23149,39.52861],[-1.23188,39.52969],[-1.23259,39.53035],[-1.23308,39.53132],[-1.23456,39.53213],[-1.23519,39.53279],[-1.23586,39.53262],[-1.23658,39.53274],[-1.23777,39.53254],[-1.23962,39.53154],[-1.24071,39.53155],[-1.24166,39.53177],[-1.24303,39.53172],[-1.24393,39.53106],[-1.24403,39.53023],[-1.24489,39.53067],[-1.24622,39.53023],[-1.24661,39.52993],[-1.24668,39.52914],[-1.24871,39.52917],[-1.24877,39.52975],[-1.24915,39.53027],[-1.24971,39.53049],[-1.25036,39.53042],[-1.2525,39.53139],[-1.254,39.53129],[-1.25544,39.53166],[-1.25602,39.53134],[-1.2576,39.53135],[-1.25894,39.53163],[-1.25964,39.53226],[-1.26068,39.53224],[-1.26131,39.53181],[-1.26194,39.53101],[-1.2629,39.53077],[-1.26431,39.53074],[-1.2661,39.53046],[-1.26693,39.52982],[-1.26744,39.52863],[-1.2681,39.52824],[-1.26853,39.52767],[-1.26956,39.52765],[-1.27018,39.52739],[-1.27044,39.52707],[-1.27081,39.52702],[-1.27217,39.52712],[-1.27256,39.52846],[-1.27258,39.53],[-1.27321,39.53103],[-1.27464,39.53143],[-1.27529,39.53191],[-1.27618,39.53266],[-1.27631,39.5335],[-1.27654,39.53378],[-1.27742,39.53445],[-1.27847,39.53485],[-1.27902,39.53532],[-1.27938,39.53594],[-1.28036,39.53583],[-1.28072,39.53609],[-1.283,39.53449],[-1.28507,39.53363],[-1.2861,39.53401],[-1.28905,39.53385],[-1.28972,39.53411],[-1.29008,39.53445],[-1.29197,39.53513],[-1.29329,39.53504],[-1.29457,39.53545],[-1.29521,39.53523],[-1.29574,39.5347],[-1.29635,39.53448],[-1.29756,39.5348],[-1.29843,39.53427],[-1.30005,39.53379],[-1.30108,39.53404],[-1.30193,39.53461],[-1.30425,39.53446],[-1.30577,39.53366],[-1.30647,39.53344],[-1.30748,39.53338],[-1.30865,39.53294],[-1.30926,39.53218],[-1.30978,39.53197],[-1.31043,39.53205],[-1.31286,39.5317],[-1.31457,39.53194],[-1.31615,39.53194],[-1.3169,39.53159],[-1.318,39.5315],[-1.3186,39.5313],[-1.32012,39.53028],[-1.32094,39.5305],[-1.32178,39.53106],[-1.32237,39.53056],[-1.32285,39.5305],[-1.32323,39.53056],[-1.3237,39.53091],[-1.32519,39.53101],[-1.32591,39.53138],[-1.3279,39.5313],[-1.32911,39.53166],[-1.3304,39.53176],[-1.33241,39.53221],[-1.33243,39.53292],[-1.33318,39.53488],[-1.3332,39.5356],[-1.33396,39.53582],[-1.33527,39.53566],[-1.33628,39.53604],[-1.33775,39.53618],[-1.33877,39.53693],[-1.33974,39.53728],[-1.34051,39.53811],[-1.34295,39.53916],[-1.34347,39.53965],[-1.34369,39.54038],[-1.34577,39.54104],[-1.34808,39.54219],[-1.34912,39.54296],[-1.35009,39.54334],[-1.35058,39.54386],[-1.35178,39.5446],[-1.35559,39.54477],[-1.35778,39.546],[-1.35842,39.54619],[-1.35874,39.54648],[-1.36134,39.54711],[-1.36238,39.54788],[-1.36296,39.54811],[-1.36414,39.54825],[-1.36589,39.54871],[-1.36698,39.54958],[-1.36945,39.54942],[-1.3705,39.55],[-1.3708,39.54928],[-1.37146,39.5488],[-1.37277,39.54904],[-1.37321,39.54936],[-1.3746,39.54842],[-1.37607,39.54807],[-1.3764,39.5478],[-1.37701,39.54809],[-1.37811,39.54822],[-1.37933,39.54926],[-1.38048,39.54919],[-1.38214,39.54964],[-1.38356,39.55088],[-1.38502,39.55102],[-1.38585,39.55142],[-1.38758,39.55152],[-1.38846,39.5523],[-1.38999,39.55286],[-1.39084,39.55371],[-1.39201,39.55398],[-1.39333,39.55382],[-1.39439,39.55443],[-1.39568,39.55406],[-1.39702,39.55423],[-1.39832,39.55414],[-1.39863,39.55511],[-1.40071,39.55577],[-1.40123,39.55634],[-1.40214,39.55691],[-1.4025,39.55818],[-1.40243,39.55873],[-1.40194,39.55951],[-1.4022,39.56006],[-1.40294,39.56008],[-1.4041,39.56054],[-1.40492,39.56125],[-1.40551,39.56223],[-1.40695,39.56253],[-1.40863,39.56252],[-1.40901,39.56227],[-1.40952,39.5613],[-1.41067,39.561],[-1.41209,39.56103],[-1.41293,39.56184],[-1.41393,39.56236],[-1.41537,39.56283],[-1.4176,39.56311],[-1.42089,39.56331],[-1.42305,39.5623],[-1.42313,39.56288],[-1.42345,39.56335],[-1.42526,39.56398],[-1.42579,39.5644],[-1.42628,39.56544],[-1.42685,39.56611],[-1.42805,39.56593],[-1.42902,39.56542],[-1.42919,39.56624],[-1.42967,39.56646],[-1.4294,39.56682],[-1.42931,39.56802],[-1.42912,39.56836],[-1.4296,39.56912],[-1.42959,39.57074],[-1.42973,39.57127],[-1.42878,39.57147],[-1.42847,39.57168],[-1.42836,39.57304],[-1.42846,39.57332],[-1.43058,39.57516],[-1.43057,39.57593],[-1.43011,39.57629],[-1.43001,39.57667],[-1.43,39.57789],[-1.4303,39.5783],[-1.43189,39.57882],[-1.43328,39.57894],[-1.43399,39.5793],[-1.4352,39.57914],[-1.43589,39.57995],[-1.43675,39.58011],[-1.43708,39.58032],[-1.43815,39.58158],[-1.44096,39.58192],[-1.44149,39.58281],[-1.44123,39.58377],[-1.44132,39.58408],[-1.44282,39.58436],[-1.44351,39.58432],[-1.444,39.58473],[-1.4442,39.58525],[-1.4446,39.58571],[-1.44462,39.58663],[-1.4441,39.58772],[-1.44421,39.58798],[-1.44538,39.58835],[-1.44651,39.58893],[-1.44869,39.58903],[-1.45023,39.58951],[-1.45112,39.59019],[-1.45194,39.59121],[-1.45291,39.59119],[-1.45549,39.59187],[-1.45613,39.59213],[-1.45805,39.59359],[-1.46721,39.59378],[-1.4688,39.59485],[-1.47068,39.59495],[-1.47172,39.59524],[-1.47315,39.59661],[-1.47328,39.59772],[-1.4735,39.59812],[-1.47304,39.59839],[-1.4728,39.59893],[-1.47209,39.59952],[-1.47176,39.60015],[-1.4726,39.60225],[-1.47359,39.60337],[-1.47366,39.60419],[-1.47355,39.60457],[-1.47229,39.60588],[-1.47324,39.60627],[-1.47424,39.60731],[-1.47581,39.60835],[-1.47643,39.60916],[-1.47642,39.61039],[-1.4759,39.61112],[-1.47542,39.61226],[-1.47479,39.6129],[-1.47389,39.61309],[-1.4736,39.61362],[-1.47275,39.61425],[-1.47122,39.61441],[-1.47164,39.61573],[-1.47157,39.61664],[-1.47111,39.61715],[-1.47089,39.6181],[-1.46926,39.61905],[-1.4697,39.61942],[-1.47057,39.61965],[-1.47181,39.61929],[-1.47369,39.61981],[-1.47402,39.62054],[-1.47465,39.62073],[-1.47519,39.62114],[-1.47525,39.62143],[-1.47474,39.62222],[-1.47477,39.62276],[-1.47595,39.62352],[-1.47695,39.62389],[-1.47765,39.62513],[-1.47843,39.62566],[-1.47788,39.62669],[-1.47762,39.62763],[-1.47792,39.62832],[-1.48006,39.63005],[-1.48056,39.63071],[-1.48061,39.63329],[-1.48107,39.63394],[-1.48092,39.63451],[-1.48122,39.63531],[-1.48276,39.63638],[-1.48372,39.63842],[-1.48467,39.63863],[-1.48619,39.63935],[-1.48765,39.64078],[-1.48847,39.6431],[-1.48823,39.6438],[-1.48825,39.64525],[-1.49069,39.6478],[-1.49063,39.64802],[-1.48994,39.64847],[-1.48979,39.64955],[-1.48905,39.65116],[-1.48946,39.65289],[-1.48952,39.6545],[-1.48995,39.65501],[-1.49036,39.65683],[-1.49138,39.65803],[-1.49135,39.65895],[-1.4909,39.65946],[-1.49086,39.65971],[-1.49265,39.66147],[-1.49313,39.66229],[-1.49394,39.66258],[-1.49357,39.66335],[-1.49285,39.66397],[-1.49307,39.66446],[-1.49377,39.66478],[-1.49495,39.66492],[-1.49586,39.66558],[-1.49613,39.66595],[-1.49597,39.66653],[-1.49654,39.66772],[-1.49753,39.66831],[-1.49829,39.66907],[-1.49889,39.66943],[-1.49913,39.67],[-1.49976,39.67059],[-1.49951,39.6713],[-1.49904,39.67191],[-1.49958,39.67311],[-1.50029,39.6738],[-1.50038,39.67432],[-1.5001,39.67441],[-1.49997,39.67523],[-1.49969,39.67543],[-1.49694,39.67524],[-1.49527,39.67569],[-1.49353,39.67714],[-1.48968,39.67911],[-1.48873,39.67942],[-1.48753,39.68068],[-1.48616,39.6805],[-1.48542,39.68059],[-1.48221,39.68299],[-1.48188,39.6835],[-1.48171,39.68442],[-1.48114,39.68511],[-1.48043,39.68555],[-1.47889,39.68568],[-1.47836,39.6861],[-1.47793,39.68682],[-1.47707,39.68736],[-1.47643,39.68756],[-1.47503,39.68734],[-1.47408,39.68753],[-1.47316,39.68749],[-1.47207,39.68644],[-1.47082,39.68574],[-1.47014,39.68549],[-1.46863,39.68542],[-1.4674,39.68515],[-1.46724,39.68491],[-1.46711,39.68395],[-1.46518,39.68258],[-1.46413,39.68218],[-1.46365,39.68136],[-1.46219,39.68032],[-1.46179,39.67973],[-1.46022,39.67975],[-1.45957,39.68009],[-1.45788,39.6804],[-1.45661,39.68085],[-1.45599,39.68114],[-1.45539,39.6818],[-1.45492,39.68294],[-1.45357,39.68409],[-1.4536,39.68442],[-1.45405,39.68478],[-1.45436,39.68579],[-1.45427,39.68608],[-1.45356,39.68667],[-1.4532,39.68725],[-1.45318,39.68818],[-1.4536,39.68921],[-1.45314,39.69041],[-1.45305,39.69171],[-1.45276,39.69267],[-1.45181,39.69264],[-1.45132,39.69243],[-1.44892,39.69239],[-1.44845,39.69216],[-1.44635,39.69211],[-1.44439,39.69146],[-1.44261,39.69138],[-1.44183,39.69099],[-1.44007,39.69062],[-1.43884,39.68982],[-1.4362,39.68948],[-1.43538,39.68886],[-1.43352,39.68876],[-1.43127,39.68708],[-1.42973,39.68669],[-1.42882,39.68609],[-1.42649,39.68548],[-1.42435,39.68383],[-1.42364,39.68354],[-1.42019,39.68395],[-1.41931,39.68448],[-1.41812,39.68481],[-1.41747,39.68516],[-1.4152,39.68522],[-1.41416,39.68599],[-1.41375,39.68728],[-1.41298,39.68821],[-1.41285,39.68945],[-1.4123,39.69061],[-1.41224,39.69175],[-1.41197,39.6924],[-1.41178,39.69412],[-1.4115,39.69428],[-1.41062,39.69413],[-1.40967,39.69419],[-1.4076,39.69506],[-1.40674,39.6956],[-1.40505,39.6959],[-1.40298,39.69654],[-1.40124,39.69776],[-1.40056,39.698],[-1.39957,39.69803],[-1.39906,39.69855],[-1.39874,39.69927],[-1.39887,39.69979],[-1.39872,39.70037],[-1.39956,39.70246],[-1.40025,39.70339],[-1.40034,39.7038],[-1.40059,39.70398],[-1.40058,39.70446],[-1.40031,39.70466],[-1.40028,39.70502],[-1.39964,39.70522],[-1.39871,39.70522],[-1.39777,39.70481],[-1.39611,39.70461],[-1.39563,39.70514],[-1.39211,39.70536],[-1.39165,39.70526],[-1.39079,39.70449],[-1.38851,39.70463],[-1.38757,39.70421],[-1.38707,39.70417],[-1.38664,39.70425],[-1.38459,39.70553],[-1.38366,39.70629],[-1.38365,39.70675],[-1.38425,39.70878],[-1.38553,39.70968],[-1.38582,39.71088],[-1.38576,39.71128],[-1.38516,39.71218],[-1.38479,39.71241],[-1.38346,39.71222],[-1.38119,39.71229],[-1.3806,39.71298],[-1.38015,39.71413],[-1.37903,39.71574],[-1.37947,39.71618],[-1.38088,39.71651],[-1.38128,39.71674],[-1.38239,39.71791],[-1.38303,39.71902],[-1.38299,39.71994],[-1.3807,39.72118],[-1.3806,39.7233],[-1.38031,39.72403],[-1.38032,39.72601],[-1.38133,39.7272],[-1.38164,39.72825],[-1.38172,39.7297],[-1.38277,39.73067],[-1.38265,39.73103],[-1.38191,39.7317],[-1.38159,39.73242],[-1.38235,39.73351],[-1.38291,39.73487],[-1.38296,39.73543],[-1.38294,39.73586],[-1.38214,39.73614],[-1.38121,39.73672],[-1.38114,39.73809],[-1.38139,39.73916],[-1.38082,39.74017],[-1.38071,39.74216],[-1.37986,39.74382],[-1.38015,39.74448],[-1.38102,39.7457],[-1.38169,39.74617],[-1.38299,39.74645],[-1.38296,39.74758],[-1.38139,39.74861],[-1.37976,39.74933],[-1.37865,39.74931],[-1.3785,39.74912],[-1.37821,39.74909],[-1.37581,39.75012],[-1.37502,39.75017],[-1.37475,39.75082],[-1.37463,39.75206],[-1.37428,39.75279],[-1.37351,39.75372],[-1.37346,39.75465],[-1.37091,39.75463],[-1.36693,39.75524],[-1.36485,39.7552],[-1.3646,39.75499],[-1.36382,39.75497],[-1.36341,39.75476],[-1.36224,39.75472],[-1.36181,39.75481],[-1.36033,39.75579],[-1.35854,39.75579],[-1.3576,39.75557],[-1.3565,39.75554],[-1.35514,39.75596],[-1.3524,39.75573],[-1.35124,39.75614],[-1.35107,39.75651],[-1.3517,39.75734],[-1.35185,39.75804],[-1.35228,39.75877],[-1.35282,39.76034],[-1.35252,39.76143],[-1.35223,39.76189],[-1.35156,39.76237],[-1.35054,39.7621],[-1.3489,39.76344],[-1.34827,39.76363],[-1.34751,39.76432],[-1.34525,39.76534],[-1.34462,39.76588],[-1.34341,39.76795],[-1.3433,39.77067],[-1.34303,39.77145],[-1.34332,39.77278],[-1.34613,39.77497],[-1.34577,39.77535],[-1.34504,39.77573],[-1.34468,39.77622],[-1.34463,39.77685],[-1.34486,39.77743],[-1.34487,39.77799],[-1.34422,39.77934],[-1.34295,39.78056],[-1.34107,39.78127],[-1.34077,39.78158],[-1.34063,39.7822],[-1.3403,39.78272],[-1.33955,39.78322],[-1.339,39.78319],[-1.33784,39.7827],[-1.33777,39.78253],[-1.33599,39.78247],[-1.33448,39.78204],[-1.33106,39.7822],[-1.33022,39.783],[-1.3301,39.784],[-1.32929,39.78614],[-1.32937,39.78659],[-1.32921,39.78721],[-1.3294,39.78784],[-1.32864,39.78883],[-1.32872,39.78928],[-1.32856,39.78974],[-1.32849,39.79112],[-1.32793,39.79227],[-1.32784,39.79359],[-1.3273,39.79391],[-1.32726,39.79431],[-1.32658,39.79469],[-1.32443,39.79541],[-1.32365,39.79623],[-1.3223,39.797],[-1.32116,39.79801],[-1.32011,39.79826],[-1.31943,39.79777],[-1.3187,39.79677],[-1.31797,39.79657],[-1.31569,39.79531],[-1.315,39.79506],[-1.3137,39.79497],[-1.31219,39.79437],[-1.3108,39.79425],[-1.30988,39.79388],[-1.3083,39.79359],[-1.3077,39.793],[-1.30494,39.79166],[-1.30405,39.791],[-1.30352,39.79051],[-1.30331,39.78978],[-1.30187,39.78834],[-1.30041,39.78759],[-1.29987,39.78674],[-1.29857,39.78579],[-1.29809,39.78526],[-1.29776,39.78444],[-1.29747,39.78266],[-1.29754,39.78208],[-1.2981,39.78127],[-1.29701,39.78053],[-1.29603,39.7795],[-1.29536,39.77911],[-1.2951,39.77856],[-1.29329,39.77693],[-1.29129,39.7766],[-1.29072,39.77637],[-1.28967,39.77559],[-1.28924,39.77553],[-1.28791,39.77633],[-1.28573,39.77687],[-1.28478,39.77748],[-1.27803,39.77735],[-1.2764,39.77683],[-1.27191,39.77398],[-1.2702,39.77368],[-1.26911,39.77406],[-1.26712,39.77408],[-1.26546,39.77431],[-1.26333,39.77509],[-1.26255,39.77506],[-1.26223,39.77454],[-1.2614,39.77405],[-1.2592,39.77384],[-1.25752,39.77251],[-1.2565,39.7715],[-1.2544,39.77107],[-1.25421,39.77011],[-1.25364,39.76942],[-1.25187,39.76928],[-1.25065,39.76868],[-1.24944,39.76852],[-1.24822,39.76814],[-1.2471,39.76758],[-1.24569,39.76566],[-1.24574,39.76533],[-1.24623,39.7649],[-1.24623,39.76374],[-1.24535,39.76232],[-1.2447,39.76192],[-1.24434,39.76143],[-1.24322,39.75883],[-1.24246,39.75908],[-1.24217,39.75946],[-1.24127,39.75996],[-1.24032,39.76089],[-1.2402,39.76186],[-1.24036,39.76253],[-1.24022,39.76302],[-1.2406,39.76479],[-1.23945,39.76594],[-1.23857,39.76634],[-1.23812,39.76615],[-1.23567,39.7642],[-1.23479,39.76406],[-1.23414,39.76371],[-1.23306,39.76356],[-1.23273,39.76328],[-1.23178,39.76351],[-1.23123,39.76321],[-1.22956,39.76286],[-1.22816,39.76222],[-1.22716,39.76226],[-1.22629,39.76272],[-1.22548,39.76345],[-1.22339,39.76416],[-1.22211,39.76349],[-1.2209,39.76367],[-1.21962,39.76361],[-1.21878,39.76304],[-1.21737,39.76251],[-1.21661,39.76275],[-1.21604,39.76354],[-1.21407,39.76353],[-1.21313,39.76281],[-1.21202,39.76121],[-1.21127,39.75978],[-1.21061,39.75916],[-1.21038,39.75859],[-1.20926,39.75751],[-1.20669,39.75632],[-1.20581,39.75618],[-1.20409,39.75538],[-1.20321,39.75524],[-1.20246,39.75461],[-1.20241,39.75385],[-1.20193,39.75314],[-1.20231,39.75181],[-1.20271,39.75136],[-1.20256,39.75079],[-1.20264,39.74979],[-1.20352,39.74887],[-1.20462,39.74845],[-1.20726,39.74665],[-1.2071,39.74491],[-1.20767,39.74321],[-1.20779,39.74221],[-1.20813,39.74193],[-1.20903,39.74182],[-1.20968,39.74156],[-1.20989,39.74067],[-1.21036,39.73995],[-1.21044,39.73804],[-1.21013,39.73729],[-1.20969,39.73678],[-1.20963,39.73632],[-1.2097,39.73593],[-1.21002,39.7355],[-1.21077,39.73517],[-1.21057,39.73438],[-1.21067,39.73257],[-1.212,39.73148],[-1.21218,39.73079],[-1.21253,39.7303],[-1.21341,39.72985],[-1.21494,39.72947],[-1.21543,39.72858],[-1.21577,39.7283],[-1.21803,39.72782],[-1.21807,39.7271],[-1.21833,39.72665],[-1.21777,39.72548],[-1.21725,39.72513],[-1.21268,39.72481],[-1.20993,39.72522],[-1.20924,39.72433],[-1.20863,39.72389],[-1.20675,39.72382],[-1.2058,39.72401],[-1.20449,39.72399],[-1.2031,39.72337],[-1.20226,39.72346],[-1.20103,39.72298],[-1.20021,39.72234],[-1.19989,39.72184],[-1.2,39.7211],[-1.19982,39.71987],[-1.19936,39.71928],[-1.19889,39.71809],[-1.19754,39.71702],[-1.19539,39.71657],[-1.19423,39.71522],[-1.19415,39.71375],[-1.1939,39.71324],[-1.19444,39.71273],[-1.1947,39.71224],[-1.19256,39.71196],[-1.19244,39.7109],[-1.19146,39.71],[-1.19118,39.70954],[-1.19105,39.70862],[-1.19008,39.70704],[-1.18976,39.706],[-1.1898,39.70342],[-1.19037,39.7025],[-1.19013,39.70162],[-1.19024,39.6969],[-1.18974,39.69587],[-1.18967,39.69463],[-1.18935,39.69389],[-1.18894,39.69344],[-1.18888,39.69305],[-1.18902,39.69256],[-1.19026,39.69209],[-1.19086,39.69213],[-1.19108,39.69145],[-1.19163,39.69097],[-1.19329,39.69039],[-1.19562,39.68866],[-1.19566,39.68841],[-1.1954,39.68796],[-1.19439,39.68684],[-1.19372,39.685],[-1.19214,39.68365],[-1.19142,39.6822],[-1.19062,39.68155],[-1.18801,39.68138],[-1.18699,39.68088],[-1.18664,39.68022],[-1.18656,39.67853],[-1.18565,39.67773],[-1.18517,39.67691],[-1.18364,39.6759],[-1.18315,39.67509],[-1.18261,39.67461],[-1.18132,39.67402],[-1.18028,39.67325],[-1.17678,39.6724],[-1.17646,39.67218],[-1.17623,39.67162],[-1.17543,39.67054],[-1.17387,39.66918],[-1.17286,39.6675],[-1.17161,39.66644],[-1.17085,39.66524],[-1.17048,39.66496],[-1.17037,39.66461],[-1.16946,39.66362],[-1.16663,39.6613],[-1.1654,39.66071],[-1.16555,39.65961],[-1.16446,39.65806],[-1.16373,39.65757],[-1.16354,39.65705],[-1.16314,39.65683],[-1.16258,39.65616],[-1.1624,39.65547],[-1.16175,39.65507],[-1.16155,39.65448],[-1.16086,39.65388],[-1.16079,39.65327],[-1.15984,39.65222],[-1.15915,39.65184],[-1.15823,39.65098],[-1.1563,39.6502],[-1.15478,39.64935],[-1.14995,39.64544],[-1.14775,39.64714],[-1.14619,39.64749],[-1.1452,39.64807],[-1.14383,39.64776],[-1.1431,39.6472],[-1.14232,39.6469],[-1.14155,39.64637],[-1.14096,39.64562],[-1.14057,39.64453],[-1.14017,39.64408],[-1.13997,39.64356],[-1.13932,39.64294],[-1.13917,39.64182],[-1.13824,39.64117],[-1.13769,39.64032],[-1.1368,39.63995],[-1.13633,39.63942],[-1.13525,39.63868],[-1.13472,39.63863],[-1.13402,39.63801],[-1.13334,39.63771],[-1.13233,39.63665],[-1.13067,39.63576],[-1.13039,39.63549],[-1.13039,39.63482],[-1.13015,39.63474],[-1.13012,39.63454],[-1.12706,39.63364],[-1.12537,39.63352],[-1.12408,39.63299],[-1.12357,39.63256],[-1.12339,39.63203],[-1.12278,39.63134],[-1.12127,39.6302],[-1.11972,39.62791],[-1.11882,39.6272],[-1.11867,39.62715],[-1.11821,39.62754],[-1.11722,39.62778],[-1.11551,39.62757],[-1.11357,39.62791],[-1.11216,39.62712],[-1.11063,39.62671],[-1.10832,39.62556],[-1.10442,39.62293],[-1.1023,39.6223],[-1.10149,39.62176],[-1.10076,39.62167],[-1.09829,39.61954],[-1.09731,39.61718],[-1.09682,39.61666],[-1.09589,39.61514],[-1.09494,39.61408],[-1.09525,39.61249],[-1.09571,39.612],[-1.0961,39.61101],[-1.09504,39.6107],[-1.09371,39.60992],[-1.09165,39.60954],[-1.08918,39.60865],[-1.08914,39.60789],[-1.08829,39.60688],[-1.08585,39.60582],[-1.08476,39.60494],[-1.08454,39.60437],[-1.08378,39.60362],[-1.08407,39.60318],[-1.0841,39.60209],[-1.08333,39.60098],[-1.08326,39.59997],[-1.08285,39.59895],[-1.08383,39.59812],[-1.08409,39.59756],[-1.08501,39.597],[-1.08594,39.59614],[-1.08633,39.59554],[-1.08713,39.5958],[-1.08729,39.59599],[-1.08796,39.59595],[-1.08843,39.59499],[-1.08897,39.59449],[-1.08903,39.59203],[-1.08888,39.5918],[-1.08803,39.59141],[-1.08758,39.59094],[-1.08685,39.59051],[-1.08683,39.59005],[-1.08736,39.58906],[-1.08674,39.58773],[-1.08493,39.58644],[-1.08421,39.58498],[-1.08298,39.58324],[-1.08284,39.58255],[-1.08191,39.581],[-1.08196,39.58065],[-1.08148,39.57982],[-1.08027,39.57835],[-1.07876,39.57704],[-1.07883,39.57675],[-1.08016,39.57574],[-1.08168,39.5743],[-1.07979,39.57261],[-1.07998,39.57154],[-1.07937,39.57049],[-1.07861,39.56973],[-1.07733,39.57078],[-1.07537,39.5708],[-1.07471,39.57144],[-1.07415,39.57165],[-1.0723,39.57058],[-1.06988,39.57007],[-1.06868,39.56999],[-1.068,39.56974],[-1.06574,39.56846],[-1.06398,39.56788],[-1.06324,39.56745],[-1.06204,39.56526],[-1.06139,39.56464],[-1.06124,39.56373],[-1.06078,39.56292],[-1.06081,39.56199],[-1.06137,39.5612],[-1.06113,39.55976],[-1.06037,39.55996],[-1.05829,39.55992],[-1.05659,39.55916],[-1.05575,39.55858],[-1.05244,39.55848],[-1.05273,39.55775],[-1.05282,39.55645],[-1.05337,39.5553],[-1.05314,39.55422],[-1.05359,39.55414],[-1.05441,39.55363],[-1.05596,39.55304],[-1.05646,39.55216],[-1.05695,39.55178],[-1.05736,39.55043],[-1.05786,39.54987],[-1.05791,39.54888],[-1.0572,39.54789],[-1.05747,39.54662],[-1.05855,39.54561],[-1.05869,39.54461],[-1.05922,39.54346],[-1.05905,39.54251],[-1.05959,39.54175],[-1.05963,39.5413],[-1.05989,39.54121],[-1.05992,39.54078],[-1.06049,39.53994],[-1.06057,39.53872],[-1.06083,39.53807],[-1.06095,39.53691],[-1.06293,39.53465],[-1.06277,39.5337],[-1.06327,39.53307],[-1.06328,39.53267],[-1.06226,39.53193],[-1.06196,39.53143],[-1.06193,39.53094],[-1.06114,39.53065],[-1.05921,39.5289],[-1.05766,39.52842],[-1.05589,39.52832],[-1.05533,39.52794],[-1.05339,39.5278],[-1.05239,39.52707],[-1.05186,39.52694],[-1.05084,39.52587],[-1.05027,39.52592],[-1.04911,39.52555],[-1.04725,39.52551],[-1.04698,39.52484],[-1.04727,39.52375],[-1.04681,39.52244],[-1.04683,39.52203],[-1.04743,39.52069],[-1.04848,39.51983],[-1.04948,39.5182],[-1.04915,39.51713],[-1.04872,39.51684],[-1.04842,39.51632],[-1.04814,39.51495],[-1.04835,39.51389],[-1.04705,39.5128],[-1.0464,39.51204],[-1.04545,39.51164],[-1.04514,39.51111],[-1.04421,39.51063],[-1.04319,39.51073],[-1.04256,39.51025],[-1.04237,39.50929],[-1.04143,39.50845],[-1.04097,39.50768],[-1.03861,39.50612],[-1.03838,39.50512],[-1.037,39.50424],[-1.03634,39.50398],[-1.03322,39.50338],[-1.03257,39.50302],[-1.03171,39.50287],[-1.03058,39.5023],[-1.02782,39.50218],[-1.02709,39.5018],[-1.02563,39.5015],[-1.02447,39.50154],[-1.02294,39.50257],[-1.02169,39.50258],[-1.02008,39.50298],[-1.01928,39.50292],[-1.01835,39.5025],[-1.01755,39.50253],[-1.01673,39.50287],[-1.01472,39.50263],[-1.01399,39.50225],[-1.01256,39.502],[-1.01125,39.50218],[-1.00856,39.50403],[-1.00752,39.50441],[-1.006,39.50549],[-1.00567,39.50586],[-1.00561,39.50679],[-1.00357,39.50649],[-1.00283,39.50611],[-1.00088,39.50576],[-0.99916,39.50495],[-0.99792,39.50525],[-0.99684,39.50531],[-0.99614,39.50579],[-0.99555,39.50647],[-0.99529,39.50703],[-0.9941,39.50775],[-0.99384,39.50831],[-0.99284,39.50915],[-0.99274,39.50976],[-0.99348,39.51051],[-0.99324,39.5108],[-0.99261,39.51122],[-0.99045,39.51211],[-0.98901,39.51199],[-0.98723,39.51217],[-0.98663,39.51261],[-0.9861,39.5134],[-0.98507,39.51386],[-0.98247,39.51167],[-0.98002,39.51033],[-0.97898,39.50955],[-0.97775,39.50909],[-0.97664,39.50981],[-0.97538,39.50994],[-0.97334,39.51069],[-0.97125,39.51057],[-0.96982,39.51175],[-0.96846,39.51198],[-0.96647,39.51199],[-0.96522,39.51277],[-0.96384,39.5128],[-0.96082,39.51146],[-0.95877,39.5113],[-0.95714,39.5103],[-0.95598,39.50993],[-0.95518,39.50912],[-0.95268,39.50722],[-0.95228,39.50804],[-0.95141,39.50872],[-0.951,39.50894],[-0.95009,39.50907],[-0.94972,39.50937],[-0.9509,39.51074],[-0.95186,39.51135],[-0.95197,39.51225],[-0.95184,39.51298],[-0.95114,39.51357],[-0.9506,39.51429],[-0.94999,39.51448],[-0.94977,39.51513],[-0.94947,39.51545],[-0.94907,39.51567],[-0.94758,39.51599],[-0.94664,39.51645],[-0.9459,39.51716],[-0.94383,39.51802],[-0.94289,39.51808],[-0.94201,39.51793],[-0.94075,39.51823],[-0.93945,39.51829],[-0.93832,39.519],[-0.93779,39.51912],[-0.93859,39.51994],[-0.93883,39.52164],[-0.93716,39.52284],[-0.93708,39.52397],[-0.93721,39.52463],[-0.93561,39.52526],[-0.93533,39.52552],[-0.93525,39.52592],[-0.93529,39.52659],[-0.93586,39.5275],[-0.93713,39.5282],[-0.93671,39.52869],[-0.93663,39.52907],[-0.93685,39.52995],[-0.9367,39.53049],[-0.93685,39.53095],[-0.93682,39.53239],[-0.93512,39.53279],[-0.93178,39.5317],[-0.93038,39.53223],[-0.92918,39.53173],[-0.92874,39.53139],[-0.92748,39.53155],[-0.92477,39.53345],[-0.92316,39.534],[-0.92141,39.53557],[-0.92094,39.53648],[-0.92039,39.53705],[-0.9201,39.53704],[-0.91844,39.53555],[-0.91807,39.53436],[-0.917,39.53361],[-0.91697,39.53285],[-0.91643,39.5317],[-0.91479,39.52997],[-0.91359,39.52991],[-0.91259,39.52956],[-0.91178,39.53006],[-0.90994,39.53051],[-0.90819,39.53074],[-0.90688,39.53071],[-0.90605,39.53026],[-0.90426,39.52872],[-0.90157,39.52763],[-0.90081,39.52709],[-0.89862,39.52655],[-0.89596,39.52622],[-0.89529,39.52598],[-0.89411,39.52522],[-0.89251,39.52354],[-0.89151,39.52296],[-0.89081,39.52215],[-0.88964,39.52126],[-0.88898,39.52109],[-0.88813,39.52053],[-0.88618,39.52016],[-0.88553,39.51981],[-0.88378,39.51942],[-0.8814,39.51833],[-0.88136,39.51785],[-0.88091,39.51728],[-0.88024,39.515],[-0.8799,39.51473],[-0.87872,39.51437],[-0.87766,39.51382],[-0.87677,39.51369],[-0.87575,39.51327],[-0.8741,39.51345],[-0.87145,39.51348],[-0.8705,39.51394],[-0.86945,39.51532],[-0.86819,39.51591],[-0.86716,39.51661],[-0.86407,39.51741],[-0.86281,39.51821],[-0.86147,39.51772],[-0.86029,39.51676],[-0.85959,39.51595],[-0.8583,39.51506],[-0.85802,39.51461],[-0.85788,39.51392],[-0.85693,39.51308],[-0.85629,39.51201],[-0.85687,39.51114],[-0.857,39.50968],[-0.85764,39.50872],[-0.85825,39.50829],[-0.85891,39.50813],[-0.85997,39.50676],[-0.86157,39.50545],[-0.86249,39.50509],[-0.86209,39.50448],[-0.86208,39.50371],[-0.86296,39.50129],[-0.86223,39.49897],[-0.86261,39.49807],[-0.86301,39.49754],[-0.86264,39.4969],[-0.86257,39.49589],[-0.86233,39.49523],[-0.85981,39.49459],[-0.85947,39.49359],[-0.85954,39.49291],[-0.85978,39.49241],[-0.85976,39.49194],[-0.85902,39.49121],[-0.85815,39.48952],[-0.85766,39.4895],[-0.85737,39.48928],[-0.85409,39.48922],[-0.85399,39.48886],[-0.85328,39.48811],[-0.85208,39.48827],[-0.85003,39.48821],[-0.84942,39.48739],[-0.84867,39.48699],[-0.84807,39.48645],[-0.84812,39.48497],[-0.84848,39.48369],[-0.84886,39.48267],[-0.84957,39.48204],[-0.84967,39.48148],[-0.84921,39.4812],[-0.84888,39.48066],[-0.84882,39.47965],[-0.84837,39.47856],[-0.84862,39.47762],[-0.84829,39.47613],[-0.84708,39.47482],[-0.84681,39.47421],[-0.84594,39.4739],[-0.84498,39.47327],[-0.84663,39.47193],[-0.84748,39.47033],[-0.84822,39.46992],[-0.84855,39.46954],[-0.84882,39.46804],[-0.84843,39.46736],[-0.84813,39.46625],[-0.84872,39.46525],[-0.84757,39.465],[-0.8476,39.46418],[-0.84786,39.4637],[-0.84796,39.4627],[-0.84854,39.46185],[-0.84788,39.46147],[-0.8469,39.46131],[-0.8463,39.46095],[-0.84479,39.46089],[-0.84453,39.46006],[-0.84473,39.459],[-0.8446,39.45773],[-0.84471,39.45737],[-0.84514,39.45693],[-0.84522,39.4563],[-0.84511,39.45597],[-0.84438,39.45526],[-0.84246,39.45469],[-0.84143,39.45392],[-0.84086,39.45368],[-0.83899,39.45355],[-0.83808,39.45313],[-0.83317,39.45337],[-0.8316,39.45216],[-0.82874,39.45054],[-0.82749,39.45036],[-0.82519,39.4492],[-0.82417,39.44842],[-0.82311,39.44788],[-0.82253,39.44787],[-0.82188,39.44725],[-0.82042,39.44665],[-0.81922,39.44525],[-0.81873,39.44444],[-0.81792,39.44379],[-0.8173,39.44355],[-0.8164,39.44348],[-0.81502,39.44389],[-0.81382,39.44383],[-0.81259,39.44333],[-0.81176,39.44249],[-0.81132,39.44225],[-0.81096,39.44307],[-0.80965,39.44454],[-0.80948,39.44523],[-0.80887,39.44635],[-0.80802,39.44669],[-0.80738,39.4463],[-0.80649,39.44616],[-0.80413,39.44531],[-0.80225,39.44501],[-0.79974,39.44494],[-0.79869,39.44467],[-0.797,39.44363],[-0.79518,39.44277],[-0.79404,39.44201],[-0.79426,39.44125],[-0.79423,39.44049],[-0.7938,39.43998],[-0.79342,39.43867],[-0.79315,39.43821],[-0.79246,39.43788],[-0.79049,39.43753],[-0.7893,39.43694],[-0.78721,39.43705],[-0.78518,39.43637],[-0.78318,39.43716],[-0.78084,39.43724],[-0.77963,39.43787],[-0.77891,39.43861],[-0.77834,39.43868],[-0.77723,39.438],[-0.77694,39.43741],[-0.77523,39.43604],[-0.77392,39.4356],[-0.77316,39.43507],[-0.77191,39.43467],[-0.76974,39.4332],[-0.76937,39.43321],[-0.76861,39.4339],[-0.76752,39.43443],[-0.76657,39.43418],[-0.76459,39.43246],[-0.76322,39.43222],[-0.76277,39.43145],[-0.76169,39.43057],[-0.7593,39.43035],[-0.75854,39.42915],[-0.75801,39.42867],[-0.75741,39.42823],[-0.75607,39.42772],[-0.75775,39.42697],[-0.75837,39.42647],[-0.7585,39.42509],[-0.75887,39.42381],[-0.75921,39.42316],[-0.75967,39.42275],[-0.75925,39.42102],[-0.75945,39.4205],[-0.75929,39.41983],[-0.7595,39.41935],[-0.75956,39.4183],[-0.7593,39.41761],[-0.75862,39.41701],[-0.75708,39.41682],[-0.75653,39.41657],[-0.75563,39.41574],[-0.75494,39.41593],[-0.75278,39.41605],[-0.75199,39.41583],[-0.75162,39.4155],[-0.75042,39.41499],[-0.74834,39.41514],[-0.74759,39.41561],[-0.74711,39.41614],[-0.74544,39.41717],[-0.74467,39.41816],[-0.74407,39.4186],[-0.74347,39.41861],[-0.74245,39.41821],[-0.74174,39.41821],[-0.73968,39.41963],[-0.73755,39.42029],[-0.73586,39.42035],[-0.73479,39.42094],[-0.73392,39.42095],[-0.73358,39.41988],[-0.73302,39.41941],[-0.73245,39.41918],[-0.72934,39.41905],[-0.72859,39.41735],[-0.72915,39.41594],[-0.72918,39.4146],[-0.72889,39.41398],[-0.72838,39.41366],[-0.72681,39.41354],[-0.72568,39.41253],[-0.72437,39.41232],[-0.7241,39.41207],[-0.72357,39.41093],[-0.72364,39.4107],[-0.7243,39.41032],[-0.72581,39.40832],[-0.72619,39.40752],[-0.72633,39.40675],[-0.72679,39.40625],[-0.72686,39.40555],[-0.72651,39.4045],[-0.72635,39.40435],[-0.7253,39.40444],[-0.72412,39.40401],[-0.72249,39.40272],[-0.72101,39.40182],[-0.71803,39.40126],[-0.71734,39.40146],[-0.71605,39.4013],[-0.71569,39.40172],[-0.71583,39.40273],[-0.71424,39.40419],[-0.7135,39.40513],[-0.71238,39.40543],[-0.71031,39.40519],[-0.70896,39.40566],[-0.70836,39.40632],[-0.7081,39.40735],[-0.70701,39.40816],[-0.70657,39.40825],[-0.70548,39.40819],[-0.70474,39.40776],[-0.70468,39.40717],[-0.70431,39.40668],[-0.70175,39.40679],[-0.70031,39.40641],[-0.69905,39.4065],[-0.69785,39.40608],[-0.69626,39.40597],[-0.69423,39.40422],[-0.6933,39.40428],[-0.692,39.40374],[-0.69141,39.40367],[-0.68958,39.40426],[-0.68829,39.40428],[-0.68674,39.40376],[-0.68618,39.40321],[-0.68549,39.40299],[-0.68357,39.40162],[-0.6825,39.40044],[-0.68189,39.40023],[-0.68102,39.39933],[-0.6808,39.39876],[-0.67965,39.398],[-0.67905,39.39726],[-0.67877,39.39611],[-0.67983,39.3955],[-0.68007,39.39529],[-0.68001,39.39514],[-0.67906,39.39464],[-0.67535,39.39458],[-0.67406,39.39494],[-0.6708,39.39443],[-0.66991,39.39398],[-0.66947,39.39255],[-0.669,39.39168],[-0.66902,39.39075],[-0.66932,39.38985],[-0.66901,39.38873],[-0.66777,39.38823],[-0.66671,39.38726],[-0.66487,39.38655],[-0.66477,39.38548],[-0.6645,39.3848],[-0.66405,39.38422],[-0.66397,39.38277],[-0.6633,39.38209],[-0.66315,39.38118],[-0.66275,39.38087],[-0.66231,39.37996],[-0.66162,39.37929],[-0.66153,39.37746],[-0.66123,39.37703],[-0.66058,39.37662],[-0.65891,39.37456],[-0.65879,39.37343],[-0.65833,39.37285],[-0.65832,39.37192],[-0.65295,39.3707],[-0.64582,39.37055],[-0.64458,39.37072],[-0.64366,39.37051],[-0.64249,39.37054],[-0.64215,39.37083],[-0.64208,39.37138],[-0.64217,39.37174],[-0.64258,39.37219],[-0.64259,39.37253],[-0.64179,39.37353],[-0.64162,39.37429],[-0.64141,39.37455],[-0.64332,39.37529],[-0.64432,39.37604],[-0.64498,39.37629],[-0.64376,39.37643],[-0.64267,39.37693],[-0.64113,39.37738],[-0.63967,39.37725],[-0.63857,39.37798],[-0.63732,39.37811],[-0.6351,39.37945],[-0.63409,39.37978],[-0.63283,39.38101],[-0.63291,39.3819],[-0.63263,39.38298],[-0.63223,39.38343],[-0.63229,39.38409],[-0.63114,39.38457],[-0.63097,39.3845],[-0.63054,39.38361],[-0.63,39.38336],[-0.62724,39.38344],[-0.62622,39.38286],[-0.62574,39.38315],[-0.62437,39.38325],[-0.62321,39.38401],[-0.62171,39.38436],[-0.62142,39.3839],[-0.6216,39.38331],[-0.62131,39.38273],[-0.61926,39.38123],[-0.61809,39.38004],[-0.61802,39.37943],[-0.61826,39.37867],[-0.6177,39.3777],[-0.61685,39.37701],[-0.61502,39.37638],[-0.61431,39.37559],[-0.61297,39.37483],[-0.61202,39.37561],[-0.61013,39.3766],[-0.60895,39.37804],[-0.60632,39.37958],[-0.60504,39.37993],[-0.60366,39.38064],[-0.6016,39.38118],[-0.60085,39.38154],[-0.59985,39.3815],[-0.59921,39.38113],[-0.59776,39.38075],[-0.59693,39.38018],[-0.5959,39.37991],[-0.59349,39.38033],[-0.59259,39.38086],[-0.59217,39.38094],[-0.58969,39.3798],[-0.58875,39.37956],[-0.58794,39.37971],[-0.58664,39.37967],[-0.58516,39.379],[-0.58221,39.37943],[-0.58129,39.37979]]]}},{"type":"Feature","id":"13-0","properties":{"NomSistExp":"Júcar","Subsistema":"Cànyoles - Albaida","Superf km2":1227.02,"Area km2":1227.02,"id":"13-0"},"geometry":{"type":"Polygon","coordinates":[[[-0.57093,38.75392],[-0.57392,38.75463],[-0.57631,38.7548],[-0.57923,38.75368],[-0.5799,38.75374],[-0.58025,38.75539],[-0.58214,38.75658],[-0.58358,38.75862],[-0.58517,38.75859],[-0.5865,38.7582],[-0.58802,38.75719],[-0.58904,38.75591],[-0.58884,38.75496],[-0.58984,38.75364],[-0.5924,38.75183],[-0.59403,38.75132],[-0.59626,38.75166],[-0.59906,38.75154],[-0.602,38.7508],[-0.60305,38.75014],[-0.60503,38.74825],[-0.60658,38.74641],[-0.60646,38.74504],[-0.60685,38.74373],[-0.60799,38.74264],[-0.60951,38.74192],[-0.61142,38.74246],[-0.61319,38.74356],[-0.61536,38.74463],[-0.61712,38.74446],[-0.6185,38.74361],[-0.61832,38.74297],[-0.61905,38.74214],[-0.6207,38.74178],[-0.6228,38.74072],[-0.6229,38.73981],[-0.62209,38.73798],[-0.62249,38.73695],[-0.62364,38.73646],[-0.62948,38.73536],[-0.63062,38.73417],[-0.63559,38.73093],[-0.64068,38.72854],[-0.64296,38.72782],[-0.64442,38.72843],[-0.64501,38.72922],[-0.64501,38.73088],[-0.64564,38.73186],[-0.64749,38.73289],[-0.65101,38.73425],[-0.65286,38.73596],[-0.65361,38.73793],[-0.65527,38.73939],[-0.65577,38.74084],[-0.6546,38.74196],[-0.65238,38.74359],[-0.64799,38.7475],[-0.64771,38.74864],[-0.64802,38.7524],[-0.64945,38.75382],[-0.65216,38.75496],[-0.65373,38.75595],[-0.65662,38.75739],[-0.65855,38.75767],[-0.66199,38.75789],[-0.66345,38.75763],[-0.66901,38.75615],[-0.6714,38.75586],[-0.67295,38.75508],[-0.67858,38.75733],[-0.68373,38.75679],[-0.68567,38.75703],[-0.68795,38.75701],[-0.68846,38.75651],[-0.68862,38.75536],[-0.68963,38.75452],[-0.69061,38.75434],[-0.69509,38.75535],[-0.69742,38.75555],[-0.70079,38.75338],[-0.70339,38.75276],[-0.70571,38.75167],[-0.71276,38.74987],[-0.71396,38.74972],[-0.71893,38.75105],[-0.72086,38.75203],[-0.72221,38.75347],[-0.7242,38.75257],[-0.72749,38.75275],[-0.73005,38.75329],[-0.73181,38.75416],[-0.73193,38.75601],[-0.73392,38.75786],[-0.73474,38.75882],[-0.73598,38.75917],[-0.7375,38.75796],[-0.73897,38.75716],[-0.74059,38.75745],[-0.74122,38.75825],[-0.74339,38.75888],[-0.74892,38.75786],[-0.75212,38.75812],[-0.75368,38.75894],[-0.75544,38.76016],[-0.7581,38.76097],[-0.76106,38.76138],[-0.76372,38.76101],[-0.76575,38.76013],[-0.76815,38.75809],[-0.77142,38.75633],[-0.77258,38.75538],[-0.77433,38.75331],[-0.77576,38.75209],[-0.77862,38.75025],[-0.78183,38.74874],[-0.7857,38.74816],[-0.7891,38.74829],[-0.79118,38.74862],[-0.79231,38.7496],[-0.7902,38.75148],[-0.78698,38.75398],[-0.78308,38.75841],[-0.78143,38.75955],[-0.7799,38.76092],[-0.77689,38.76472],[-0.77654,38.76576],[-0.77661,38.76687],[-0.78046,38.76987],[-0.78346,38.77186],[-0.78518,38.77355],[-0.78608,38.77597],[-0.78653,38.77793],[-0.78747,38.7792],[-0.7886,38.78133],[-0.79063,38.78369],[-0.79215,38.78457],[-0.79256,38.78541],[-0.79335,38.78633],[-0.79429,38.78672],[-0.795,38.78648],[-0.79721,38.78424],[-0.79862,38.78331],[-0.80066,38.78236],[-0.80212,38.78239],[-0.80321,38.78288],[-0.80485,38.78252],[-0.80749,38.78227],[-0.80977,38.78166],[-0.81504,38.78192],[-0.81953,38.78043],[-0.82156,38.77933],[-0.82439,38.77857],[-0.82816,38.77833],[-0.8334,38.77691],[-0.83592,38.77643],[-0.83994,38.7766],[-0.84344,38.77698],[-0.84594,38.77762],[-0.84824,38.77872],[-0.84985,38.77994],[-0.85188,38.78223],[-0.85341,38.78257],[-0.85432,38.78309],[-0.85616,38.77951],[-0.85733,38.7785],[-0.8591,38.77837],[-0.8614,38.77853],[-0.86172,38.77811],[-0.86205,38.77682],[-0.8633,38.77561],[-0.86506,38.77544],[-0.87045,38.77558],[-0.87296,38.77586],[-0.8749,38.7758],[-0.87617,38.77556],[-0.87872,38.77365],[-0.8806,38.77295],[-0.88569,38.77155],[-0.88604,38.77026],[-0.88733,38.76883],[-0.88868,38.76839],[-0.89415,38.76778],[-0.89736,38.76784],[-0.90534,38.76589],[-0.90795,38.76619],[-0.90912,38.76665],[-0.90996,38.76782],[-0.91348,38.76873],[-0.91558,38.76977],[-0.91632,38.77069],[-0.9172,38.7727],[-0.91739,38.77474],[-0.91772,38.77634],[-0.92329,38.78068],[-0.92819,38.78335],[-0.93197,38.78215],[-0.93459,38.78155],[-0.93941,38.77965],[-0.93941,38.78085],[-0.93835,38.78527],[-0.9383,38.78727],[-0.93895,38.78841],[-0.94215,38.79089],[-0.94366,38.79242],[-0.94512,38.79327],[-0.94879,38.79619],[-0.95329,38.79813],[-0.95447,38.7991],[-0.95501,38.79979],[-0.9548,38.8008],[-0.95489,38.80276],[-0.95557,38.80365],[-0.95746,38.80476],[-0.95698,38.80501],[-0.95681,38.80542],[-0.95638,38.80546],[-0.9549,38.80654],[-0.95427,38.80726],[-0.95405,38.808],[-0.95282,38.80876],[-0.95212,38.8096],[-0.94946,38.8107],[-0.94711,38.81066],[-0.94678,38.81099],[-0.94579,38.81138],[-0.94448,38.8123],[-0.9437,38.8125],[-0.94263,38.81386],[-0.94122,38.81437],[-0.94061,38.81433],[-0.93942,38.81372],[-0.93864,38.81351],[-0.93739,38.81334],[-0.93565,38.81161],[-0.93321,38.81087],[-0.93305,38.81086],[-0.93299,38.81108],[-0.93218,38.81107],[-0.93161,38.81193],[-0.93148,38.814],[-0.9307,38.81478],[-0.93053,38.81608],[-0.93006,38.8168],[-0.9299,38.81765],[-0.92948,38.81832],[-0.93072,38.81951],[-0.93102,38.82255],[-0.93171,38.82353],[-0.9308,38.82667],[-0.93034,38.82717],[-0.93018,38.82801],[-0.92967,38.82865],[-0.92965,38.82945],[-0.93008,38.83009],[-0.93022,38.83095],[-0.93089,38.83172],[-0.93234,38.83231],[-0.93473,38.83398],[-0.9355,38.83421],[-0.93683,38.83563],[-0.93841,38.83553],[-0.93935,38.8358],[-0.93998,38.83616],[-0.94048,38.83622],[-0.94261,38.83624],[-0.94388,38.83588],[-0.94431,38.83622],[-0.94541,38.8366],[-0.94466,38.83764],[-0.94469,38.8396],[-0.94633,38.84094],[-0.94705,38.84114],[-0.94935,38.8425],[-0.94989,38.84324],[-0.94995,38.84382],[-0.95121,38.84384],[-0.9515,38.84405],[-0.95196,38.84408],[-0.95258,38.84472],[-0.95363,38.84531],[-0.95387,38.84556],[-0.95393,38.84591],[-0.95496,38.84641],[-0.95577,38.84772],[-0.95741,38.84864],[-0.95817,38.84869],[-0.95824,38.84925],[-0.95893,38.85019],[-0.95905,38.85156],[-0.96025,38.85286],[-0.96039,38.85378],[-0.96069,38.8543],[-0.96166,38.8552],[-0.96178,38.85582],[-0.96248,38.85723],[-0.9623,38.85799],[-0.9625,38.85849],[-0.96321,38.85895],[-0.96365,38.85972],[-0.96523,38.8606],[-0.96641,38.86258],[-0.96724,38.86301],[-0.96866,38.86324],[-0.96967,38.86314],[-0.97072,38.86457],[-0.97199,38.8651],[-0.9729,38.86504],[-0.97356,38.86575],[-0.97426,38.86605],[-0.97483,38.86602],[-0.97543,38.86548],[-0.9767,38.86546],[-0.97678,38.86602],[-0.97719,38.86651],[-0.9773,38.86736],[-0.97768,38.86783],[-0.97758,38.86825],[-0.97777,38.86863],[-0.98197,38.86851],[-0.9836,38.86955],[-0.98477,38.8697],[-0.98509,38.86991],[-0.98566,38.87115],[-0.9847,38.87207],[-0.98533,38.87266],[-0.98627,38.8741],[-0.98672,38.87437],[-0.98764,38.87454],[-0.98826,38.87548],[-0.98908,38.87603],[-0.98878,38.87662],[-0.9888,38.87748],[-0.98914,38.87798],[-0.99009,38.87844],[-0.99007,38.87868],[-0.98928,38.8797],[-0.98931,38.88018],[-0.98959,38.88086],[-0.99002,38.88143],[-0.98956,38.88222],[-0.99026,38.88317],[-0.99034,38.88396],[-0.99066,38.88478],[-0.99134,38.88567],[-0.99141,38.8869],[-0.99189,38.88808],[-0.99193,38.88969],[-0.99262,38.89036],[-0.99299,38.89097],[-0.99185,38.89138],[-0.98865,38.89135],[-0.98774,38.8915],[-0.98566,38.89124],[-0.98381,38.89016],[-0.98108,38.89009],[-0.98022,38.89032],[-0.97977,38.89072],[-0.97961,38.89202],[-0.97773,38.89371],[-0.97724,38.89485],[-0.97673,38.89519],[-0.97662,38.89575],[-0.97529,38.89756],[-0.97506,38.89867],[-0.97261,38.89921],[-0.97236,38.89935],[-0.97228,38.89962],[-0.97164,38.89982],[-0.97101,38.89978],[-0.96971,38.89938],[-0.96874,38.89933],[-0.96813,38.89937],[-0.96688,38.89982],[-0.96574,38.90068],[-0.96588,38.90132],[-0.9658,38.90207],[-0.96508,38.90273],[-0.96459,38.90409],[-0.96429,38.90439],[-0.9625,38.90514],[-0.96212,38.90546],[-0.96055,38.90553],[-0.95959,38.90606],[-0.95912,38.90592],[-0.95906,38.90613],[-0.95831,38.90615],[-0.95599,38.9084],[-0.95646,38.90893],[-0.9573,38.90927],[-0.95726,38.90966],[-0.95701,38.9099],[-0.95593,38.90999],[-0.95534,38.91044],[-0.95472,38.91138],[-0.95478,38.91187],[-0.95408,38.91272],[-0.95392,38.91371],[-0.9537,38.91395],[-0.95434,38.91501],[-0.95639,38.91674],[-0.95594,38.91757],[-0.95589,38.91833],[-0.95599,38.91861],[-0.95662,38.91903],[-0.95678,38.91993],[-0.95826,38.92016],[-0.95871,38.92054],[-0.95799,38.92057],[-0.95759,38.92075],[-0.95706,38.92057],[-0.95667,38.92097],[-0.9568,38.92268],[-0.95578,38.92392],[-0.95639,38.92515],[-0.95794,38.92583],[-0.9587,38.92696],[-0.95859,38.9273],[-0.95879,38.92775],[-0.95872,38.92825],[-0.95824,38.9288],[-0.95799,38.92942],[-0.95802,38.92973],[-0.95737,38.93029],[-0.95729,38.93055],[-0.95758,38.93189],[-0.95855,38.9328],[-0.95861,38.93333],[-0.95778,38.93465],[-0.95765,38.93564],[-0.95715,38.93633],[-0.95772,38.93759],[-0.95927,38.93873],[-0.96013,38.94017],[-0.96009,38.94071],[-0.95958,38.94156],[-0.9597,38.94211],[-0.95953,38.94256],[-0.95947,38.944],[-0.95781,38.94418],[-0.95497,38.9434],[-0.95434,38.94313],[-0.95217,38.94145],[-0.95143,38.94155],[-0.95064,38.94117],[-0.94888,38.94111],[-0.94758,38.94221],[-0.94688,38.94241],[-0.94516,38.9413],[-0.9443,38.94106],[-0.94272,38.94095],[-0.94084,38.94031],[-0.94014,38.94032],[-0.93972,38.94062],[-0.93929,38.94171],[-0.93893,38.9422],[-0.9359,38.9441],[-0.93571,38.94464],[-0.93526,38.94505],[-0.9352,38.9456],[-0.93413,38.94565],[-0.93355,38.94642],[-0.93041,38.94814],[-0.92953,38.94848],[-0.92921,38.94878],[-0.92825,38.94884],[-0.92715,38.94842],[-0.92635,38.9484],[-0.9257,38.94867],[-0.9244,38.94991],[-0.92357,38.9504],[-0.9233,38.9507],[-0.92335,38.95118],[-0.92283,38.95139],[-0.92185,38.95152],[-0.92041,38.95204],[-0.91887,38.95226],[-0.91524,38.95224],[-0.91392,38.9531],[-0.91413,38.95375],[-0.91394,38.95421],[-0.91397,38.95488],[-0.91322,38.9551],[-0.91087,38.95513],[-0.91019,38.95582],[-0.90987,38.95658],[-0.9088,38.95675],[-0.90774,38.95662],[-0.90706,38.95685],[-0.90604,38.95805],[-0.90592,38.95921],[-0.90568,38.95976],[-0.90581,38.96031],[-0.90532,38.96059],[-0.90418,38.96059],[-0.90245,38.95931],[-0.90173,38.95911],[-0.90086,38.95855],[-0.90081,38.95819],[-0.90166,38.95704],[-0.90171,38.95626],[-0.9008,38.95562],[-0.89787,38.9555],[-0.89697,38.9553],[-0.89582,38.95568],[-0.89441,38.95541],[-0.89375,38.95515],[-0.89265,38.95435],[-0.88979,38.95362],[-0.88869,38.9535],[-0.88746,38.95301],[-0.88693,38.95275],[-0.88617,38.952],[-0.88413,38.95117],[-0.8837,38.95076],[-0.88206,38.95136],[-0.88063,38.95124],[-0.87843,38.95176],[-0.87664,38.95148],[-0.87558,38.95111],[-0.87424,38.95179],[-0.87359,38.95232],[-0.87281,38.95196],[-0.87207,38.95189],[-0.87101,38.95205],[-0.87007,38.9519],[-0.86855,38.95227],[-0.86697,38.95192],[-0.86536,38.95046],[-0.86438,38.9504],[-0.86333,38.95098],[-0.8622,38.95049],[-0.86163,38.94995],[-0.85947,38.9496],[-0.85801,38.94894],[-0.8571,38.94896],[-0.85593,38.94949],[-0.85356,38.9493],[-0.85326,38.94907],[-0.85149,38.94924],[-0.85063,38.94885],[-0.84911,38.94902],[-0.84798,38.94952],[-0.84717,38.95068],[-0.84481,38.94914],[-0.84454,38.94916],[-0.84348,38.9496],[-0.84326,38.95056],[-0.84253,38.9513],[-0.8401,38.95111],[-0.83934,38.95136],[-0.83827,38.9521],[-0.83586,38.95276],[-0.83472,38.95265],[-0.83305,38.9528],[-0.83221,38.95317],[-0.83055,38.95316],[-0.8308,38.9542],[-0.83073,38.95566],[-0.82938,38.95713],[-0.82696,38.9578],[-0.82502,38.95764],[-0.8239,38.9588],[-0.82209,38.95827],[-0.82116,38.95947],[-0.82045,38.95924],[-0.81954,38.9584],[-0.81683,38.95831],[-0.81499,38.9598],[-0.81399,38.96031],[-0.81358,38.96073],[-0.81334,38.96075],[-0.81326,38.96112],[-0.81288,38.96138],[-0.8127,38.96138],[-0.81267,38.96116],[-0.81126,38.96113],[-0.81023,38.96085],[-0.80988,38.96043],[-0.80887,38.96079],[-0.8079,38.96092],[-0.80626,38.96211],[-0.80522,38.96265],[-0.80471,38.96345],[-0.80278,38.96503],[-0.80196,38.96501],[-0.80192,38.96479],[-0.80176,38.96478],[-0.80114,38.96502],[-0.80075,38.96583],[-0.80071,38.96657],[-0.79974,38.96659],[-0.79792,38.96714],[-0.79656,38.96723],[-0.79615,38.96754],[-0.7947,38.96787],[-0.79368,38.96859],[-0.79331,38.96864],[-0.79258,38.96821],[-0.79252,38.96793],[-0.79207,38.9674],[-0.79156,38.96603],[-0.79146,38.96495],[-0.78964,38.96262],[-0.78954,38.96179],[-0.78933,38.96138],[-0.78956,38.96034],[-0.78929,38.95989],[-0.78812,38.95877],[-0.78756,38.95858],[-0.78753,38.95823],[-0.78612,38.95676],[-0.78622,38.956],[-0.78522,38.95433],[-0.78416,38.95359],[-0.78347,38.95278],[-0.78179,38.95139],[-0.77904,38.95023],[-0.77861,38.9495],[-0.77586,38.94722],[-0.77403,38.94639],[-0.77346,38.94584],[-0.77264,38.94566],[-0.77189,38.9449],[-0.77111,38.94438],[-0.77063,38.94475],[-0.76983,38.94485],[-0.76896,38.94538],[-0.76829,38.94553],[-0.76578,38.94732],[-0.76508,38.94751],[-0.76469,38.94784],[-0.76378,38.94807],[-0.76313,38.94745],[-0.76132,38.94704],[-0.75971,38.94604],[-0.75825,38.94567],[-0.75617,38.94467],[-0.75554,38.944],[-0.75478,38.94355],[-0.75348,38.94144],[-0.75147,38.94148],[-0.74976,38.94077],[-0.74871,38.94016],[-0.74739,38.94039],[-0.74617,38.94119],[-0.74439,38.94116],[-0.74251,38.93948],[-0.74193,38.9385],[-0.74192,38.93779],[-0.7422,38.93698],[-0.74168,38.9361],[-0.74172,38.93435],[-0.7412,38.93422],[-0.73949,38.93308],[-0.73846,38.93207],[-0.73725,38.93178],[-0.73438,38.93194],[-0.73311,38.93151],[-0.7321,38.93168],[-0.73074,38.93166],[-0.72981,38.93125],[-0.72822,38.93096],[-0.72655,38.93133],[-0.72488,38.93131],[-0.72403,38.93101],[-0.72315,38.93043],[-0.72262,38.93075],[-0.72135,38.93103],[-0.72131,38.93146],[-0.72097,38.93201],[-0.71845,38.93327],[-0.71814,38.93363],[-0.71808,38.93412],[-0.71738,38.93419],[-0.71702,38.9345],[-0.71613,38.93483],[-0.71527,38.9356],[-0.71341,38.9356],[-0.71395,38.93633],[-0.71357,38.93748],[-0.71213,38.9384],[-0.71134,38.9386],[-0.71085,38.93912],[-0.71023,38.93946],[-0.70988,38.93995],[-0.70971,38.94056],[-0.70897,38.94106],[-0.7087,38.94182],[-0.70832,38.94204],[-0.70705,38.94203],[-0.70593,38.94302],[-0.70435,38.94364],[-0.70379,38.94456],[-0.70146,38.94566],[-0.7004,38.94571],[-0.69978,38.94651],[-0.69896,38.94692],[-0.69847,38.94744],[-0.69786,38.94778],[-0.69543,38.94978],[-0.69538,38.95002],[-0.69587,38.95039],[-0.69594,38.95074],[-0.69619,38.95099],[-0.69578,38.95185],[-0.69514,38.95256],[-0.69296,38.95383],[-0.69291,38.95412],[-0.69254,38.95451],[-0.69214,38.9546],[-0.69195,38.95495],[-0.69148,38.95509],[-0.69137,38.95612],[-0.69118,38.95654],[-0.69126,38.95691],[-0.69035,38.95748],[-0.68753,38.9601],[-0.68742,38.96066],[-0.68612,38.96172],[-0.68531,38.96313],[-0.68431,38.96415],[-0.68419,38.96499],[-0.68397,38.96504],[-0.68355,38.96581],[-0.68323,38.96604],[-0.68203,38.96579],[-0.68118,38.96523],[-0.67987,38.96555],[-0.67899,38.96556],[-0.67849,38.96549],[-0.67783,38.96508],[-0.6751,38.96676],[-0.67406,38.96714],[-0.67294,38.96808],[-0.6715,38.96826],[-0.67028,38.96787],[-0.67022,38.96829],[-0.66995,38.96831],[-0.66928,38.96891],[-0.66823,38.96953],[-0.66796,38.97061],[-0.66811,38.9712],[-0.66802,38.97317],[-0.66721,38.97371],[-0.66717,38.97388],[-0.66638,38.97416],[-0.66577,38.97458],[-0.6641,38.97606],[-0.66286,38.97635],[-0.66139,38.97699],[-0.65744,38.97999],[-0.65588,38.98102],[-0.65471,38.98145],[-0.65335,38.98171],[-0.65286,38.98165],[-0.65221,38.98124],[-0.65091,38.98139],[-0.65068,38.98106],[-0.64964,38.98051],[-0.64888,38.98053],[-0.64825,38.98093],[-0.6464,38.98089],[-0.64526,38.98002],[-0.64495,38.97997],[-0.6436,38.98059],[-0.64028,38.98059],[-0.63778,38.98117],[-0.63776,38.98139],[-0.6372,38.98139],[-0.63609,38.98209],[-0.63172,38.98536],[-0.63146,38.98638],[-0.63116,38.98683],[-0.63056,38.98727],[-0.62951,38.98731],[-0.62856,38.98709],[-0.62699,38.98702],[-0.62616,38.98661],[-0.62557,38.98657],[-0.62471,38.98693],[-0.62267,38.98725],[-0.62191,38.98801],[-0.62121,38.98845],[-0.61993,38.98847],[-0.61802,38.9882],[-0.61684,38.98847],[-0.61488,38.98971],[-0.61453,38.99058],[-0.613,38.99155],[-0.61282,38.99285],[-0.61203,38.99385],[-0.61183,38.99517],[-0.61037,38.9949],[-0.60916,38.995],[-0.60822,38.99481],[-0.6069,38.995],[-0.60627,38.99543],[-0.60575,38.99624],[-0.60479,38.99689],[-0.6044,38.99699],[-0.60429,38.99735],[-0.60355,38.99739],[-0.60296,38.99788],[-0.60295,38.9982],[-0.60351,38.99865],[-0.60537,38.99877],[-0.60569,38.99897],[-0.60573,39.00013],[-0.606,39.00111],[-0.60629,39.00156],[-0.60672,39.00187],[-0.60677,39.00225],[-0.60665,39.00258],[-0.60588,39.00323],[-0.60609,39.00421],[-0.60535,39.00492],[-0.6064,39.00512],[-0.60662,39.0053],[-0.60667,39.00699],[-0.60746,39.0076],[-0.60683,39.00815],[-0.6061,39.00841],[-0.6045,39.0086],[-0.60352,39.00777],[-0.60198,39.0077],[-0.60011,39.00794],[-0.59952,39.00823],[-0.59844,39.00825],[-0.59698,39.00744],[-0.59547,39.00693],[-0.59486,39.00689],[-0.59235,39.00733],[-0.59118,39.0083],[-0.58994,39.00868],[-0.58966,39.00914],[-0.58874,39.00931],[-0.58765,39.01004],[-0.58698,39.01028],[-0.58627,39.01028],[-0.58531,39.01001],[-0.5846,39.00959],[-0.5843,39.00959],[-0.58429,39.00981],[-0.58356,39.00986],[-0.58289,39.01028],[-0.58143,39.01163],[-0.5812,39.01282],[-0.58004,39.01395],[-0.57954,39.01419],[-0.57825,39.01423],[-0.57791,39.01444],[-0.5774,39.01539],[-0.57606,39.01692],[-0.57581,39.01765],[-0.57454,39.01845],[-0.57387,39.01914],[-0.5723,39.0193],[-0.5717,39.01959],[-0.57109,39.01931],[-0.56981,39.01942],[-0.56906,39.01988],[-0.56862,39.02126],[-0.56878,39.0222],[-0.56821,39.02389],[-0.56723,39.0237],[-0.5646,39.02477],[-0.56445,39.02512],[-0.56461,39.02572],[-0.56433,39.02615],[-0.56313,39.02664],[-0.55931,39.02626],[-0.55784,39.0267],[-0.5577,39.02728],[-0.55794,39.02801],[-0.55793,39.02886],[-0.55736,39.0297],[-0.55758,39.03042],[-0.55751,39.03307],[-0.55772,39.03347],[-0.55726,39.03385],[-0.55687,39.03448],[-0.5582,39.03547],[-0.55826,39.03592],[-0.55802,39.03649],[-0.55808,39.03672],[-0.55909,39.03728],[-0.55857,39.0378],[-0.55842,39.03842],[-0.55804,39.03897],[-0.55712,39.03957],[-0.55627,39.0397],[-0.5562,39.04142],[-0.55434,39.04217],[-0.5537,39.04296],[-0.55437,39.04355],[-0.55501,39.04374],[-0.55704,39.04497],[-0.55706,39.04544],[-0.55684,39.04605],[-0.55768,39.04769],[-0.55832,39.04831],[-0.55847,39.049],[-0.55889,39.04974],[-0.55891,39.05021],[-0.55869,39.05075],[-0.5591,39.05177],[-0.55919,39.05254],[-0.56024,39.05299],[-0.56059,39.05422],[-0.56102,39.05496],[-0.56129,39.05616],[-0.56109,39.05747],[-0.56134,39.05806],[-0.56202,39.05852],[-0.56233,39.05904],[-0.56249,39.06107],[-0.56182,39.06191],[-0.56213,39.0629],[-0.56146,39.06331],[-0.56133,39.06433],[-0.56084,39.06481],[-0.56066,39.06549],[-0.55972,39.06666],[-0.55692,39.06876],[-0.55559,39.06998],[-0.55408,39.07082],[-0.55252,39.07085],[-0.55,39.07038],[-0.54969,39.07044],[-0.54919,39.0711],[-0.54891,39.07121],[-0.545,39.07091],[-0.54284,39.07006],[-0.54188,39.06989],[-0.54104,39.06931],[-0.54033,39.06907],[-0.54012,39.06923],[-0.53991,39.07027],[-0.53927,39.07044],[-0.53864,39.07085],[-0.53725,39.07225],[-0.53465,39.07233],[-0.53312,39.07302],[-0.53276,39.07351],[-0.53258,39.07434],[-0.53185,39.0747],[-0.53167,39.07613],[-0.53092,39.07638],[-0.53043,39.07705],[-0.5295,39.07743],[-0.52905,39.07815],[-0.52742,39.07921],[-0.5273,39.07948],[-0.52719,39.0828],[-0.52752,39.08378],[-0.52817,39.08427],[-0.52938,39.08421],[-0.53012,39.08482],[-0.53015,39.08518],[-0.53125,39.08532],[-0.53196,39.08562],[-0.53224,39.08596],[-0.53233,39.08746],[-0.53337,39.08838],[-0.53453,39.08856],[-0.5349,39.08902],[-0.53347,39.09021],[-0.53137,39.09033],[-0.53075,39.09098],[-0.53024,39.09195],[-0.52987,39.09219],[-0.52703,39.09196],[-0.5267,39.09204],[-0.52641,39.09251],[-0.52597,39.0926],[-0.52471,39.09222],[-0.52436,39.09226],[-0.52403,39.09206],[-0.52249,39.09012],[-0.52151,39.08944],[-0.5215,39.08761],[-0.52114,39.08651],[-0.51993,39.08609],[-0.51938,39.08532],[-0.51744,39.08473],[-0.51682,39.08422],[-0.51651,39.08287],[-0.51649,39.08157],[-0.51576,39.07979],[-0.51577,39.07803],[-0.51541,39.07715],[-0.51335,39.0767],[-0.51297,39.07562],[-0.5125,39.07528],[-0.51233,39.07482],[-0.51168,39.0742],[-0.51123,39.07344],[-0.50954,39.07227],[-0.50764,39.07174],[-0.50472,39.0714],[-0.50427,39.07112],[-0.50416,39.06997],[-0.50368,39.06893],[-0.50327,39.0688],[-0.50299,39.06826],[-0.50184,39.06744],[-0.50159,39.06689],[-0.4999,39.06543],[-0.49968,39.06487],[-0.49873,39.06351],[-0.49876,39.06116],[-0.49905,39.06037],[-0.49914,39.05874],[-0.50034,39.05723],[-0.5003,39.0566],[-0.49968,39.05558],[-0.49851,39.05499],[-0.49794,39.05431],[-0.49772,39.05374],[-0.4972,39.05332],[-0.49657,39.05312],[-0.49626,39.05261],[-0.49569,39.05261],[-0.49502,39.05315],[-0.49454,39.05296],[-0.49421,39.0526],[-0.49408,39.05168],[-0.49362,39.05114],[-0.49275,39.05098],[-0.49152,39.04999],[-0.49057,39.04945],[-0.48963,39.04846],[-0.48822,39.04753],[-0.4859,39.04696],[-0.48545,39.0461],[-0.48544,39.04507],[-0.48521,39.04474],[-0.4852,39.0442],[-0.48444,39.04367],[-0.48346,39.04198],[-0.48202,39.04056],[-0.48024,39.03975],[-0.47996,39.03923],[-0.48014,39.03872],[-0.48007,39.03849],[-0.47975,39.03828],[-0.47887,39.03813],[-0.47829,39.03768],[-0.478,39.03716],[-0.4779,39.0363],[-0.47752,39.03584],[-0.47737,39.03516],[-0.47714,39.03488],[-0.47623,39.03417],[-0.47473,39.03353],[-0.47359,39.03282],[-0.47276,39.03212],[-0.47259,39.03146],[-0.47232,39.03113],[-0.47172,39.0307],[-0.47022,39.03013],[-0.46992,39.02983],[-0.46971,39.02926],[-0.46897,39.02864],[-0.4666,39.02798],[-0.4658,39.02744],[-0.4644,39.02751],[-0.46359,39.02706],[-0.46145,39.02679],[-0.45904,39.02676],[-0.45804,39.02713],[-0.45698,39.02674],[-0.45635,39.02668],[-0.45445,39.02719],[-0.45392,39.02791],[-0.45356,39.02816],[-0.45121,39.02878],[-0.4505,39.02881],[-0.44977,39.02856],[-0.44909,39.02774],[-0.44867,39.02746],[-0.44739,39.02761],[-0.44515,39.02755],[-0.44344,39.02618],[-0.44183,39.02639],[-0.4394,39.02728],[-0.43861,39.02802],[-0.43729,39.02817],[-0.43701,39.02841],[-0.43663,39.02963],[-0.4349,39.03037],[-0.43355,39.0315],[-0.43254,39.0319],[-0.43196,39.03245],[-0.43061,39.0322],[-0.42927,39.03219],[-0.42794,39.03277],[-0.42685,39.03281],[-0.42599,39.03319],[-0.42534,39.03325],[-0.42522,39.03366],[-0.42475,39.03366],[-0.42448,39.03386],[-0.42358,39.03387],[-0.42347,39.03407],[-0.42026,39.03399],[-0.41927,39.03354],[-0.4189,39.03352],[-0.41861,39.03365],[-0.41843,39.03438],[-0.41653,39.03437],[-0.41673,39.03524],[-0.4166,39.03558],[-0.41675,39.0361],[-0.41667,39.03694],[-0.41633,39.03722],[-0.41532,39.03755],[-0.41434,39.03838],[-0.41341,39.03703],[-0.41308,39.03682],[-0.41216,39.03664],[-0.41116,39.03569],[-0.40771,39.03548],[-0.40586,39.0339],[-0.40481,39.03388],[-0.4044,39.03364],[-0.40283,39.03388],[-0.40177,39.03481],[-0.40118,39.03493],[-0.40077,39.03463],[-0.4006,39.03393],[-0.4003,39.03379],[-0.39883,39.03376],[-0.39782,39.03393],[-0.39643,39.03347],[-0.39559,39.03346],[-0.39539,39.03366],[-0.39489,39.03366],[-0.39339,39.03319],[-0.38972,39.03309],[-0.38857,39.03395],[-0.38843,39.03616],[-0.38809,39.03719],[-0.38763,39.03728],[-0.38656,39.03712],[-0.38592,39.03747],[-0.38473,39.03779],[-0.38335,39.0385],[-0.38175,39.03888],[-0.38062,39.03972],[-0.3804,39.04024],[-0.37941,39.04105],[-0.3792,39.04156],[-0.37839,39.04252],[-0.37602,39.04204],[-0.37455,39.04199],[-0.37358,39.04225],[-0.37243,39.0428],[-0.37087,39.04281],[-0.37057,39.04337],[-0.37053,39.04478],[-0.3712,39.04566],[-0.37192,39.04576],[-0.37165,39.04648],[-0.37175,39.047],[-0.37015,39.0481],[-0.37011,39.04844],[-0.37035,39.0491],[-0.36958,39.04909],[-0.36726,39.04806],[-0.36646,39.04729],[-0.36634,39.04649],[-0.36668,39.04557],[-0.36628,39.04495],[-0.36539,39.0448],[-0.36253,39.04538],[-0.36004,39.0453],[-0.35767,39.04436],[-0.35695,39.04462],[-0.35635,39.04442],[-0.35552,39.0432],[-0.35521,39.04108],[-0.3542,39.03951],[-0.35353,39.03887],[-0.35133,39.03733],[-0.35064,39.03706],[-0.34895,39.03721],[-0.3482,39.03701],[-0.34794,39.03647],[-0.34788,39.0352],[-0.34703,39.03395],[-0.34657,39.03251],[-0.3469,39.03075],[-0.34656,39.02874],[-0.34606,39.02872],[-0.3457,39.02844],[-0.34256,39.02947],[-0.34183,39.02912],[-0.33926,39.02687],[-0.33898,39.02605],[-0.33962,39.02467],[-0.33921,39.02452],[-0.33683,39.02211],[-0.33708,39.02011],[-0.33747,39.01876],[-0.34031,39.01661],[-0.34092,39.01565],[-0.3408,39.01506],[-0.34096,39.01462],[-0.34072,39.01366],[-0.33988,39.01177],[-0.33782,39.01],[-0.33725,39.00902],[-0.33723,39.00855],[-0.33747,39.00805],[-0.33765,39.00698],[-0.338,39.0065],[-0.33932,39.00541],[-0.33931,39.00505],[-0.33896,39.00474],[-0.33984,39.00393],[-0.34068,39.00422],[-0.34201,39.0044],[-0.34445,39.00406],[-0.34722,39.00306],[-0.34857,39.00244],[-0.3494,39.00145],[-0.34963,38.99969],[-0.35021,38.99941],[-0.35245,38.99904],[-0.35595,38.99735],[-0.35654,38.99689],[-0.35661,38.99627],[-0.35539,38.99508],[-0.3548,38.99376],[-0.35515,38.99178],[-0.35493,38.99119],[-0.35356,38.98918],[-0.35269,38.98473],[-0.35272,38.98351],[-0.35246,38.98308],[-0.35112,38.98203],[-0.35308,38.97554],[-0.35294,38.97464],[-0.35205,38.97346],[-0.35174,38.97267],[-0.35192,38.97187],[-0.3527,38.97069],[-0.35283,38.97022],[-0.3525,38.9697],[-0.35191,38.96939],[-0.35131,38.9685],[-0.35151,38.96745],[-0.34945,38.96456],[-0.35095,38.96327],[-0.35234,38.9616],[-0.35354,38.96053],[-0.35391,38.95982],[-0.35463,38.95904],[-0.35621,38.95877],[-0.357,38.95823],[-0.35764,38.9575],[-0.35932,38.95702],[-0.36018,38.95633],[-0.36126,38.95463],[-0.36313,38.95371],[-0.36377,38.95239],[-0.36564,38.95091],[-0.3656,38.95006],[-0.36538,38.94956],[-0.3655,38.94883],[-0.36609,38.94788],[-0.36865,38.94742],[-0.36639,38.94626],[-0.36332,38.94501],[-0.3627,38.94464],[-0.36231,38.94387],[-0.3624,38.94312],[-0.36297,38.94179],[-0.36479,38.93887],[-0.36447,38.93807],[-0.36213,38.93725],[-0.3613,38.93608],[-0.36329,38.93202],[-0.36335,38.93025],[-0.36286,38.92809],[-0.36301,38.92726],[-0.36387,38.92624],[-0.36447,38.92601],[-0.36526,38.92596],[-0.36812,38.92493],[-0.36977,38.92411],[-0.37092,38.92374],[-0.37276,38.92236],[-0.37439,38.92155],[-0.37616,38.92109],[-0.3777,38.91967],[-0.37872,38.91939],[-0.38027,38.91931],[-0.37959,38.91866],[-0.37901,38.91739],[-0.37909,38.91654],[-0.37988,38.91398],[-0.37985,38.91346],[-0.37932,38.91251],[-0.3781,38.91182],[-0.3766,38.91191],[-0.37549,38.91217],[-0.36966,38.91132],[-0.36872,38.91107],[-0.3677,38.91042],[-0.36739,38.90916],[-0.36744,38.90825],[-0.36801,38.9069],[-0.36882,38.90641],[-0.37306,38.90575],[-0.37363,38.90552],[-0.37421,38.9051],[-0.37463,38.90447],[-0.37497,38.90351],[-0.37475,38.90241],[-0.37072,38.90169],[-0.37004,38.89907],[-0.37021,38.89777],[-0.37011,38.8972],[-0.36971,38.89667],[-0.36858,38.89602],[-0.36807,38.89551],[-0.36718,38.89412],[-0.36568,38.89105],[-0.36433,38.88935],[-0.36313,38.88749],[-0.36194,38.88619],[-0.36151,38.88526],[-0.36182,38.8846],[-0.36329,38.88345],[-0.36404,38.88258],[-0.36628,38.87857],[-0.36861,38.87605],[-0.36809,38.87564],[-0.36791,38.8751],[-0.36797,38.87429],[-0.36825,38.87384],[-0.37026,38.87259],[-0.37328,38.8692],[-0.37372,38.86836],[-0.37439,38.86633],[-0.37432,38.86585],[-0.37319,38.86387],[-0.37313,38.86335],[-0.37341,38.86267],[-0.37322,38.8621],[-0.37287,38.86168],[-0.36903,38.85896],[-0.36887,38.8581],[-0.36906,38.85722],[-0.36896,38.85668],[-0.36802,38.85559],[-0.36707,38.85529],[-0.36503,38.8553],[-0.36147,38.85583],[-0.35948,38.85582],[-0.3574,38.85614],[-0.35428,38.85568],[-0.35185,38.85594],[-0.35068,38.85634],[-0.35105,38.85557],[-0.352,38.8545],[-0.35364,38.85364],[-0.35386,38.85202],[-0.35464,38.8506],[-0.35549,38.84947],[-0.35649,38.84889],[-0.35809,38.84883],[-0.35907,38.84838],[-0.3601,38.84696],[-0.36101,38.84649],[-0.36472,38.84531],[-0.36719,38.84408],[-0.37059,38.84187],[-0.37081,38.8414],[-0.37404,38.83971],[-0.37707,38.83699],[-0.37916,38.83609],[-0.38032,38.83538],[-0.38219,38.83495],[-0.38308,38.83489],[-0.38422,38.83535],[-0.38494,38.83527],[-0.38738,38.83373],[-0.39097,38.83435],[-0.39195,38.83462],[-0.39421,38.8363],[-0.39621,38.83709],[-0.39915,38.83857],[-0.40057,38.83867],[-0.4022,38.83943],[-0.403,38.83964],[-0.40378,38.83917],[-0.404,38.83857],[-0.404,38.83792],[-0.40333,38.83611],[-0.40376,38.83379],[-0.40437,38.83345],[-0.40695,38.83283],[-0.4127,38.832],[-0.41363,38.83157],[-0.41664,38.83095],[-0.41774,38.83057],[-0.42057,38.82955],[-0.42221,38.8287],[-0.42491,38.82851],[-0.42639,38.82822],[-0.43047,38.82674],[-0.43314,38.82628],[-0.43549,38.82631],[-0.43804,38.82534],[-0.43929,38.82458],[-0.44085,38.82403],[-0.4419,38.82345],[-0.44311,38.82213],[-0.44372,38.82101],[-0.44441,38.82066],[-0.44745,38.81995],[-0.44834,38.81956],[-0.44945,38.81827],[-0.45014,38.81802],[-0.45136,38.81793],[-0.45547,38.81707],[-0.45891,38.81618],[-0.45986,38.81579],[-0.46039,38.81536],[-0.46129,38.81396],[-0.46255,38.81134],[-0.46219,38.80826],[-0.46286,38.80588],[-0.46348,38.80524],[-0.46486,38.80486],[-0.46713,38.80394],[-0.46835,38.80403],[-0.46978,38.80448],[-0.47069,38.8046],[-0.47251,38.80451],[-0.47428,38.80405],[-0.47551,38.80426],[-0.47607,38.80458],[-0.47775,38.80507],[-0.48019,38.80523],[-0.48352,38.80646],[-0.48688,38.80686],[-0.49078,38.80657],[-0.4934,38.80599],[-0.49481,38.80592],[-0.49722,38.80596],[-0.50014,38.80643],[-0.50297,38.80646],[-0.5049,38.80626],[-0.50769,38.80677],[-0.51158,38.80685],[-0.51482,38.80717],[-0.51661,38.80705],[-0.51966,38.80711],[-0.52109,38.80666],[-0.52237,38.8012],[-0.52401,38.79798],[-0.52447,38.79561],[-0.52426,38.79352],[-0.52489,38.79196],[-0.52613,38.78966],[-0.52673,38.78796],[-0.52646,38.78629],[-0.52583,38.78463],[-0.52527,38.77737],[-0.52378,38.77159],[-0.5252,38.76875],[-0.52557,38.76727],[-0.52638,38.7669],[-0.532,38.7666],[-0.53321,38.76613],[-0.54022,38.76531],[-0.54159,38.7648],[-0.54301,38.76281],[-0.5487,38.75988],[-0.54998,38.75987],[-0.55323,38.75928],[-0.55444,38.75881],[-0.55551,38.75802],[-0.55606,38.757],[-0.55651,38.75555],[-0.55742,38.7548],[-0.55882,38.75452],[-0.55913,38.75387],[-0.55986,38.75374],[-0.56112,38.7541],[-0.56393,38.75559],[-0.56563,38.75556],[-0.567,38.75481],[-0.56893,38.75413],[-0.57093,38.75392]]]}},{"type":"Feature","id":"14-0","properties":{"NomSistExp":"Marina Alta","Subsistema":"Girona - Gorgos","Superf km2":837.4,"Area km2":837.4,"id":"14-0"},"geometry":{"type":"Polygon","coordinates":[[[-0.27317,38.7185],[-0.27211,38.71908],[-0.27124,38.72],[-0.27026,38.72138],[-0.26883,38.72414],[-0.26874,38.72516],[-0.26908,38.72565],[-0.26976,38.7262],[-0.26999,38.72671],[-0.26985,38.72951],[-0.27031,38.73094],[-0.27093,38.73153],[-0.27211,38.73225],[-0.27355,38.73288],[-0.27481,38.73498],[-0.27532,38.73552],[-0.27651,38.73615],[-0.27432,38.73596],[-0.27363,38.7361],[-0.27237,38.73733],[-0.27032,38.73814],[-0.26815,38.73961],[-0.26603,38.74154],[-0.26534,38.7418],[-0.26275,38.74249],[-0.25777,38.74343],[-0.25478,38.74461],[-0.25354,38.74438],[-0.25318,38.74395],[-0.25225,38.7436],[-0.25146,38.74367],[-0.25088,38.74406],[-0.24916,38.74592],[-0.24798,38.74692],[-0.24763,38.74746],[-0.25143,38.74695],[-0.25398,38.74729],[-0.25496,38.74697],[-0.25665,38.74603],[-0.25827,38.74569],[-0.26217,38.74645],[-0.26301,38.74694],[-0.2668,38.74987],[-0.26726,38.75062],[-0.26723,38.75315],[-0.26779,38.75425],[-0.26955,38.75495],[-0.27029,38.75502],[-0.27139,38.75578],[-0.27256,38.75717],[-0.27445,38.75895],[-0.2754,38.76065],[-0.27543,38.76127],[-0.27336,38.76128],[-0.27296,38.76248],[-0.2725,38.76298],[-0.27236,38.76397],[-0.27213,38.76424],[-0.27036,38.76503],[-0.2696,38.76512],[-0.26935,38.76583],[-0.26866,38.76665],[-0.26525,38.76911],[-0.26469,38.76923],[-0.26312,38.76894],[-0.26138,38.769],[-0.26002,38.76845],[-0.25819,38.76909],[-0.25662,38.76922],[-0.2559,38.76946],[-0.25253,38.77204],[-0.25084,38.77301],[-0.24894,38.77341],[-0.24726,38.77335],[-0.24669,38.77308],[-0.24593,38.77323],[-0.24477,38.77309],[-0.24388,38.7733],[-0.24299,38.77466],[-0.24251,38.77619],[-0.24208,38.77686],[-0.24258,38.77734],[-0.24349,38.77753],[-0.24362,38.77773],[-0.24332,38.77808],[-0.2423,38.77866],[-0.24293,38.77933],[-0.24303,38.7798],[-0.24299,38.78061],[-0.24277,38.78081],[-0.24237,38.78199],[-0.24235,38.78288],[-0.24286,38.78399],[-0.24362,38.7836],[-0.2453,38.78345],[-0.24648,38.78379],[-0.24688,38.78367],[-0.24798,38.78474],[-0.25001,38.7856],[-0.2497,38.78687],[-0.25094,38.78735],[-0.25104,38.78823],[-0.25297,38.78834],[-0.25383,38.7888],[-0.25454,38.78959],[-0.25598,38.78975],[-0.25681,38.79032],[-0.25774,38.7906],[-0.25826,38.79061],[-0.25862,38.79042],[-0.26034,38.79081],[-0.26051,38.79132],[-0.26113,38.7918],[-0.26284,38.79151],[-0.26345,38.79176],[-0.26359,38.79267],[-0.26385,38.79314],[-0.26446,38.79353],[-0.26445,38.79388],[-0.26506,38.79561],[-0.2664,38.79696],[-0.26692,38.79847],[-0.26647,38.79936],[-0.26695,38.8006],[-0.26688,38.80268],[-0.26629,38.80356],[-0.26575,38.80403],[-0.26528,38.80555],[-0.26477,38.80633],[-0.26469,38.80747],[-0.26777,38.80725],[-0.26899,38.80626],[-0.26953,38.80616],[-0.27032,38.80565],[-0.27189,38.80509],[-0.27267,38.80458],[-0.27395,38.80408],[-0.27456,38.80441],[-0.2754,38.80545],[-0.27648,38.80544],[-0.27834,38.80462],[-0.2796,38.80466],[-0.28075,38.80516],[-0.28197,38.80672],[-0.28296,38.80673],[-0.28381,38.80636],[-0.28517,38.80637],[-0.28552,38.80677],[-0.28615,38.80703],[-0.2877,38.80731],[-0.28813,38.80718],[-0.28905,38.80789],[-0.28976,38.80956],[-0.29043,38.81024],[-0.29056,38.81115],[-0.29206,38.81248],[-0.29259,38.81341],[-0.29266,38.81398],[-0.29363,38.81396],[-0.29438,38.81368],[-0.29475,38.81385],[-0.29676,38.81533],[-0.29786,38.817],[-0.29858,38.81727],[-0.29856,38.81749],[-0.29828,38.81749],[-0.29817,38.81894],[-0.29724,38.82025],[-0.29574,38.82058],[-0.29394,38.82061],[-0.293,38.82107],[-0.29108,38.82243],[-0.28876,38.82319],[-0.28856,38.82344],[-0.28486,38.82462],[-0.28293,38.82485],[-0.28234,38.82538],[-0.28127,38.82565],[-0.28102,38.82595],[-0.28034,38.82617],[-0.27873,38.82606],[-0.27769,38.82631],[-0.27737,38.82706],[-0.27669,38.82766],[-0.2765,38.82812],[-0.2724,38.8299],[-0.27165,38.82981],[-0.27058,38.83047],[-0.27042,38.83081],[-0.26931,38.83128],[-0.26824,38.83225],[-0.26729,38.83234],[-0.26687,38.83302],[-0.26038,38.83316],[-0.25869,38.83413],[-0.25817,38.83476],[-0.25744,38.83489],[-0.25728,38.83529],[-0.25425,38.83632],[-0.25302,38.83697],[-0.25242,38.83774],[-0.25292,38.83859],[-0.25329,38.83888],[-0.25301,38.84017],[-0.2523,38.84087],[-0.25327,38.84132],[-0.25405,38.8422],[-0.25382,38.84343],[-0.25435,38.84413],[-0.25433,38.84437],[-0.25406,38.84448],[-0.25288,38.84438],[-0.25185,38.84473],[-0.25076,38.84483],[-0.25045,38.84526],[-0.25061,38.84536],[-0.25027,38.84544],[-0.25102,38.84619],[-0.25159,38.84716],[-0.25195,38.8487],[-0.25288,38.85007],[-0.25318,38.85081],[-0.25335,38.85221],[-0.2525,38.85284],[-0.25122,38.85318],[-0.25063,38.85361],[-0.24998,38.85479],[-0.24983,38.85602],[-0.24951,38.8564],[-0.24763,38.85716],[-0.24709,38.85787],[-0.24632,38.85839],[-0.24459,38.85914],[-0.24425,38.85971],[-0.24311,38.86039],[-0.24264,38.8605],[-0.24133,38.8599],[-0.24043,38.86085],[-0.23941,38.86079],[-0.2382,38.86168],[-0.23694,38.86129],[-0.23622,38.86131],[-0.23602,38.86147],[-0.23568,38.86139],[-0.23344,38.86319],[-0.23037,38.86347],[-0.22621,38.86489],[-0.22515,38.86672],[-0.22137,38.86913],[-0.22018,38.86949],[-0.21939,38.86947],[-0.21824,38.86842],[-0.21706,38.86768],[-0.21669,38.86761],[-0.2137,38.86752],[-0.2128,38.86733],[-0.21056,38.86768],[-0.2105,38.86789],[-0.21018,38.8679],[-0.20975,38.86826],[-0.20778,38.86787],[-0.20692,38.86808],[-0.20593,38.8689],[-0.20541,38.86877],[-0.20511,38.86891],[-0.20466,38.86957],[-0.20099,38.87067],[-0.19965,38.87187],[-0.19716,38.87284],[-0.19611,38.87355],[-0.19375,38.87386],[-0.19279,38.87441],[-0.19135,38.87451],[-0.19099,38.87502],[-0.19092,38.87549],[-0.19002,38.87623],[-0.18827,38.87727],[-0.18742,38.87737],[-0.18692,38.87811],[-0.18593,38.87895],[-0.18507,38.87953],[-0.18396,38.8799],[-0.18051,38.87977],[-0.17745,38.87915],[-0.17438,38.87964],[-0.16878,38.8796],[-0.1676,38.87976],[-0.16592,38.88035],[-0.16398,38.88074],[-0.16321,38.88167],[-0.16271,38.88184],[-0.1627,38.88238],[-0.16216,38.8829],[-0.16064,38.88338],[-0.16004,38.88394],[-0.1594,38.8855],[-0.15945,38.8862],[-0.16062,38.88788],[-0.16018,38.8887],[-0.16017,38.88908],[-0.16112,38.88996],[-0.16123,38.89158],[-0.16253,38.89309],[-0.16248,38.89363],[-0.16195,38.89427],[-0.16191,38.8952],[-0.16206,38.89561],[-0.16158,38.89658],[-0.15866,38.89827],[-0.15752,38.89976],[-0.15675,38.90042],[-0.1505,38.90252],[-0.14997,38.90285],[-0.14948,38.90368],[-0.14938,38.90577],[-0.14727,38.91013],[-0.14563,38.91122],[-0.14241,38.91271],[-0.14019,38.91505],[-0.13935,38.91548],[-0.13753,38.91584],[-0.13686,38.91623],[-0.13644,38.91719],[-0.13525,38.92136],[-0.13623,38.92174],[-0.13765,38.92192],[-0.13962,38.92249],[-0.14768,38.92598],[-0.14633,38.92824],[-0.14718,38.9297],[-0.14617,38.93154],[-0.14661,38.93208],[-0.14813,38.9331],[-0.14485,38.93594],[-0.14059,38.93764],[-0.13881,38.93776],[-0.13555,38.93673],[-0.13053,38.93699],[-0.1259,38.93819],[-0.1249,38.93863],[-0.12352,38.93976],[-0.12258,38.94012],[-0.11084,38.94163],[-0.10712,38.9423],[-0.10707,38.94211],[-0.10473,38.94074],[-0.10139,38.93737],[-0.09637,38.9332],[-0.09503,38.93301],[-0.09444,38.93337],[-0.09488,38.93385],[-0.09464,38.93388],[-0.09418,38.93351],[-0.09357,38.93404],[-0.09265,38.9339],[-0.09147,38.9334],[-0.09148,38.93322],[-0.09185,38.93323],[-0.09243,38.93358],[-0.09338,38.93376],[-0.09515,38.93255],[-0.09584,38.93246],[-0.09617,38.93198],[-0.0956,38.93088],[-0.09598,38.93045],[-0.09576,38.93012],[-0.09546,38.92999],[-0.09522,38.93009],[-0.09547,38.93042],[-0.09529,38.93108],[-0.09561,38.93152],[-0.09471,38.93076],[-0.09458,38.93083],[-0.09486,38.93122],[-0.09451,38.93088],[-0.09435,38.931],[-0.09505,38.93171],[-0.09429,38.93105],[-0.09416,38.93116],[-0.09503,38.93192],[-0.09504,38.93214],[-0.09339,38.93316],[-0.0926,38.9331],[-0.09338,38.93295],[-0.09349,38.93263],[-0.0931,38.93227],[-0.09351,38.93214],[-0.09356,38.93174],[-0.09279,38.93062],[-0.09238,38.93031],[-0.09182,38.93028],[-0.09154,38.93057],[-0.09091,38.93016],[-0.09089,38.93],[-0.09135,38.92963],[-0.09129,38.92941],[-0.09006,38.92768],[-0.08909,38.92676],[-0.08647,38.92435],[-0.08241,38.92119],[-0.07878,38.91796],[-0.07597,38.91588],[-0.07327,38.91346],[-0.06906,38.91036],[-0.06393,38.90604],[-0.06306,38.90541],[-0.06257,38.90536],[-0.06218,38.90508],[-0.06118,38.90411],[-0.05779,38.90151],[-0.05679,38.90094],[-0.05564,38.8999],[-0.05468,38.89967],[-0.05432,38.89926],[-0.05387,38.89915],[-0.05213,38.89734],[-0.05099,38.89664],[-0.04613,38.89281],[-0.04515,38.8923],[-0.03886,38.88768],[-0.03749,38.88691],[-0.03503,38.88484],[-0.03132,38.88232],[-0.03082,38.8818],[-0.0269,38.87897],[-0.0203,38.87487],[-0.01349,38.87137],[-0.01045,38.87032],[-0.00947,38.87018],[-0.00149,38.86797],[-0.00093,38.86785],[-0.00056,38.86808],[0.0023,38.8673],[0.00395,38.86731],[0.00851,38.86615],[0.00889,38.8663],[0.00951,38.86622],[0.01194,38.8649],[0.01557,38.86374],[0.01745,38.86356],[0.01836,38.86387],[0.01868,38.86431],[0.01987,38.86513],[0.02062,38.86511],[0.02231,38.86462],[0.02394,38.8637],[0.03232,38.86055],[0.03562,38.8598],[0.03708,38.85979],[0.03786,38.86002],[0.0383,38.86037],[0.04289,38.86002],[0.04392,38.86044],[0.04657,38.86098],[0.04763,38.86148],[0.04841,38.86241],[0.04828,38.86312],[0.04756,38.86343],[0.04757,38.86355],[0.04902,38.86331],[0.04954,38.8635],[0.05025,38.8635],[0.05485,38.86307],[0.05834,38.8619],[0.06284,38.86112],[0.06575,38.85986],[0.06686,38.85973],[0.07824,38.85656],[0.08149,38.85593],[0.08441,38.85559],[0.08925,38.85558],[0.09138,38.8547],[0.09471,38.8539],[0.09893,38.85208],[0.10183,38.84972],[0.10397,38.84883],[0.1042,38.84858],[0.10647,38.84822],[0.10858,38.84761],[0.10978,38.84749],[0.11137,38.84789],[0.11186,38.84817],[0.11211,38.84867],[0.11096,38.84925],[0.11106,38.84935],[0.1126,38.84876],[0.1136,38.85004],[0.11375,38.84999],[0.11208,38.84773],[0.11361,38.84656],[0.116,38.84546],[0.12006,38.84489],[0.12402,38.84759],[0.12505,38.84846],[0.12545,38.84865],[0.1258,38.8486],[0.12588,38.84826],[0.12546,38.84799],[0.12522,38.84807],[0.12374,38.8472],[0.12047,38.84487],[0.12065,38.84464],[0.11625,38.84525],[0.11573,38.84467],[0.118,38.84296],[0.11795,38.84279],[0.11723,38.84293],[0.1171,38.84277],[0.11734,38.8424],[0.11725,38.84234],[0.11578,38.84351],[0.11562,38.84331],[0.11419,38.84432],[0.11391,38.84416],[0.11351,38.84444],[0.11395,38.84484],[0.11097,38.84717],[0.11,38.84646],[0.10963,38.84675],[0.10945,38.8466],[0.10983,38.84633],[0.10943,38.84596],[0.10947,38.84577],[0.11158,38.84408],[0.11219,38.84467],[0.113,38.84403],[0.11172,38.84307],[0.11307,38.84198],[0.11336,38.84212],[0.11389,38.84175],[0.11373,38.84154],[0.11546,38.84023],[0.11497,38.83996],[0.11504,38.83987],[0.11531,38.83993],[0.11527,38.83972],[0.11557,38.83955],[0.11603,38.83988],[0.11614,38.8398],[0.11574,38.83952],[0.11595,38.83934],[0.11649,38.83974],[0.11806,38.83931],[0.118,38.8392],[0.11653,38.83961],[0.11604,38.83925],[0.1164,38.83896],[0.11688,38.83931],[0.11698,38.83923],[0.11614,38.83862],[0.11632,38.83846],[0.11726,38.83913],[0.11734,38.83905],[0.11641,38.83838],[0.1166,38.83822],[0.11753,38.83889],[0.11763,38.83881],[0.1167,38.83814],[0.11722,38.83769],[0.11759,38.83761],[0.11807,38.83866],[0.11821,38.83862],[0.11773,38.83756],[0.11815,38.83744],[0.11864,38.83851],[0.11878,38.83846],[0.11829,38.83741],[0.11872,38.83728],[0.1192,38.83835],[0.11934,38.83832],[0.11886,38.83724],[0.12036,38.83676],[0.12095,38.83805],[0.1213,38.83795],[0.12141,38.83827],[0.12044,38.8413],[0.11992,38.84119],[0.1198,38.8417],[0.11916,38.8416],[0.11912,38.84193],[0.11954,38.8418],[0.12095,38.84208],[0.12068,38.84312],[0.12261,38.84438],[0.12268,38.84419],[0.12098,38.84297],[0.12162,38.84063],[0.12201,38.83841],[0.12078,38.83635],[0.12115,38.83569],[0.12151,38.8354],[0.12395,38.83387],[0.12514,38.83323],[0.12737,38.83263],[0.12911,38.83259],[0.12982,38.83278],[0.1306,38.83333],[0.13178,38.83366],[0.1324,38.83401],[0.13242,38.83539],[0.13273,38.83418],[0.13373,38.83449],[0.13501,38.834],[0.13603,38.83409],[0.13668,38.834],[0.13709,38.83376],[0.1376,38.83395],[0.13772,38.83369],[0.13804,38.83352],[0.13905,38.83356],[0.13912,38.83339],[0.13956,38.83323],[0.13978,38.83296],[0.13952,38.83263],[0.13988,38.83245],[0.14103,38.83246],[0.14183,38.83213],[0.14286,38.8323],[0.1445,38.83185],[0.14546,38.83187],[0.14659,38.83149],[0.14748,38.83158],[0.1477,38.83142],[0.14766,38.83121],[0.14915,38.8302],[0.14921,38.82978],[0.14985,38.82868],[0.15068,38.8279],[0.15134,38.82789],[0.15184,38.82809],[0.15193,38.82831],[0.15212,38.82793],[0.15252,38.82801],[0.15264,38.82823],[0.154,38.82765],[0.15544,38.82731],[0.15547,38.82687],[0.15525,38.82662],[0.15517,38.82613],[0.15553,38.82576],[0.15562,38.82535],[0.15722,38.8246],[0.15712,38.82431],[0.15777,38.82438],[0.15785,38.82426],[0.15772,38.82409],[0.15853,38.82418],[0.15872,38.82399],[0.15856,38.8238],[0.15882,38.82361],[0.15941,38.82378],[0.15955,38.82336],[0.15945,38.82322],[0.15986,38.82307],[0.15963,38.82273],[0.15966,38.82224],[0.16014,38.82169],[0.1607,38.82164],[0.16087,38.82144],[0.16089,38.8211],[0.16066,38.82082],[0.16102,38.82045],[0.16204,38.82056],[0.16231,38.82027],[0.16207,38.81987],[0.163,38.8198],[0.16458,38.81893],[0.16502,38.81895],[0.1654,38.81849],[0.1658,38.81817],[0.16629,38.81807],[0.16668,38.81761],[0.16711,38.81777],[0.16733,38.81755],[0.16798,38.81742],[0.16792,38.81766],[0.16805,38.81771],[0.16847,38.81739],[0.16839,38.81726],[0.16879,38.81717],[0.16882,38.8169],[0.16928,38.81675],[0.16959,38.81645],[0.16936,38.81591],[0.17006,38.81588],[0.17004,38.81556],[0.17027,38.81534],[0.17091,38.81507],[0.17125,38.81539],[0.17225,38.81515],[0.17268,38.81455],[0.1732,38.81447],[0.17397,38.81361],[0.17446,38.81344],[0.17492,38.81356],[0.17609,38.81318],[0.17636,38.81351],[0.17644,38.81335],[0.1767,38.81341],[0.17664,38.81318],[0.17724,38.8132],[0.17783,38.81285],[0.1787,38.81284],[0.17909,38.81261],[0.17935,38.81281],[0.17993,38.81225],[0.18038,38.81239],[0.18078,38.81215],[0.1813,38.81228],[0.18212,38.81196],[0.18214,38.81171],[0.1824,38.81166],[0.18279,38.81122],[0.18334,38.8112],[0.18343,38.81083],[0.18402,38.81115],[0.18427,38.8109],[0.18486,38.81078],[0.18503,38.81047],[0.18563,38.81005],[0.1861,38.80996],[0.18643,38.80972],[0.18726,38.80958],[0.1877,38.8092],[0.18917,38.8092],[0.1914,38.80793],[0.19144,38.80761],[0.19115,38.80729],[0.1911,38.80676],[0.19133,38.80647],[0.19275,38.80616],[0.19303,38.80661],[0.19409,38.80601],[0.1941,38.80586],[0.19366,38.80591],[0.19391,38.80478],[0.19447,38.80465],[0.19541,38.80492],[0.19726,38.80433],[0.1981,38.80308],[0.19897,38.80225],[0.19907,38.80182],[0.19902,38.80162],[0.1979,38.80098],[0.19787,38.80067],[0.19701,38.80008],[0.19682,38.79976],[0.19557,38.80017],[0.19532,38.79992],[0.19429,38.79999],[0.1936,38.79979],[0.19255,38.79997],[0.1924,38.79963],[0.19101,38.80011],[0.18976,38.79959],[0.18925,38.79906],[0.18783,38.79551],[0.18714,38.79471],[0.18688,38.79488],[0.1871,38.79499],[0.18775,38.79621],[0.18765,38.79624],[0.18783,38.7963],[0.18805,38.79684],[0.18791,38.79685],[0.18797,38.79699],[0.1881,38.79695],[0.18823,38.79722],[0.18813,38.79738],[0.18825,38.79735],[0.18865,38.79843],[0.18854,38.79873],[0.18824,38.79872],[0.18817,38.79847],[0.18811,38.79869],[0.18718,38.79864],[0.18724,38.79735],[0.18712,38.79863],[0.1866,38.7986],[0.1867,38.79753],[0.18651,38.7986],[0.18617,38.79858],[0.18627,38.79753],[0.18608,38.79859],[0.18564,38.79856],[0.18564,38.79777],[0.18557,38.79854],[0.18531,38.79853],[0.18532,38.7983],[0.18523,38.79853],[0.18479,38.79839],[0.18436,38.79792],[0.18451,38.79652],[0.18502,38.79628],[0.18593,38.79634],[0.1861,38.79606],[0.18495,38.79598],[0.184,38.79623],[0.18332,38.79597],[0.18271,38.79524],[0.1822,38.79427],[0.18231,38.79406],[0.18205,38.79385],[0.18203,38.793],[0.18222,38.79252],[0.18209,38.79172],[0.17923,38.7912],[0.17931,38.79102],[0.18174,38.79151],[0.1822,38.79146],[0.18221,38.79038],[0.18253,38.78874],[0.18284,38.78792],[0.18331,38.78736],[0.18334,38.7869],[0.18386,38.78555],[0.18492,38.78434],[0.18547,38.78317],[0.18615,38.78257],[0.18618,38.78215],[0.18701,38.78107],[0.18736,38.78011],[0.18801,38.77978],[0.18907,38.77964],[0.18886,38.77948],[0.18898,38.77889],[0.18933,38.77859],[0.18986,38.77766],[0.19042,38.77732],[0.1904,38.77662],[0.19083,38.77629],[0.19101,38.77635],[0.19166,38.77523],[0.19164,38.77483],[0.19131,38.7746],[0.19085,38.77517],[0.18724,38.77538],[0.18666,38.77576],[0.18525,38.77756],[0.18337,38.77735],[0.18391,38.77695],[0.18428,38.7774],[0.18502,38.77743],[0.18678,38.77525],[0.18836,38.77492],[0.18871,38.7751],[0.19083,38.77494],[0.19018,38.77428],[0.19024,38.77347],[0.19072,38.77267],[0.19212,38.77187],[0.19268,38.77177],[0.19383,38.77284],[0.19538,38.77164],[0.19585,38.77155],[0.1965,38.7708],[0.19765,38.7707],[0.19801,38.77041],[0.19846,38.76927],[0.19953,38.76885],[0.19959,38.76861],[0.20079,38.76738],[0.20205,38.76635],[0.2025,38.76631],[0.2028,38.76541],[0.20467,38.76444],[0.20469,38.76401],[0.20495,38.76365],[0.20611,38.76251],[0.20653,38.7624],[0.20674,38.76216],[0.20646,38.76195],[0.20651,38.76173],[0.20685,38.76174],[0.2068,38.762],[0.20729,38.76207],[0.20794,38.7616],[0.20893,38.76151],[0.20935,38.76122],[0.20926,38.76111],[0.20879,38.7613],[0.20911,38.76076],[0.21014,38.76056],[0.21059,38.76055],[0.21078,38.7607],[0.21159,38.76056],[0.21201,38.76106],[0.21324,38.76098],[0.21372,38.76106],[0.21387,38.76134],[0.21426,38.7612],[0.21606,38.7616],[0.21868,38.76039],[0.21994,38.76013],[0.22055,38.7605],[0.2208,38.76085],[0.22075,38.76268],[0.22088,38.76317],[0.22166,38.763],[0.22241,38.76378],[0.22251,38.76416],[0.22276,38.76427],[0.2238,38.76412],[0.22418,38.76454],[0.22477,38.76428],[0.22489,38.76373],[0.22463,38.7636],[0.2236,38.76377],[0.22331,38.76318],[0.22347,38.76284],[0.22315,38.76274],[0.22265,38.76204],[0.22263,38.76158],[0.2233,38.76092],[0.2233,38.76049],[0.22316,38.76022],[0.22256,38.75983],[0.22223,38.75926],[0.22181,38.75905],[0.22165,38.75825],[0.22165,38.75786],[0.22198,38.75745],[0.22196,38.75685],[0.22243,38.75591],[0.2239,38.75507],[0.22599,38.75426],[0.22571,38.7537],[0.22479,38.75364],[0.22391,38.75292],[0.22389,38.75255],[0.22419,38.75222],[0.22386,38.75128],[0.22379,38.74973],[0.224,38.74896],[0.22426,38.74864],[0.22481,38.74843],[0.22511,38.74805],[0.22549,38.74795],[0.22556,38.74715],[0.22528,38.74644],[0.22571,38.74479],[0.22686,38.7451],[0.22729,38.74545],[0.22802,38.74555],[0.229,38.74549],[0.22936,38.7453],[0.22987,38.74535],[0.23038,38.74561],[0.23039,38.74583],[0.23144,38.74606],[0.23182,38.74632],[0.23268,38.74581],[0.23287,38.74536],[0.2322,38.74353],[0.23228,38.74238],[0.23176,38.74159],[0.23169,38.7402],[0.2319,38.73985],[0.23245,38.73983],[0.23271,38.74034],[0.23299,38.74043],[0.23397,38.73965],[0.23364,38.73903],[0.2338,38.73885],[0.23369,38.73866],[0.23321,38.73832],[0.23336,38.73745],[0.23391,38.73724],[0.23392,38.73693],[0.23352,38.7371],[0.23333,38.73665],[0.23235,38.73712],[0.23213,38.73684],[0.23231,38.73676],[0.23229,38.73653],[0.23212,38.73652],[0.23169,38.73692],[0.23138,38.73663],[0.23226,38.73574],[0.23209,38.73562],[0.2317,38.73597],[0.23172,38.73575],[0.23144,38.73586],[0.23192,38.73499],[0.23169,38.73427],[0.23146,38.73405],[0.23147,38.73368],[0.23082,38.73351],[0.2308,38.73328],[0.23111,38.73284],[0.23103,38.73246],[0.23153,38.73183],[0.23142,38.73165],[0.2306,38.73164],[0.22881,38.73215],[0.2287,38.73199],[0.2284,38.73202],[0.22789,38.73237],[0.22675,38.73223],[0.22605,38.73265],[0.22553,38.73228],[0.22518,38.73233],[0.22518,38.73183],[0.22457,38.73196],[0.22464,38.73169],[0.22421,38.73164],[0.22382,38.731],[0.22324,38.7312],[0.22275,38.73094],[0.22262,38.73059],[0.22189,38.73063],[0.22137,38.73095],[0.22114,38.73074],[0.2211,38.73048],[0.22034,38.73051],[0.22001,38.73066],[0.21977,38.73105],[0.21803,38.73048],[0.21751,38.73004],[0.21753,38.72985],[0.21685,38.72896],[0.21625,38.72865],[0.21625,38.728],[0.21582,38.72799],[0.21547,38.72819],[0.21534,38.72811],[0.21578,38.72795],[0.21508,38.72804],[0.2148,38.72785],[0.21434,38.72803],[0.21423,38.72828],[0.21439,38.72873],[0.21407,38.72932],[0.21366,38.72954],[0.21346,38.72991],[0.21351,38.73131],[0.2133,38.73238],[0.2129,38.7322],[0.21286,38.73189],[0.21238,38.73171],[0.20999,38.7319],[0.20941,38.7318],[0.20868,38.73198],[0.20857,38.73224],[0.20747,38.73231],[0.20658,38.73258],[0.20585,38.73251],[0.20551,38.73223],[0.20556,38.73206],[0.20519,38.73209],[0.2051,38.73194],[0.20401,38.73226],[0.2041,38.73153],[0.20445,38.73128],[0.20333,38.73111],[0.20198,38.73118],[0.20168,38.73133],[0.20137,38.73125],[0.20101,38.73099],[0.20119,38.73043],[0.20105,38.73027],[0.20057,38.73022],[0.20053,38.73005],[0.2002,38.72991],[0.20003,38.72965],[0.20008,38.72929],[0.19955,38.72922],[0.19959,38.72905],[0.19887,38.72926],[0.19858,38.72901],[0.19792,38.72905],[0.19766,38.72925],[0.19761,38.72963],[0.19688,38.72952],[0.19633,38.72912],[0.19615,38.72855],[0.19671,38.7284],[0.19764,38.72752],[0.19917,38.7258],[0.1993,38.72555],[0.19923,38.72516],[0.19827,38.72492],[0.19643,38.72495],[0.19579,38.72447],[0.19549,38.72444],[0.1955,38.724],[0.19495,38.72385],[0.19339,38.72393],[0.19322,38.72412],[0.19296,38.72411],[0.19159,38.72388],[0.19006,38.72313],[0.18907,38.7232],[0.18863,38.72301],[0.18729,38.72191],[0.18664,38.72185],[0.18655,38.7215],[0.18567,38.72114],[0.18534,38.72053],[0.18437,38.71964],[0.18392,38.71944],[0.18368,38.71948],[0.18242,38.72079],[0.18196,38.72045],[0.18192,38.71971],[0.18067,38.71817],[0.18053,38.71721],[0.18075,38.71703],[0.1807,38.71688],[0.17965,38.71595],[0.17852,38.71527],[0.17741,38.7141],[0.17489,38.71263],[0.1747,38.71239],[0.17399,38.71211],[0.17361,38.71213],[0.17282,38.7117],[0.17158,38.71169],[0.17146,38.71192],[0.1712,38.71194],[0.17071,38.71168],[0.17038,38.71186],[0.16999,38.71147],[0.16926,38.71124],[0.16897,38.71092],[0.16803,38.71048],[0.16749,38.71063],[0.1669,38.70997],[0.16654,38.70921],[0.1665,38.70901],[0.16672,38.70886],[0.16662,38.70818],[0.16674,38.7078],[0.16649,38.70758],[0.16643,38.7071],[0.16612,38.70703],[0.166,38.7067],[0.16551,38.70668],[0.16509,38.70575],[0.16481,38.70562],[0.16481,38.70446],[0.16463,38.70426],[0.16466,38.704],[0.1645,38.70383],[0.16405,38.70378],[0.16355,38.70334],[0.16359,38.70314],[0.16343,38.70317],[0.16308,38.70279],[0.16297,38.70228],[0.16192,38.70176],[0.16163,38.7013],[0.16173,38.70112],[0.1615,38.70119],[0.16022,38.70001],[0.15778,38.69859],[0.15801,38.6981],[0.15637,38.69828],[0.15585,38.69822],[0.15569,38.69804],[0.15563,38.69762],[0.15642,38.6969],[0.1562,38.69676],[0.15629,38.69652],[0.15585,38.69582],[0.15593,38.69551],[0.15551,38.69493],[0.1558,38.69472],[0.15587,38.69414],[0.15614,38.69409],[0.15623,38.69377],[0.15611,38.69355],[0.15642,38.69351],[0.1565,38.69328],[0.15615,38.69301],[0.15633,38.69269],[0.15583,38.69213],[0.15573,38.69154],[0.15526,38.69062],[0.15536,38.69032],[0.15557,38.69021],[0.15513,38.68962],[0.15545,38.68948],[0.15542,38.68924],[0.15472,38.68866],[0.15504,38.68855],[0.15521,38.68816],[0.15499,38.68773],[0.15475,38.68762],[0.15503,38.68738],[0.15505,38.68693],[0.15441,38.68678],[0.15454,38.68662],[0.15471,38.68668],[0.15467,38.68645],[0.15291,38.68556],[0.15349,38.68511],[0.153,38.68433],[0.15285,38.68331],[0.15233,38.6826],[0.15222,38.68219],[0.15182,38.68223],[0.15174,38.6819],[0.15106,38.68196],[0.15063,38.68171],[0.15048,38.68133],[0.15093,38.68122],[0.15096,38.68098],[0.1506,38.68064],[0.15033,38.6808],[0.15019,38.68042],[0.14862,38.67925],[0.14823,38.67924],[0.14777,38.67945],[0.14726,38.67989],[0.14705,38.6803],[0.14741,38.68122],[0.1476,38.68133],[0.14749,38.68204],[0.14726,38.68228],[0.14732,38.68306],[0.14714,38.68317],[0.14724,38.68459],[0.1471,38.68614],[0.14719,38.68636],[0.14741,38.68642],[0.14748,38.68671],[0.14698,38.68715],[0.1458,38.68757],[0.14495,38.68757],[0.14457,38.68691],[0.1431,38.68685],[0.14256,38.68655],[0.14185,38.68662],[0.14048,38.68625],[0.14,38.6864],[0.13994,38.68665],[0.13918,38.68682],[0.1389,38.68673],[0.1387,38.68595],[0.13833,38.68583],[0.13824,38.6861],[0.13848,38.68633],[0.13856,38.68672],[0.13814,38.68685],[0.13807,38.68707],[0.13682,38.6872],[0.13655,38.68662],[0.1351,38.68677],[0.13488,38.68566],[0.13885,38.68512],[0.13944,38.68522],[0.13953,38.68508],[0.13939,38.68489],[0.13908,38.68485],[0.13463,38.68539],[0.1341,38.68687],[0.13292,38.68647],[0.13213,38.68641],[0.13152,38.68653],[0.13137,38.68682],[0.1315,38.68693],[0.13066,38.68701],[0.12924,38.68651],[0.12911,38.68629],[0.12921,38.68602],[0.12824,38.68551],[0.12724,38.68566],[0.12695,38.68558],[0.12676,38.68515],[0.12544,38.68517],[0.12496,38.68445],[0.12396,38.68405],[0.12372,38.68372],[0.12101,38.68192],[0.12097,38.68155],[0.12124,38.68148],[0.12097,38.68105],[0.12111,38.68088],[0.12062,38.68076],[0.12031,38.68043],[0.11998,38.68033],[0.11977,38.67966],[0.11809,38.67852],[0.11728,38.67756],[0.11545,38.67492],[0.11511,38.67414],[0.11518,38.67371],[0.11365,38.67381],[0.11296,38.67476],[0.11246,38.67502],[0.11188,38.67503],[0.1059,38.67431],[0.10454,38.6739],[0.10347,38.67429],[0.10296,38.67421],[0.10266,38.67397],[0.10203,38.67412],[0.10121,38.6738],[0.10063,38.67303],[0.09907,38.6727],[0.09876,38.6724],[0.09881,38.67277],[0.09846,38.67284],[0.09788,38.67228],[0.09776,38.67105],[0.09521,38.67002],[0.09462,38.66996],[0.09399,38.66951],[0.09346,38.66883],[0.09346,38.66842],[0.0937,38.6684],[0.09334,38.66772],[0.09284,38.66722],[0.09211,38.66694],[0.09114,38.6663],[0.08993,38.66624],[0.08959,38.66598],[0.08934,38.66544],[0.08818,38.66493],[0.08804,38.66444],[0.08858,38.66397],[0.08839,38.66357],[0.08837,38.66307],[0.08862,38.6631],[0.08839,38.66276],[0.08846,38.66226],[0.08784,38.66167],[0.08717,38.66133],[0.08649,38.6614],[0.08492,38.65972],[0.08485,38.65953],[0.08508,38.65935],[0.0859,38.6602],[0.08501,38.65886],[0.08467,38.65923],[0.08408,38.65931],[0.08356,38.65921],[0.08265,38.65872],[0.0823,38.65843],[0.08245,38.65804],[0.08169,38.65752],[0.08181,38.65699],[0.0803,38.65633],[0.0803,38.65557],[0.07983,38.65469],[0.07788,38.65348],[0.07753,38.65286],[0.07768,38.65149],[0.078,38.6513],[0.07888,38.6513],[0.07835,38.65062],[0.07805,38.65054],[0.07811,38.65007],[0.07764,38.64985],[0.07759,38.64967],[0.07512,38.64842],[0.07356,38.64486],[0.07308,38.64282],[0.07315,38.64153],[0.0735,38.64104],[0.07378,38.6409],[0.07502,38.64125],[0.07569,38.64089],[0.07526,38.64021],[0.07617,38.63884],[0.07617,38.63854],[0.07573,38.63781],[0.07604,38.63707],[0.07713,38.63594],[0.07824,38.63565],[0.07929,38.63516],[0.08077,38.63484],[0.0813,38.63405],[0.08216,38.63325],[0.08322,38.63188],[0.08396,38.63128],[0.08393,38.63115],[0.08306,38.63113],[0.0825,38.63094],[0.08183,38.63098],[0.08059,38.63133],[0.07959,38.63185],[0.07834,38.63204],[0.07597,38.63274],[0.07336,38.63251],[0.07174,38.63327],[0.07149,38.63367],[0.07155,38.63422],[0.07135,38.63454],[0.07142,38.63528],[0.07125,38.63561],[0.07077,38.63582],[0.0699,38.63564],[0.06898,38.63584],[0.06766,38.63583],[0.06735,38.63588],[0.06727,38.63607],[0.06742,38.6362],[0.06841,38.63606],[0.06863,38.63618],[0.06975,38.6359],[0.06981,38.63606],[0.07089,38.63629],[0.07072,38.6366],[0.07086,38.63662],[0.0708,38.63689],[0.07154,38.63709],[0.07147,38.63723],[0.07171,38.63728],[0.0717,38.63756],[0.07139,38.63781],[0.07174,38.63793],[0.07116,38.63902],[0.07079,38.63921],[0.07021,38.63905],[0.06907,38.63919],[0.06881,38.63853],[0.06941,38.63732],[0.06933,38.63705],[0.06916,38.637],[0.06855,38.63819],[0.0679,38.63839],[0.06851,38.63966],[0.0681,38.63988],[0.06794,38.63971],[0.06774,38.63976],[0.06779,38.64007],[0.06733,38.64036],[0.06664,38.64035],[0.06643,38.64022],[0.06654,38.6401],[0.06631,38.64004],[0.06624,38.64043],[0.06585,38.64058],[0.06343,38.64032],[0.06326,38.64056],[0.06303,38.64054],[0.06307,38.6409],[0.06291,38.64105],[0.06216,38.64077],[0.06094,38.64089],[0.06075,38.64104],[0.06024,38.64093],[0.05962,38.64105],[0.05919,38.64156],[0.05898,38.64123],[0.05862,38.64122],[0.05837,38.64068],[0.05833,38.64123],[0.05719,38.64153],[0.05155,38.64158],[0.05078,38.64135],[0.05039,38.6416],[0.04502,38.64056],[0.04439,38.64027],[0.04395,38.63982],[0.04479,38.63903],[0.04468,38.63882],[0.04446,38.63884],[0.04341,38.63992],[0.0422,38.63906],[0.0403,38.63863],[0.03951,38.63725],[0.03903,38.63692],[0.03727,38.63646],[0.0355,38.63647],[0.03474,38.6361],[0.03456,38.63587],[0.03458,38.63551],[0.03475,38.63518],[0.03503,38.6351],[0.03499,38.63494],[0.03473,38.63479],[0.03402,38.6351],[0.03382,38.63492],[0.03429,38.63409],[0.03459,38.63397],[0.03487,38.63408],[0.03502,38.63478],[0.03593,38.63529],[0.03529,38.63456],[0.03515,38.6339],[0.03438,38.63362],[0.03293,38.63264],[0.03194,38.63239],[0.03149,38.63179],[0.03063,38.63143],[0.03039,38.63087],[0.03054,38.6298],[0.03127,38.62879],[0.03077,38.62853],[0.02933,38.62844],[0.02944,38.62816],[0.03092,38.62711],[0.03049,38.62638],[0.0307,38.62615],[0.0305,38.62595],[0.02857,38.62579],[0.02558,38.62787],[0.02179,38.62841],[0.01637,38.63024],[0.01507,38.63033],[0.01386,38.63093],[0.0108,38.63185],[0.01073,38.6323],[0.01057,38.63235],[0.0099,38.63226],[0.00948,38.63193],[0.00912,38.63119],[0.00923,38.63068],[0.00912,38.63053],[0.00829,38.63028],[0.00642,38.63036],[0.00574,38.63018],[0.00565,38.62982],[0.00632,38.62915],[0.00601,38.62892],[0.006,38.62851],[0.00582,38.62833],[0.00502,38.62881],[0.00499,38.62948],[0.00476,38.63005],[0.00356,38.63078],[0.00104,38.63043],[0.00035,38.6299],[-8e-05,38.62988],[-0.00019,38.62896],[-9e-05,38.6288],[0.00035,38.6288],[0.00035,38.62862],[0.00015,38.62854],[-0.00482,38.62872],[-0.00484,38.62891],[-0.00465,38.62901],[-0.00036,38.62882],[-0.00031,38.62996],[-0.00115,38.63001],[-0.00124,38.6301],[-0.00099,38.63018],[-0.0014,38.63022],[-0.0014,38.63034],[-0.00238,38.63038],[-0.00241,38.63012],[-0.0037,38.63015],[-0.00371,38.6295],[-0.00403,38.6295],[-0.00405,38.62992],[-0.00504,38.63044],[-0.00625,38.63045],[-0.00669,38.63029],[-0.00692,38.63002],[-0.00681,38.62947],[-0.00725,38.62982],[-0.00769,38.62974],[-0.00845,38.62927],[-0.00923,38.62845],[-0.00997,38.62829],[-0.01169,38.62742],[-0.01362,38.62771],[-0.01572,38.62679],[-0.0179,38.62507],[-0.01799,38.62484],[-0.01769,38.62419],[-0.01847,38.62326],[-0.01874,38.62325],[-0.01869,38.6234],[-0.0183,38.62354],[-0.0178,38.62421],[-0.01807,38.62481],[-0.01856,38.62467],[-0.01901,38.62437],[-0.01868,38.62414],[-0.01874,38.62403],[-0.01932,38.62413],[-0.0194,38.62386],[-0.01883,38.62385],[-0.01888,38.62368],[-0.0198,38.62369],[-0.02017,38.62352],[-0.02161,38.6224],[-0.02273,38.6212],[-0.02406,38.62023],[-0.02795,38.61883],[-0.03067,38.61695],[-0.03162,38.61621],[-0.03232,38.61525],[-0.03221,38.61487],[-0.03174,38.61455],[-0.03173,38.6141],[-0.03194,38.61418],[-0.03184,38.61425],[-0.03196,38.61455],[-0.03217,38.6146],[-0.0323,38.61429],[-0.03211,38.61403],[-0.0324,38.61418],[-0.03307,38.61375],[-0.03303,38.61329],[-0.03273,38.61302],[-0.03242,38.61305],[-0.03238,38.61286],[-0.03298,38.61237],[-0.03345,38.61252],[-0.03402,38.61235],[-0.03504,38.61161],[-0.03893,38.60639],[-0.03936,38.60699],[-0.03945,38.60769],[-0.0398,38.60858],[-0.03992,38.61004],[-0.03981,38.6126],[-0.03901,38.61479],[-0.03766,38.61711],[-0.03777,38.61967],[-0.03689,38.62061],[-0.03642,38.62146],[-0.03681,38.62289],[-0.03836,38.62394],[-0.03879,38.62448],[-0.03881,38.62518],[-0.03772,38.62604],[-0.03744,38.62644],[-0.03734,38.62723],[-0.03732,38.62801],[-0.0379,38.62897],[-0.03804,38.62952],[-0.03713,38.6317],[-0.03709,38.63247],[-0.03745,38.63436],[-0.03723,38.63704],[-0.03648,38.63758],[-0.03414,38.63795],[-0.03187,38.63946],[-0.03129,38.63968],[-0.03027,38.63976],[-0.02942,38.64015],[-0.02824,38.64127],[-0.02519,38.64319],[-0.02111,38.64605],[-0.02065,38.64663],[-0.02041,38.64749],[-0.02263,38.6522],[-0.02337,38.65312],[-0.02446,38.65412],[-0.02621,38.65483],[-0.03104,38.65543],[-0.03747,38.6578],[-0.03878,38.65851],[-0.04117,38.65911],[-0.04767,38.66194],[-0.05111,38.66306],[-0.05483,38.66355],[-0.05305,38.66429],[-0.0516,38.66527],[-0.04677,38.66908],[-0.04642,38.67121],[-0.04666,38.67213],[-0.04702,38.67264],[-0.0473,38.67351],[-0.04711,38.67428],[-0.04655,38.67509],[-0.04488,38.67588],[-0.04248,38.67787],[-0.04154,38.67923],[-0.04114,38.68017],[-0.04114,38.68147],[-0.04041,38.68312],[-0.04082,38.68578],[-0.04263,38.68496],[-0.04394,38.68471],[-0.04455,38.68466],[-0.04546,38.68489],[-0.04751,38.68501],[-0.04814,38.68476],[-0.05031,38.68323],[-0.05113,38.68282],[-0.05285,38.68249],[-0.05443,38.68253],[-0.05529,38.68309],[-0.05567,38.68392],[-0.05708,38.68605],[-0.05801,38.68715],[-0.05905,38.68757],[-0.06084,38.68865],[-0.06151,38.68947],[-0.05916,38.69832],[-0.05603,38.70586],[-0.0541,38.70912],[-0.05169,38.71179],[-0.05039,38.71468],[-0.05092,38.71526],[-0.05302,38.71671],[-0.05541,38.71883],[-0.0564,38.72013],[-0.05649,38.7208],[-0.05588,38.72194],[-0.0556,38.72294],[-0.05767,38.72274],[-0.05865,38.7228],[-0.05957,38.72307],[-0.06006,38.72368],[-0.06146,38.72393],[-0.06354,38.72353],[-0.06933,38.72325],[-0.07801,38.72359],[-0.08103,38.72333],[-0.08223,38.72301],[-0.08464,38.7232],[-0.08969,38.72307],[-0.0922,38.72391],[-0.09471,38.7256],[-0.0972,38.72836],[-0.0978,38.72824],[-0.09841,38.7273],[-0.0991,38.72675],[-0.10006,38.72646],[-0.10219,38.72598],[-0.1066,38.72634],[-0.10847,38.72444],[-0.1095,38.72396],[-0.11032,38.72375],[-0.1123,38.72372],[-0.11419,38.72401],[-0.11492,38.72384],[-0.1181,38.72248],[-0.11976,38.72205],[-0.12163,38.72205],[-0.12312,38.72284],[-0.12424,38.723],[-0.12795,38.72222],[-0.12892,38.72216],[-0.12992,38.72221],[-0.13138,38.72258],[-0.13232,38.72258],[-0.13356,38.72143],[-0.13631,38.72082],[-0.13788,38.72086],[-0.13874,38.72093],[-0.13946,38.72131],[-0.14201,38.72192],[-0.14353,38.72262],[-0.14372,38.72342],[-0.14404,38.72381],[-0.1448,38.72385],[-0.14717,38.72273],[-0.15014,38.72004],[-0.15062,38.71886],[-0.15092,38.7172],[-0.15079,38.71603],[-0.15031,38.71433],[-0.15029,38.71364],[-0.15055,38.71257],[-0.15098,38.71205],[-0.15227,38.71126],[-0.15305,38.71103],[-0.15954,38.71082],[-0.16044,38.71059],[-0.16211,38.70965],[-0.16405,38.7093],[-0.16534,38.70845],[-0.16693,38.70785],[-0.168,38.70709],[-0.16838,38.70639],[-0.16885,38.70376],[-0.16942,38.70259],[-0.17101,38.7016],[-0.17237,38.70126],[-0.17452,38.70015],[-0.17575,38.69815],[-0.17858,38.69883],[-0.18047,38.6995],[-0.18193,38.70028],[-0.18325,38.70069],[-0.18601,38.70119],[-0.18884,38.70228],[-0.19459,38.70322],[-0.19968,38.70529],[-0.20532,38.70675],[-0.2095,38.70804],[-0.21111,38.70868],[-0.21281,38.70971],[-0.21372,38.71009],[-0.21528,38.71043],[-0.22147,38.71118],[-0.22427,38.71248],[-0.2369,38.71607],[-0.23766,38.71613],[-0.23912,38.7157],[-0.24217,38.71554],[-0.24402,38.71523],[-0.25739,38.71829],[-0.2582,38.71791],[-0.26369,38.71624],[-0.26482,38.7161],[-0.26701,38.71623],[-0.26972,38.71614],[-0.27069,38.71586],[-0.27264,38.71574],[-0.27336,38.71582],[-0.27411,38.71616],[-0.2746,38.71677],[-0.275,38.71774],[-0.27317,38.7185]]]}},{"type":"Feature","id":"14-1","properties":{"NomSistExp":"Marina Alta","Subsistema":"Litoral de Xàbia - Calp","Superf km2":0.0,"Area km2":0.0,"id":"14-1"},"geometry":{"type":"Polygon","coordinates":[[[0.08572,38.66023],[0.08577,38.66025],[0.08581,38.66022],[0.08577,38.66019],[0.08572,38.66023]]]}},{"type":"Feature","id":"15-0","properties":{"NomSistExp":"Marina Baja","Subsistema":"Amadorio - Algar - Guadalest","Superf km2":606.57,"Area km2":606.57,"id":"15-0"},"geometry":{"type":"Polygon","coordinates":[[[-0.35935,38.53269],[-0.35951,38.53408],[-0.3624,38.53848],[-0.36362,38.53867],[-0.365,38.53858],[-0.36809,38.5378],[-0.36878,38.53708],[-0.36991,38.53691],[-0.37148,38.53754],[-0.37254,38.53769],[-0.37377,38.53718],[-0.37451,38.53659],[-0.37545,38.53639],[-0.37865,38.53704],[-0.38013,38.53684],[-0.38074,38.53633],[-0.38079,38.53566],[-0.38517,38.5361],[-0.38679,38.53652],[-0.38912,38.53615],[-0.39082,38.53549],[-0.39197,38.53457],[-0.39405,38.53201],[-0.3943,38.53343],[-0.39674,38.53572],[-0.39847,38.53836],[-0.39923,38.53981],[-0.39934,38.54138],[-0.39885,38.54329],[-0.39652,38.54651],[-0.39463,38.55184],[-0.39475,38.55527],[-0.3943,38.55659],[-0.39364,38.5573],[-0.39414,38.55947],[-0.3952,38.5609],[-0.39663,38.5621],[-0.39965,38.56426],[-0.40073,38.56466],[-0.40364,38.56483],[-0.40384,38.56852],[-0.40537,38.57111],[-0.40833,38.57394],[-0.4071,38.57479],[-0.40589,38.57542],[-0.40408,38.57603],[-0.40242,38.57707],[-0.39968,38.57785],[-0.39555,38.582],[-0.39429,38.58381],[-0.39308,38.58518],[-0.3919,38.58628],[-0.39052,38.58693],[-0.39246,38.58776],[-0.39415,38.58933],[-0.39643,38.59073],[-0.39775,38.59178],[-0.39803,38.59276],[-0.39672,38.5933],[-0.3925,38.59437],[-0.39211,38.59515],[-0.39312,38.59646],[-0.39292,38.59717],[-0.3909,38.59903],[-0.39125,38.60005],[-0.39196,38.60098],[-0.39301,38.60162],[-0.39428,38.60202],[-0.39635,38.60229],[-0.39473,38.60282],[-0.39324,38.60377],[-0.39235,38.60472],[-0.393,38.60534],[-0.39412,38.60833],[-0.39544,38.60879],[-0.39753,38.609],[-0.39843,38.60947],[-0.40092,38.6116],[-0.40213,38.61554],[-0.40013,38.61855],[-0.40454,38.61984],[-0.40668,38.62199],[-0.4078,38.62381],[-0.41143,38.6275],[-0.41327,38.62829],[-0.41823,38.63183],[-0.41902,38.63278],[-0.41951,38.63388],[-0.42047,38.63469],[-0.41955,38.63444],[-0.41915,38.63517],[-0.41858,38.63529],[-0.41718,38.63668],[-0.41666,38.6381],[-0.41591,38.63919],[-0.41545,38.64049],[-0.41459,38.64218],[-0.41334,38.64188],[-0.41213,38.64138],[-0.41098,38.6407],[-0.41036,38.64006],[-0.40956,38.63986],[-0.40814,38.63999],[-0.40724,38.63957],[-0.40625,38.63956],[-0.40496,38.64021],[-0.40439,38.6409],[-0.40421,38.64159],[-0.40371,38.64238],[-0.40381,38.64325],[-0.40314,38.64403],[-0.40248,38.64521],[-0.40253,38.64612],[-0.40179,38.64601],[-0.40009,38.64614],[-0.39762,38.64559],[-0.39753,38.64541],[-0.39722,38.64536],[-0.3955,38.64437],[-0.39336,38.64291],[-0.39296,38.64244],[-0.39166,38.64189],[-0.38854,38.64097],[-0.38562,38.64027],[-0.38361,38.63996],[-0.38313,38.64019],[-0.38134,38.64026],[-0.38026,38.64072],[-0.38011,38.64094],[-0.3796,38.64095],[-0.37951,38.64254],[-0.37809,38.6451],[-0.37819,38.64595],[-0.37716,38.64619],[-0.37549,38.64741],[-0.37389,38.64801],[-0.37176,38.64792],[-0.36702,38.64931],[-0.36513,38.64938],[-0.36386,38.64879],[-0.36326,38.64901],[-0.36229,38.64992],[-0.36181,38.65007],[-0.35823,38.64855],[-0.35718,38.64929],[-0.35531,38.64945],[-0.35357,38.65021],[-0.3496,38.65066],[-0.34628,38.65134],[-0.3446,38.65045],[-0.34261,38.64833],[-0.34172,38.64798],[-0.34148,38.64754],[-0.34142,38.64653],[-0.34046,38.64563],[-0.34033,38.64474],[-0.34011,38.64434],[-0.33856,38.64467],[-0.33807,38.64457],[-0.33664,38.64474],[-0.33589,38.64509],[-0.33491,38.64512],[-0.33433,38.6453],[-0.33323,38.64522],[-0.33127,38.64579],[-0.33057,38.64624],[-0.32777,38.6472],[-0.32555,38.64906],[-0.32209,38.65095],[-0.31732,38.65245],[-0.31613,38.65319],[-0.31098,38.6531],[-0.30944,38.65339],[-0.30681,38.65453],[-0.3007,38.65552],[-0.29705,38.65589],[-0.29409,38.65571],[-0.29164,38.65483],[-0.2882,38.65448],[-0.2857,38.65393],[-0.28562,38.65436],[-0.28547,38.65435],[-0.28469,38.65503],[-0.28456,38.65545],[-0.28503,38.6565],[-0.28538,38.65826],[-0.28611,38.65972],[-0.28595,38.66064],[-0.2853,38.66117],[-0.28518,38.66172],[-0.28481,38.66219],[-0.28468,38.66395],[-0.2851,38.66535],[-0.28563,38.66567],[-0.28561,38.66584],[-0.28745,38.66638],[-0.2888,38.6671],[-0.29234,38.66712],[-0.29338,38.66735],[-0.29526,38.66742],[-0.29583,38.66788],[-0.29652,38.66915],[-0.29761,38.66952],[-0.29808,38.67029],[-0.29806,38.6713],[-0.29855,38.67293],[-0.2956,38.67506],[-0.29694,38.67713],[-0.2971,38.678],[-0.29666,38.67926],[-0.29835,38.6807],[-0.2993,38.68084],[-0.30028,38.68122],[-0.30132,38.68195],[-0.30199,38.68293],[-0.29994,38.68388],[-0.29971,38.68652],[-0.29894,38.68723],[-0.29884,38.68816],[-0.2975,38.69066],[-0.29609,38.69267],[-0.2963,38.69305],[-0.29639,38.69388],[-0.29681,38.6944],[-0.29696,38.69508],[-0.29877,38.69646],[-0.29879,38.69721],[-0.29848,38.69805],[-0.29849,38.69889],[-0.29881,38.69918],[-0.29987,38.6994],[-0.30044,38.70074],[-0.30067,38.70212],[-0.30036,38.70316],[-0.29977,38.70347],[-0.29916,38.70434],[-0.29959,38.70555],[-0.2996,38.70637],[-0.29869,38.70699],[-0.29362,38.70987],[-0.29231,38.71032],[-0.29168,38.70999],[-0.2901,38.70774],[-0.2895,38.70774],[-0.28939,38.70762],[-0.28721,38.70885],[-0.28455,38.7099],[-0.28283,38.71111],[-0.28247,38.71169],[-0.28211,38.7139],[-0.28146,38.7148],[-0.28144,38.71516],[-0.27934,38.71613],[-0.27803,38.71617],[-0.27734,38.71682],[-0.2762,38.7172],[-0.27595,38.71715],[-0.27535,38.7165],[-0.27509,38.7165],[-0.27504,38.71671],[-0.27477,38.71671],[-0.27466,38.71688],[-0.27411,38.71616],[-0.27336,38.71582],[-0.27264,38.71574],[-0.27069,38.71586],[-0.26972,38.71614],[-0.26701,38.71623],[-0.26482,38.7161],[-0.26369,38.71624],[-0.2582,38.71791],[-0.25739,38.71829],[-0.24402,38.71523],[-0.24217,38.71554],[-0.23912,38.7157],[-0.23766,38.71613],[-0.2369,38.71607],[-0.22427,38.71248],[-0.22147,38.71118],[-0.21528,38.71043],[-0.21372,38.71009],[-0.21281,38.70971],[-0.21111,38.70868],[-0.2095,38.70804],[-0.20532,38.70675],[-0.19968,38.70529],[-0.19459,38.70322],[-0.18884,38.70228],[-0.18601,38.70119],[-0.18325,38.70069],[-0.18193,38.70028],[-0.18047,38.6995],[-0.17858,38.69883],[-0.17575,38.69815],[-0.17452,38.70015],[-0.17237,38.70126],[-0.17101,38.7016],[-0.16942,38.70259],[-0.16885,38.70376],[-0.16838,38.70639],[-0.168,38.70709],[-0.16693,38.70785],[-0.16534,38.70845],[-0.16405,38.7093],[-0.16211,38.70965],[-0.16044,38.71059],[-0.15954,38.71082],[-0.15305,38.71103],[-0.15227,38.71126],[-0.15098,38.71205],[-0.15055,38.71257],[-0.15029,38.71364],[-0.15031,38.71433],[-0.15079,38.71603],[-0.15092,38.7172],[-0.15062,38.71886],[-0.15014,38.72004],[-0.14717,38.72273],[-0.1448,38.72385],[-0.14404,38.72381],[-0.14372,38.72342],[-0.14353,38.72262],[-0.14201,38.72192],[-0.13946,38.72131],[-0.13874,38.72093],[-0.13788,38.72086],[-0.13631,38.72082],[-0.13356,38.72143],[-0.13232,38.72258],[-0.13138,38.72258],[-0.12992,38.72221],[-0.12892,38.72216],[-0.12795,38.72222],[-0.12424,38.723],[-0.12312,38.72284],[-0.12163,38.72205],[-0.11976,38.72205],[-0.1181,38.72248],[-0.11492,38.72384],[-0.11419,38.72401],[-0.1123,38.72372],[-0.11032,38.72375],[-0.1095,38.72396],[-0.10847,38.72444],[-0.1066,38.72634],[-0.10219,38.72598],[-0.10006,38.72646],[-0.0991,38.72675],[-0.09841,38.7273],[-0.0978,38.72824],[-0.0972,38.72836],[-0.09471,38.7256],[-0.0922,38.72391],[-0.08969,38.72307],[-0.08464,38.7232],[-0.08223,38.72301],[-0.08103,38.72333],[-0.07801,38.72359],[-0.06933,38.72325],[-0.06354,38.72353],[-0.06146,38.72393],[-0.06006,38.72368],[-0.05957,38.72307],[-0.05865,38.7228],[-0.05767,38.72274],[-0.0556,38.72294],[-0.05588,38.72194],[-0.05649,38.7208],[-0.0564,38.72013],[-0.05541,38.71883],[-0.05302,38.71671],[-0.05092,38.71526],[-0.05039,38.71468],[-0.05169,38.71179],[-0.0541,38.70912],[-0.05603,38.70586],[-0.05916,38.69832],[-0.06151,38.68947],[-0.06084,38.68865],[-0.05905,38.68757],[-0.05801,38.68715],[-0.05708,38.68605],[-0.05567,38.68392],[-0.05529,38.68309],[-0.05443,38.68253],[-0.05285,38.68249],[-0.05113,38.68282],[-0.05031,38.68323],[-0.04814,38.68476],[-0.04751,38.68501],[-0.04546,38.68489],[-0.04455,38.68466],[-0.04394,38.68471],[-0.04263,38.68496],[-0.04082,38.68578],[-0.04041,38.68312],[-0.04114,38.68147],[-0.04114,38.68017],[-0.04154,38.67923],[-0.04248,38.67787],[-0.04488,38.67588],[-0.04655,38.67509],[-0.04711,38.67428],[-0.0473,38.67351],[-0.04702,38.67264],[-0.04666,38.67213],[-0.04642,38.67121],[-0.04677,38.66908],[-0.0516,38.66527],[-0.05305,38.66429],[-0.05483,38.66355],[-0.05111,38.66306],[-0.04767,38.66194],[-0.04117,38.65911],[-0.03878,38.65851],[-0.03747,38.6578],[-0.03104,38.65543],[-0.02621,38.65483],[-0.02446,38.65412],[-0.02337,38.65312],[-0.02263,38.6522],[-0.02041,38.64749],[-0.02065,38.64663],[-0.02111,38.64605],[-0.02519,38.64319],[-0.02824,38.64127],[-0.02942,38.64015],[-0.03027,38.63976],[-0.03129,38.63968],[-0.03187,38.63946],[-0.03414,38.63795],[-0.03648,38.63758],[-0.03723,38.63704],[-0.03745,38.63436],[-0.03709,38.63247],[-0.03713,38.6317],[-0.03804,38.62952],[-0.0379,38.62897],[-0.03732,38.62801],[-0.03734,38.62723],[-0.03744,38.62644],[-0.03772,38.62604],[-0.03881,38.62518],[-0.03879,38.62448],[-0.03836,38.62394],[-0.03681,38.62289],[-0.03642,38.62146],[-0.03689,38.62061],[-0.03777,38.61967],[-0.03766,38.61711],[-0.03901,38.61479],[-0.03981,38.6126],[-0.03992,38.61004],[-0.0398,38.60858],[-0.03945,38.60769],[-0.03936,38.60699],[-0.03893,38.60639],[-0.04147,38.60325],[-0.04449,38.6015],[-0.04594,38.60021],[-0.04615,38.60034],[-0.04461,38.60175],[-0.04215,38.60312],[-0.04247,38.60318],[-0.04467,38.60257],[-0.04481,38.60221],[-0.0451,38.60216],[-0.04521,38.60184],[-0.04585,38.60138],[-0.04595,38.60104],[-0.04624,38.60093],[-0.04633,38.60069],[-0.04667,38.60055],[-0.04675,38.60023],[-0.0471,38.60002],[-0.04684,38.59978],[-0.04622,38.60029],[-0.04597,38.60015],[-0.04892,38.59752],[-0.04955,38.59667],[-0.04982,38.59562],[-0.05124,38.59488],[-0.05388,38.59203],[-0.0527,38.58934],[-0.05237,38.58913],[-0.05386,38.58571],[-0.05421,38.58565],[-0.05432,38.58584],[-0.05375,38.58703],[-0.05407,38.58725],[-0.0533,38.58896],[-0.05371,38.58989],[-0.05341,38.59004],[-0.05413,38.59156],[-0.05485,38.59169],[-0.05546,38.59084],[-0.05563,38.59089],[-0.05576,38.59059],[-0.05494,38.59006],[-0.05511,38.58979],[-0.05646,38.59001],[-0.05716,38.58855],[-0.05593,38.58822],[-0.05538,38.58822],[-0.05498,38.58905],[-0.05483,38.58905],[-0.05526,38.58816],[-0.05477,38.58813],[-0.05473,38.58796],[-0.05754,38.58785],[-0.05856,38.58712],[-0.06174,38.58205],[-0.06347,38.5776],[-0.06419,38.57269],[-0.06405,38.5721],[-0.06358,38.57161],[-0.0634,38.57116],[-0.06134,38.56976],[-0.06086,38.56969],[-0.06018,38.56997],[-0.06025,38.56977],[-0.06009,38.56951],[-0.05923,38.56899],[-0.05768,38.56849],[-0.05705,38.56852],[-0.05698,38.56838],[-0.05566,38.56849],[-0.05521,38.56762],[-0.05475,38.56771],[-0.05397,38.56527],[-0.05242,38.56529],[-0.05199,38.56577],[-0.05172,38.56575],[-0.05153,38.56621],[-0.0514,38.56588],[-0.05044,38.56608],[-0.05006,38.56549],[-0.04971,38.56535],[-0.04976,38.56466],[-0.04918,38.56445],[-0.04922,38.56407],[-0.04858,38.56389],[-0.04859,38.56368],[-0.04958,38.56258],[-0.04958,38.56219],[-0.04976,38.56208],[-0.0504,38.56218],[-0.05045,38.56187],[-0.05092,38.56124],[-0.05234,38.55991],[-0.05364,38.55915],[-0.05464,38.55893],[-0.05602,38.5582],[-0.05649,38.55772],[-0.0575,38.55607],[-0.05763,38.55556],[-0.05757,38.55499],[-0.0573,38.5549],[-0.05724,38.55466],[-0.05679,38.55465],[-0.05694,38.55399],[-0.05758,38.55299],[-0.05793,38.55281],[-0.05875,38.55188],[-0.05907,38.55176],[-0.05928,38.55188],[-0.05925,38.55164],[-0.05953,38.55156],[-0.0616,38.55148],[-0.0623,38.5516],[-0.06272,38.55115],[-0.06428,38.5506],[-0.06432,38.55002],[-0.06476,38.54939],[-0.06484,38.54871],[-0.06511,38.54826],[-0.06493,38.54793],[-0.06508,38.54756],[-0.06539,38.54748],[-0.06641,38.54606],[-0.06746,38.54564],[-0.068,38.54481],[-0.06756,38.54445],[-0.06762,38.54426],[-0.06843,38.54422],[-0.0685,38.54379],[-0.06898,38.54352],[-0.06929,38.54295],[-0.06991,38.54276],[-0.06992,38.54245],[-0.07084,38.54227],[-0.07223,38.54163],[-0.0733,38.5414],[-0.0744,38.54001],[-0.07451,38.53901],[-0.07542,38.53797],[-0.07601,38.53753],[-0.07715,38.53725],[-0.07945,38.53736],[-0.08016,38.53653],[-0.08013,38.53602],[-0.08073,38.53572],[-0.08105,38.53534],[-0.08337,38.53473],[-0.08478,38.53378],[-0.08634,38.53322],[-0.08661,38.53274],[-0.0874,38.53219],[-0.08791,38.53161],[-0.08836,38.53095],[-0.0884,38.53047],[-0.08863,38.53012],[-0.09051,38.52843],[-0.0921,38.52761],[-0.0933,38.52759],[-0.09342,38.52723],[-0.09394,38.52748],[-0.09427,38.52735],[-0.0944,38.52681],[-0.09508,38.52658],[-0.0952,38.52616],[-0.09593,38.52551],[-0.09597,38.52485],[-0.09667,38.524],[-0.0974,38.52371],[-0.09756,38.52347],[-0.098,38.52356],[-0.09839,38.52392],[-0.09819,38.52449],[-0.09892,38.52468],[-0.09873,38.52502],[-0.09896,38.5254],[-0.1004,38.5257],[-0.10092,38.52615],[-0.10198,38.52621],[-0.10329,38.52673],[-0.10376,38.52672],[-0.10381,38.52699],[-0.10353,38.52735],[-0.10387,38.52742],[-0.10383,38.52788],[-0.10398,38.52809],[-0.10561,38.52692],[-0.10572,38.52733],[-0.10598,38.52756],[-0.10675,38.52751],[-0.1067,38.52803],[-0.10629,38.52866],[-0.1066,38.52896],[-0.10753,38.52887],[-0.10812,38.52863],[-0.10885,38.52865],[-0.1089,38.52889],[-0.10757,38.5313],[-0.10766,38.53246],[-0.10963,38.53354],[-0.11083,38.53391],[-0.12129,38.53518],[-0.12517,38.53519],[-0.12759,38.53499],[-0.1298,38.53456],[-0.13026,38.53432],[-0.13146,38.53308],[-0.13166,38.53335],[-0.13129,38.53412],[-0.13154,38.5344],[-0.132,38.5346],[-0.1321,38.53443],[-0.13439,38.53398],[-0.13441,38.53425],[-0.1332,38.53441],[-0.13293,38.53463],[-0.13305,38.535],[-0.13286,38.53505],[-0.13302,38.53537],[-0.13314,38.53551],[-0.13408,38.53539],[-0.13484,38.53594],[-0.13596,38.53623],[-0.13974,38.53638],[-0.1436,38.53627],[-0.14982,38.53565],[-0.15239,38.53492],[-0.15402,38.53417],[-0.15479,38.53352],[-0.15766,38.53178],[-0.16034,38.52954],[-0.1617,38.5279],[-0.16207,38.52718],[-0.16125,38.5267],[-0.16046,38.52586],[-0.1605,38.52537],[-0.16099,38.52459],[-0.16269,38.524],[-0.16423,38.52368],[-0.16507,38.52381],[-0.16583,38.52464],[-0.16665,38.52453],[-0.16756,38.52403],[-0.16784,38.52367],[-0.16783,38.52346],[-0.1673,38.52306],[-0.16795,38.52292],[-0.16833,38.52221],[-0.16843,38.52163],[-0.16888,38.5209],[-0.16888,38.52052],[-0.16851,38.52044],[-0.16846,38.52024],[-0.16974,38.51897],[-0.17029,38.51875],[-0.17047,38.5185],[-0.17036,38.51811],[-0.17066,38.51752],[-0.17167,38.517],[-0.17201,38.51661],[-0.17203,38.51625],[-0.17354,38.51578],[-0.17377,38.51579],[-0.17394,38.51611],[-0.17434,38.51614],[-0.17517,38.51608],[-0.17612,38.51579],[-0.17648,38.51551],[-0.17723,38.5157],[-0.17909,38.51549],[-0.17936,38.51563],[-0.17946,38.51644],[-0.17977,38.51609],[-0.17989,38.51667],[-0.18067,38.51676],[-0.18196,38.51601],[-0.18303,38.51582],[-0.18412,38.51537],[-0.18501,38.51538],[-0.18555,38.5157],[-0.18568,38.51473],[-0.18642,38.51446],[-0.18703,38.51469],[-0.18702,38.51432],[-0.18727,38.51425],[-0.18813,38.51479],[-0.18848,38.51529],[-0.18991,38.51554],[-0.19082,38.51588],[-0.19166,38.51589],[-0.19251,38.51564],[-0.19287,38.51523],[-0.19346,38.51527],[-0.195,38.51454],[-0.19523,38.51458],[-0.19529,38.51513],[-0.19544,38.5153],[-0.1974,38.51519],[-0.19815,38.51493],[-0.19938,38.51399],[-0.20076,38.51382],[-0.20301,38.51317],[-0.20378,38.5131],[-0.20646,38.51198],[-0.21016,38.51116],[-0.21028,38.51072],[-0.21047,38.51058],[-0.2115,38.51048],[-0.21194,38.51007],[-0.21297,38.50981],[-0.2135,38.50874],[-0.21717,38.5066],[-0.22022,38.50539],[-0.22058,38.5056],[-0.22037,38.5058],[-0.21617,38.50767],[-0.21635,38.50783],[-0.21552,38.50834],[-0.21579,38.50857],[-0.21563,38.50875],[-0.21592,38.50871],[-0.21629,38.50902],[-0.2167,38.50876],[-0.21666,38.5091],[-0.21764,38.5091],[-0.21858,38.50879],[-0.22016,38.50861],[-0.22012,38.50789],[-0.22042,38.50817],[-0.22105,38.50828],[-0.22155,38.50665],[-0.22184,38.5068],[-0.22161,38.50809],[-0.22217,38.50826],[-0.2229,38.5083],[-0.22372,38.50778],[-0.2254,38.50736],[-0.22757,38.50615],[-0.23048,38.50396],[-0.231,38.50336],[-0.2316,38.50241],[-0.23161,38.50209],[-0.23044,38.50155],[-0.23047,38.50139],[-0.23199,38.50211],[-0.23221,38.50205],[-0.23266,38.50145],[-0.23293,38.50137],[-0.23327,38.50148],[-0.23335,38.50199],[-0.23355,38.50157],[-0.23383,38.5014],[-0.23538,38.50127],[-0.23712,38.49996],[-0.23772,38.49975],[-0.23908,38.49968],[-0.24033,38.49928],[-0.2411,38.49946],[-0.24222,38.49902],[-0.24414,38.4986],[-0.24553,38.49895],[-0.24604,38.49892],[-0.24752,38.49838],[-0.24788,38.49844],[-0.24889,38.49904],[-0.25021,38.49893],[-0.2513,38.49839],[-0.25186,38.49835],[-0.25275,38.49796],[-0.25504,38.49735],[-0.26017,38.49569],[-0.26075,38.49535],[-0.26211,38.49581],[-0.26328,38.49551],[-0.26457,38.49484],[-0.2654,38.49469],[-0.26736,38.4948],[-0.26983,38.49365],[-0.27005,38.49377],[-0.27036,38.49362],[-0.27051,38.49342],[-0.27034,38.49338],[-0.2704,38.49321],[-0.27065,38.49329],[-0.27071,38.49302],[-0.27104,38.49306],[-0.2718,38.49254],[-0.27211,38.49225],[-0.27232,38.49171],[-0.27258,38.49159],[-0.27322,38.49139],[-0.27461,38.49144],[-0.27507,38.4912],[-0.27521,38.49095],[-0.27593,38.49082],[-0.27618,38.4905],[-0.27665,38.49055],[-0.27701,38.49023],[-0.27759,38.49022],[-0.27769,38.49059],[-0.27827,38.491],[-0.27936,38.49092],[-0.28034,38.49026],[-0.28089,38.49022],[-0.28134,38.48996],[-0.28151,38.48947],[-0.28177,38.4893],[-0.282,38.48835],[-0.28237,38.48805],[-0.28287,38.48806],[-0.28376,38.48869],[-0.28421,38.4888],[-0.28619,38.48869],[-0.2873,38.48842],[-0.28795,38.48807],[-0.28892,38.48784],[-0.29308,38.48576],[-0.29421,38.4856],[-0.29873,38.4832],[-0.30027,38.48274],[-0.30068,38.48247],[-0.30139,38.48236],[-0.30268,38.48281],[-0.30465,38.48408],[-0.30513,38.48484],[-0.30603,38.48578],[-0.30836,38.48771],[-0.30882,38.48843],[-0.30875,38.49059],[-0.30917,38.49098],[-0.3103,38.49127],[-0.31153,38.49194],[-0.31223,38.49271],[-0.3134,38.49324],[-0.31568,38.49371],[-0.31686,38.49345],[-0.31772,38.49355],[-0.31822,38.49505],[-0.32184,38.49768],[-0.32445,38.49881],[-0.32654,38.49917],[-0.32995,38.50047],[-0.33101,38.50073],[-0.33888,38.50114],[-0.34051,38.50527],[-0.3413,38.509],[-0.34197,38.51055],[-0.34295,38.51171],[-0.34244,38.51316],[-0.34112,38.51473],[-0.34028,38.51606],[-0.33982,38.51765],[-0.34008,38.51926],[-0.34051,38.5206],[-0.34067,38.52208],[-0.34423,38.5241],[-0.34673,38.5242],[-0.34885,38.52657],[-0.35545,38.52962],[-0.35573,38.53118],[-0.35704,38.53161],[-0.35935,38.53269]]]}},{"type":"Feature","id":"16-0","properties":{"NomSistExp":"Alacantí","Subsistema":"Río Monnegre - L'Alacantí","Superf km2":900.8,"Area km2":900.8,"id":"16-0"},"geometry":{"type":"Polygon","coordinates":[[[-0.4195,38.63386],[-0.41902,38.63278],[-0.41823,38.63183],[-0.41327,38.62829],[-0.41143,38.6275],[-0.4078,38.62381],[-0.40668,38.62199],[-0.40454,38.61984],[-0.40013,38.61855],[-0.40213,38.61554],[-0.40092,38.6116],[-0.39843,38.60947],[-0.39753,38.609],[-0.39544,38.60879],[-0.39412,38.60833],[-0.393,38.60534],[-0.39235,38.60472],[-0.39324,38.60377],[-0.39473,38.60282],[-0.39635,38.60229],[-0.39428,38.60202],[-0.39301,38.60162],[-0.39196,38.60098],[-0.39125,38.60005],[-0.3909,38.59903],[-0.39292,38.59717],[-0.39312,38.59646],[-0.39211,38.59515],[-0.3925,38.59437],[-0.39672,38.5933],[-0.39803,38.59276],[-0.39775,38.59178],[-0.39643,38.59073],[-0.39415,38.58933],[-0.39246,38.58776],[-0.39052,38.58693],[-0.3919,38.58628],[-0.39308,38.58518],[-0.39429,38.58381],[-0.39555,38.582],[-0.39968,38.57785],[-0.40242,38.57707],[-0.40408,38.57603],[-0.40589,38.57542],[-0.4071,38.57479],[-0.40833,38.57394],[-0.40537,38.57111],[-0.40384,38.56852],[-0.40364,38.56483],[-0.40073,38.56466],[-0.39965,38.56426],[-0.39663,38.5621],[-0.3952,38.5609],[-0.39414,38.55947],[-0.39364,38.5573],[-0.3943,38.55659],[-0.39475,38.55527],[-0.39463,38.55184],[-0.39652,38.54651],[-0.39885,38.54329],[-0.39934,38.54138],[-0.39923,38.53981],[-0.39847,38.53836],[-0.39674,38.53572],[-0.3943,38.53343],[-0.39405,38.53201],[-0.39197,38.53457],[-0.39082,38.53549],[-0.38912,38.53615],[-0.38679,38.53652],[-0.38517,38.5361],[-0.38079,38.53566],[-0.38074,38.53633],[-0.38013,38.53684],[-0.37865,38.53704],[-0.37545,38.53639],[-0.37451,38.53659],[-0.37377,38.53718],[-0.37254,38.53769],[-0.37148,38.53754],[-0.36991,38.53691],[-0.36878,38.53708],[-0.36809,38.5378],[-0.365,38.53858],[-0.36362,38.53867],[-0.3624,38.53848],[-0.35951,38.53408],[-0.35935,38.53269],[-0.35704,38.53161],[-0.35573,38.53118],[-0.35545,38.52962],[-0.34885,38.52657],[-0.34673,38.5242],[-0.34423,38.5241],[-0.34067,38.52208],[-0.34051,38.5206],[-0.34008,38.51926],[-0.33982,38.51765],[-0.34028,38.51606],[-0.34112,38.51473],[-0.34244,38.51316],[-0.34295,38.51171],[-0.34197,38.51055],[-0.3413,38.509],[-0.34051,38.50527],[-0.33888,38.50114],[-0.33101,38.50073],[-0.32995,38.50047],[-0.32654,38.49917],[-0.32445,38.49881],[-0.32184,38.49768],[-0.31822,38.49505],[-0.31772,38.49355],[-0.31686,38.49345],[-0.31568,38.49371],[-0.3134,38.49324],[-0.31223,38.49271],[-0.31153,38.49194],[-0.3103,38.49127],[-0.30917,38.49098],[-0.30875,38.49059],[-0.30882,38.48843],[-0.30836,38.48771],[-0.30603,38.48578],[-0.30513,38.48484],[-0.30465,38.48408],[-0.30268,38.48281],[-0.30139,38.48236],[-0.30259,38.48216],[-0.30362,38.48133],[-0.30465,38.48092],[-0.30696,38.47934],[-0.31052,38.4773],[-0.31085,38.47722],[-0.31162,38.47749],[-0.31217,38.47743],[-0.31246,38.47703],[-0.31247,38.47668],[-0.31277,38.47639],[-0.31346,38.47619],[-0.31355,38.47606],[-0.3134,38.47595],[-0.31367,38.47566],[-0.31438,38.47556],[-0.3153,38.47494],[-0.31669,38.47489],[-0.31717,38.47447],[-0.31754,38.47377],[-0.31822,38.47104],[-0.31846,38.47102],[-0.31849,38.47117],[-0.31795,38.47298],[-0.3185,38.47299],[-0.31952,38.4726],[-0.31965,38.47221],[-0.31933,38.47136],[-0.31886,38.47123],[-0.32198,38.47009],[-0.32249,38.46959],[-0.32392,38.46894],[-0.32397,38.46879],[-0.32442,38.46878],[-0.32528,38.46818],[-0.32692,38.46744],[-0.32765,38.46661],[-0.32854,38.46598],[-0.32935,38.46577],[-0.32994,38.46525],[-0.33136,38.46476],[-0.33426,38.46288],[-0.33565,38.46226],[-0.33936,38.45955],[-0.34178,38.45822],[-0.34267,38.45691],[-0.34308,38.45591],[-0.3438,38.45568],[-0.3448,38.45601],[-0.34595,38.45591],[-0.34799,38.45444],[-0.34842,38.45381],[-0.3489,38.45354],[-0.3502,38.45328],[-0.35034,38.45346],[-0.35069,38.45345],[-0.35279,38.45236],[-0.35348,38.45243],[-0.35376,38.45225],[-0.35394,38.45162],[-0.3539,38.45125],[-0.35364,38.45094],[-0.35372,38.45065],[-0.35453,38.45017],[-0.35489,38.44976],[-0.35598,38.44937],[-0.35633,38.44893],[-0.35671,38.44893],[-0.3573,38.44865],[-0.35779,38.44908],[-0.35844,38.44887],[-0.35878,38.44903],[-0.35912,38.44895],[-0.35947,38.44952],[-0.35999,38.4493],[-0.36067,38.44928],[-0.36066,38.44888],[-0.36085,38.44865],[-0.36037,38.44839],[-0.36027,38.44804],[-0.36248,38.4462],[-0.36259,38.44624],[-0.36217,38.44674],[-0.36243,38.44705],[-0.36304,38.44696],[-0.36259,38.44713],[-0.36279,38.44764],[-0.36395,38.44786],[-0.36419,38.44775],[-0.3642,38.44745],[-0.36471,38.44659],[-0.36439,38.44618],[-0.36404,38.44611],[-0.36477,38.44566],[-0.36546,38.44584],[-0.36556,38.44604],[-0.36598,38.44581],[-0.36726,38.44578],[-0.36786,38.44544],[-0.36787,38.44522],[-0.36821,38.44493],[-0.36933,38.44457],[-0.36981,38.44377],[-0.37041,38.44366],[-0.3708,38.44394],[-0.37146,38.44365],[-0.37211,38.44421],[-0.37258,38.44421],[-0.37294,38.44406],[-0.37373,38.44329],[-0.37501,38.44304],[-0.37611,38.44181],[-0.37682,38.44073],[-0.37669,38.44036],[-0.37707,38.44028],[-0.37681,38.43992],[-0.37723,38.43999],[-0.37752,38.4396],[-0.37752,38.43918],[-0.37725,38.43891],[-0.37618,38.43873],[-0.37626,38.4386],[-0.37643,38.4387],[-0.37639,38.43854],[-0.37667,38.43862],[-0.37652,38.43825],[-0.37696,38.43804],[-0.37689,38.4377],[-0.37754,38.43769],[-0.37923,38.43688],[-0.37943,38.43689],[-0.3791,38.43724],[-0.37927,38.43744],[-0.37962,38.43759],[-0.37997,38.43753],[-0.3801,38.43743],[-0.38001,38.43705],[-0.38029,38.43724],[-0.38071,38.43689],[-0.38081,38.43661],[-0.38163,38.4362],[-0.38252,38.43485],[-0.383,38.43372],[-0.38298,38.43338],[-0.38277,38.43331],[-0.38291,38.43323],[-0.38257,38.43312],[-0.38233,38.43261],[-0.38178,38.43266],[-0.38031,38.43178],[-0.38021,38.43166],[-0.38056,38.43166],[-0.3803,38.43149],[-0.38054,38.43143],[-0.3806,38.43156],[-0.38066,38.43137],[-0.38099,38.43137],[-0.38123,38.43172],[-0.38199,38.43195],[-0.38226,38.43237],[-0.38292,38.43234],[-0.38294,38.43192],[-0.38328,38.43198],[-0.38356,38.43164],[-0.38342,38.42981],[-0.38422,38.42849],[-0.38438,38.4286],[-0.3836,38.42988],[-0.38359,38.43098],[-0.38417,38.43146],[-0.38414,38.43168],[-0.38435,38.43162],[-0.38412,38.43177],[-0.38422,38.43186],[-0.3841,38.43202],[-0.38429,38.43245],[-0.38498,38.43252],[-0.38601,38.43197],[-0.38665,38.43142],[-0.38668,38.43094],[-0.38551,38.42996],[-0.38538,38.43005],[-0.38492,38.42947],[-0.38548,38.42951],[-0.3862,38.42991],[-0.38711,38.42954],[-0.38841,38.42844],[-0.38915,38.42741],[-0.38943,38.42634],[-0.38941,38.4258],[-0.3886,38.42564],[-0.38849,38.42601],[-0.38836,38.42611],[-0.38827,38.42595],[-0.38865,38.42509],[-0.3887,38.42545],[-0.38947,38.4255],[-0.38993,38.42478],[-0.39,38.42438],[-0.38989,38.424],[-0.38944,38.42357],[-0.38923,38.42358],[-0.38908,38.42397],[-0.38889,38.42394],[-0.38907,38.42305],[-0.38926,38.42295],[-0.3893,38.42336],[-0.38997,38.4234],[-0.39048,38.42289],[-0.3907,38.42224],[-0.39057,38.42155],[-0.38944,38.42147],[-0.3892,38.42175],[-0.38913,38.42105],[-0.38924,38.42099],[-0.38944,38.4213],[-0.39094,38.42141],[-0.39111,38.42111],[-0.39116,38.42041],[-0.39107,38.42008],[-0.3903,38.41933],[-0.38893,38.41986],[-0.3888,38.41977],[-0.39064,38.4191],[-0.39029,38.41786],[-0.39032,38.41728],[-0.39065,38.41631],[-0.39113,38.41594],[-0.3916,38.41516],[-0.39242,38.4145],[-0.39398,38.41364],[-0.39639,38.41383],[-0.39828,38.41367],[-0.39973,38.41288],[-0.40036,38.41222],[-0.40107,38.41106],[-0.40198,38.40863],[-0.40247,38.40695],[-0.40457,38.40145],[-0.40542,38.39853],[-0.40638,38.3937],[-0.40649,38.39232],[-0.40673,38.39157],[-0.40725,38.38811],[-0.40786,38.38573],[-0.4081,38.38144],[-0.40865,38.37781],[-0.40921,38.37025],[-0.40908,38.36077],[-0.40898,38.35852],[-0.4087,38.35777],[-0.40736,38.35666],[-0.40545,38.35543],[-0.40486,38.35465],[-0.40456,38.35453],[-0.40435,38.35387],[-0.40365,38.35354],[-0.40342,38.35306],[-0.40384,38.35248],[-0.40666,38.35231],[-0.40775,38.35248],[-0.40977,38.35236],[-0.4103,38.35257],[-0.41113,38.35222],[-0.41229,38.35213],[-0.41292,38.35261],[-0.41381,38.3527],[-0.41387,38.35328],[-0.41502,38.35292],[-0.41523,38.35263],[-0.41586,38.35257],[-0.41729,38.35303],[-0.41921,38.35296],[-0.41997,38.35346],[-0.41982,38.35347],[-0.42,38.35374],[-0.42117,38.35336],[-0.42634,38.35358],[-0.42605,38.3538],[-0.42607,38.35436],[-0.42636,38.35448],[-0.42628,38.35476],[-0.42645,38.35495],[-0.42675,38.35499],[-0.42802,38.35468],[-0.43022,38.35455],[-0.43061,38.35497],[-0.43237,38.35522],[-0.4326,38.35549],[-0.43537,38.35521],[-0.43514,38.35557],[-0.43391,38.35578],[-0.43378,38.35594],[-0.43461,38.35762],[-0.43481,38.35834],[-0.43475,38.3588],[-0.43539,38.35879],[-0.43699,38.35834],[-0.43703,38.35846],[-0.43596,38.35884],[-0.43448,38.35913],[-0.43415,38.35961],[-0.43431,38.36005],[-0.43511,38.36055],[-0.4365,38.36086],[-0.43783,38.36159],[-0.43829,38.36151],[-0.43826,38.36112],[-0.43849,38.3609],[-0.44031,38.36082],[-0.4405,38.36094],[-0.44043,38.3611],[-0.43901,38.36099],[-0.43851,38.36113],[-0.43854,38.36137],[-0.4391,38.36165],[-0.43946,38.36165],[-0.43971,38.36162],[-0.43984,38.36128],[-0.44016,38.36128],[-0.4399,38.36141],[-0.43981,38.36171],[-0.44011,38.36153],[-0.44005,38.36178],[-0.44019,38.36196],[-0.44188,38.36214],[-0.44188,38.36262],[-0.44233,38.36291],[-0.44593,38.36278],[-0.44638,38.3625],[-0.44644,38.36223],[-0.4473,38.36184],[-0.44739,38.36125],[-0.44844,38.36107],[-0.44891,38.36004],[-0.44969,38.35989],[-0.44989,38.35926],[-0.45015,38.35923],[-0.45041,38.35946],[-0.45092,38.35921],[-0.45104,38.35855],[-0.45152,38.35875],[-0.45252,38.35869],[-0.45267,38.35855],[-0.45262,38.35795],[-0.45293,38.35794],[-0.45339,38.35828],[-0.45357,38.3581],[-0.45353,38.3576],[-0.45385,38.3576],[-0.45412,38.35782],[-0.45474,38.35759],[-0.45468,38.35698],[-0.45541,38.35727],[-0.45593,38.35722],[-0.45625,38.35691],[-0.45597,38.35642],[-0.45633,38.35642],[-0.45689,38.35687],[-0.45837,38.35628],[-0.45902,38.35566],[-0.45971,38.35532],[-0.46141,38.35496],[-0.46273,38.35435],[-0.46307,38.35396],[-0.46363,38.35371],[-0.46484,38.35277],[-0.46609,38.35077],[-0.46665,38.35071],[-0.46731,38.3504],[-0.46736,38.35055],[-0.467,38.35086],[-0.46715,38.3511],[-0.46766,38.35118],[-0.46794,38.35103],[-0.46837,38.3502],[-0.46953,38.34945],[-0.4716,38.34854],[-0.47364,38.3482],[-0.4741,38.34797],[-0.47525,38.34671],[-0.47547,38.34592],[-0.4771,38.34468],[-0.47789,38.3431],[-0.47782,38.34251],[-0.47734,38.34204],[-0.47729,38.34168],[-0.47851,38.34157],[-0.47754,38.33705],[-0.48945,38.32796],[-0.4897,38.32805],[-0.48647,38.3305],[-0.48627,38.33101],[-0.48642,38.33113],[-0.48647,38.33096],[-0.48658,38.33104],[-0.47861,38.33714],[-0.47871,38.33729],[-0.47843,38.33743],[-0.47897,38.33976],[-0.47914,38.33991],[-0.48092,38.33859],[-0.48127,38.33862],[-0.4816,38.33895],[-0.48157,38.33924],[-0.47978,38.34057],[-0.47994,38.34076],[-0.47974,38.34083],[-0.4803,38.3422],[-0.47981,38.34232],[-0.48035,38.34349],[-0.48088,38.34366],[-0.48474,38.34212],[-0.48584,38.34104],[-0.48727,38.33925],[-0.48668,38.33892],[-0.48554,38.33776],[-0.48286,38.33861],[-0.48265,38.33786],[-0.48249,38.33781],[-0.48508,38.33694],[-0.4847,38.33603],[-0.48512,38.33575],[-0.48611,38.33661],[-0.49031,38.33524],[-0.48934,38.33437],[-0.48747,38.33561],[-0.487,38.33548],[-0.48646,38.33493],[-0.48649,38.33467],[-0.48959,38.3324],[-0.49029,38.33301],[-0.49054,38.33284],[-0.49039,38.33271],[-0.49047,38.33264],[-0.49078,38.33288],[-0.49037,38.3331],[-0.49066,38.33338],[-0.49095,38.33339],[-0.492,38.33437],[-0.49236,38.33414],[-0.49307,38.33424],[-0.49316,38.33453],[-0.49445,38.33401],[-0.49522,38.33404],[-0.49524,38.3337],[-0.49558,38.33338],[-0.49194,38.33057],[-0.49217,38.33063],[-0.49364,38.32949],[-0.4935,38.32938],[-0.49363,38.3293],[-0.49775,38.33259],[-0.50056,38.33047],[-0.49997,38.32845],[-0.50111,38.3265],[-0.50138,38.32668],[-0.50136,38.32695],[-0.50066,38.32777],[-0.50064,38.32825],[-0.50124,38.33001],[-0.50393,38.3314],[-0.50576,38.32972],[-0.5054,38.3294],[-0.50511,38.32957],[-0.50538,38.32937],[-0.5053,38.32931],[-0.50501,38.32949],[-0.50527,38.32929],[-0.50509,38.32934],[-0.50522,38.32924],[-0.50504,38.3291],[-0.50469,38.32932],[-0.50492,38.32914],[-0.50472,38.32902],[-0.50496,38.32912],[-0.50517,38.32894],[-0.50419,38.32795],[-0.5052,38.32892],[-0.50543,38.32874],[-0.50435,38.32775],[-0.50408,38.32775],[-0.50437,38.32772],[-0.50545,38.32871],[-0.50588,38.32861],[-0.50815,38.33006],[-0.51278,38.33231],[-0.5135,38.33154],[-0.51512,38.3303],[-0.51449,38.32959],[-0.5144,38.32914],[-0.51454,38.32863],[-0.51509,38.32839],[-0.5177,38.32817],[-0.51877,38.32858],[-0.52034,38.3283],[-0.52168,38.32853],[-0.52214,38.32889],[-0.52283,38.3289],[-0.52377,38.32866],[-0.52453,38.32818],[-0.52519,38.32845],[-0.52629,38.3283],[-0.5266,38.32811],[-0.52644,38.32713],[-0.526,38.32627],[-0.52684,38.32542],[-0.52785,38.32607],[-0.52927,38.32637],[-0.53102,38.32639],[-0.53408,38.32598],[-0.53611,38.32478],[-0.53679,38.32474],[-0.5385,38.32549],[-0.53892,38.32627],[-0.53984,38.32713],[-0.54022,38.32787],[-0.54274,38.32971],[-0.54311,38.32977],[-0.5443,38.32941],[-0.54511,38.32968],[-0.54548,38.33059],[-0.54639,38.33079],[-0.54645,38.33162],[-0.54727,38.33255],[-0.54786,38.33277],[-0.55007,38.33269],[-0.5511,38.33342],[-0.55217,38.33481],[-0.55301,38.33624],[-0.553,38.33665],[-0.55249,38.33743],[-0.55246,38.33791],[-0.55275,38.33909],[-0.55354,38.3403],[-0.55453,38.34029],[-0.55694,38.34073],[-0.55792,38.34135],[-0.56019,38.34206],[-0.56262,38.34219],[-0.5639,38.34281],[-0.56495,38.34295],[-0.56591,38.34417],[-0.56591,38.34601],[-0.56625,38.34646],[-0.56913,38.34681],[-0.57261,38.34675],[-0.5731,38.34726],[-0.57429,38.34784],[-0.57499,38.34885],[-0.57609,38.3492],[-0.57612,38.34996],[-0.57656,38.351],[-0.57662,38.35223],[-0.57756,38.35359],[-0.5777,38.35427],[-0.57809,38.35473],[-0.5785,38.35566],[-0.57919,38.35633],[-0.57928,38.3574],[-0.57954,38.35788],[-0.57977,38.35804],[-0.58019,38.35804],[-0.58154,38.35743],[-0.58147,38.35809],[-0.58121,38.35868],[-0.58121,38.35969],[-0.58153,38.36029],[-0.58217,38.36091],[-0.58148,38.3614],[-0.5815,38.3619],[-0.58203,38.36232],[-0.58325,38.36259],[-0.58427,38.36249],[-0.58537,38.36272],[-0.58629,38.36331],[-0.58772,38.3637],[-0.58802,38.36399],[-0.58865,38.36418],[-0.58981,38.36485],[-0.59033,38.36556],[-0.59048,38.36624],[-0.59118,38.36677],[-0.59148,38.36785],[-0.59096,38.36857],[-0.59092,38.36891],[-0.59124,38.36971],[-0.59191,38.37039],[-0.59231,38.37199],[-0.59289,38.37272],[-0.59512,38.37486],[-0.59537,38.37541],[-0.5961,38.37573],[-0.5956,38.37626],[-0.59538,38.37701],[-0.59411,38.37803],[-0.59342,38.37914],[-0.59354,38.37984],[-0.59344,38.38057],[-0.59373,38.3808],[-0.59488,38.38112],[-0.59553,38.38217],[-0.59522,38.38325],[-0.59469,38.38387],[-0.59503,38.38444],[-0.59582,38.3851],[-0.59699,38.38583],[-0.59847,38.38641],[-0.59863,38.38781],[-0.60032,38.38906],[-0.60263,38.38966],[-0.60388,38.39052],[-0.60521,38.39071],[-0.6064,38.39044],[-0.60692,38.3907],[-0.60713,38.39121],[-0.60763,38.39165],[-0.60894,38.39188],[-0.60962,38.39264],[-0.61038,38.39314],[-0.61108,38.39314],[-0.61291,38.39247],[-0.61371,38.39151],[-0.61444,38.39103],[-0.61514,38.39127],[-0.61559,38.39165],[-0.6178,38.39175],[-0.61874,38.39197],[-0.62095,38.39201],[-0.62224,38.39162],[-0.62322,38.39182],[-0.62407,38.39172],[-0.62508,38.39273],[-0.62651,38.39364],[-0.6276,38.39356],[-0.62909,38.39381],[-0.63135,38.39507],[-0.63229,38.39488],[-0.63353,38.39399],[-0.63425,38.39304],[-0.63493,38.39245],[-0.63525,38.3917],[-0.63689,38.39162],[-0.63803,38.39108],[-0.63851,38.39103],[-0.64019,38.39123],[-0.64113,38.39111],[-0.64203,38.39153],[-0.64326,38.39064],[-0.64352,38.38985],[-0.64413,38.38916],[-0.6446,38.3889],[-0.64463,38.38814],[-0.6449,38.38792],[-0.64493,38.38733],[-0.64655,38.38673],[-0.64993,38.38624],[-0.65033,38.38546],[-0.65215,38.38479],[-0.65343,38.3848],[-0.65476,38.38502],[-0.65625,38.3844],[-0.65644,38.38484],[-0.65644,38.38593],[-0.65659,38.38613],[-0.65746,38.38583],[-0.65983,38.38542],[-0.66199,38.38569],[-0.66371,38.38651],[-0.66442,38.38659],[-0.66488,38.38713],[-0.66506,38.38765],[-0.66569,38.38806],[-0.66641,38.38906],[-0.66674,38.38925],[-0.66761,38.38918],[-0.66797,38.38943],[-0.66798,38.3899],[-0.66726,38.39061],[-0.66793,38.39205],[-0.66792,38.39327],[-0.66739,38.394],[-0.66708,38.39508],[-0.66824,38.39655],[-0.66942,38.39735],[-0.66953,38.39849],[-0.67031,38.39932],[-0.67164,38.39964],[-0.67276,38.40057],[-0.67277,38.40103],[-0.67226,38.40168],[-0.67216,38.40252],[-0.67191,38.40311],[-0.67191,38.40387],[-0.67261,38.40463],[-0.6728,38.40515],[-0.67347,38.40583],[-0.67376,38.40664],[-0.67361,38.40723],[-0.67412,38.40811],[-0.67481,38.40878],[-0.67487,38.41002],[-0.67519,38.41083],[-0.67681,38.41269],[-0.67778,38.41306],[-0.67842,38.41354],[-0.67907,38.41452],[-0.68063,38.41584],[-0.6811,38.41659],[-0.68352,38.41645],[-0.6861,38.41586],[-0.68742,38.41618],[-0.68849,38.41681],[-0.68836,38.41794],[-0.68891,38.41938],[-0.68958,38.42006],[-0.68973,38.42074],[-0.6903,38.4215],[-0.69155,38.42263],[-0.69157,38.42446],[-0.69204,38.42593],[-0.69184,38.42665],[-0.69228,38.42805],[-0.69225,38.4289],[-0.69199,38.42974],[-0.69278,38.43085],[-0.69279,38.43207],[-0.69332,38.43322],[-0.69395,38.43386],[-0.69382,38.43404],[-0.69456,38.43576],[-0.69469,38.43667],[-0.6956,38.43732],[-0.69635,38.43851],[-0.69784,38.43981],[-0.6985,38.44143],[-0.69975,38.44256],[-0.70066,38.4443],[-0.70354,38.44631],[-0.70459,38.44663],[-0.70469,38.44698],[-0.70533,38.44761],[-0.70543,38.44921],[-0.70614,38.45023],[-0.70591,38.45084],[-0.70587,38.45216],[-0.70691,38.45303],[-0.70695,38.45343],[-0.70793,38.45349],[-0.70829,38.45375],[-0.70884,38.45519],[-0.70899,38.45631],[-0.70962,38.45642],[-0.71087,38.45622],[-0.71403,38.45628],[-0.71453,38.45637],[-0.71485,38.45666],[-0.71467,38.45731],[-0.71506,38.458],[-0.71511,38.45866],[-0.71479,38.45981],[-0.71469,38.46149],[-0.71334,38.46264],[-0.71261,38.46481],[-0.71213,38.46482],[-0.71151,38.46528],[-0.71059,38.46715],[-0.71043,38.46846],[-0.70967,38.46981],[-0.70927,38.4711],[-0.70923,38.47257],[-0.70956,38.47346],[-0.7099,38.47373],[-0.71196,38.47453],[-0.71227,38.4749],[-0.71226,38.47588],[-0.71241,38.476],[-0.71325,38.47626],[-0.71365,38.47611],[-0.71458,38.47612],[-0.71514,38.47635],[-0.71701,38.47601],[-0.7178,38.47675],[-0.71948,38.47717],[-0.71985,38.4775],[-0.72097,38.4779],[-0.72164,38.47848],[-0.72113,38.47901],[-0.72004,38.48065],[-0.71897,38.48146],[-0.71867,38.48187],[-0.71867,38.48251],[-0.71913,38.4831],[-0.71922,38.48417],[-0.71967,38.4852],[-0.71967,38.48687],[-0.71991,38.4877],[-0.71982,38.48869],[-0.71917,38.48925],[-0.71821,38.48962],[-0.71792,38.49046],[-0.71821,38.49142],[-0.71578,38.4921],[-0.71407,38.49191],[-0.71382,38.49201],[-0.71375,38.49246],[-0.71397,38.49317],[-0.71369,38.49387],[-0.71423,38.4942],[-0.71425,38.49474],[-0.71396,38.49517],[-0.71392,38.49573],[-0.7134,38.49648],[-0.71348,38.49694],[-0.71295,38.499],[-0.71301,38.4995],[-0.71323,38.49975],[-0.71243,38.50046],[-0.71209,38.50097],[-0.71175,38.5018],[-0.71166,38.50311],[-0.71136,38.50343],[-0.71052,38.50351],[-0.7096,38.50329],[-0.70827,38.50324],[-0.70705,38.50339],[-0.70635,38.50322],[-0.70506,38.50321],[-0.70005,38.50448],[-0.69854,38.50548],[-0.69708,38.50529],[-0.69495,38.50572],[-0.69475,38.50583],[-0.69466,38.50619],[-0.69491,38.5071],[-0.69486,38.50757],[-0.69453,38.50808],[-0.69353,38.50888],[-0.69313,38.50948],[-0.69221,38.50924],[-0.69139,38.50924],[-0.69008,38.50982],[-0.68678,38.51006],[-0.68559,38.51059],[-0.68543,38.51052],[-0.68524,38.51004],[-0.68485,38.50979],[-0.68378,38.50953],[-0.6824,38.50967],[-0.681,38.50918],[-0.68064,38.50884],[-0.6795,38.50875],[-0.67506,38.50915],[-0.67387,38.50952],[-0.6729,38.50932],[-0.6713,38.50927],[-0.66935,38.51024],[-0.66671,38.51208],[-0.66623,38.51201],[-0.66538,38.51122],[-0.66286,38.51112],[-0.66195,38.51089],[-0.65958,38.51124],[-0.65582,38.51076],[-0.65452,38.51117],[-0.6538,38.51117],[-0.65352,38.51181],[-0.65354,38.51216],[-0.6545,38.51351],[-0.65462,38.51465],[-0.65532,38.51561],[-0.65527,38.51586],[-0.65459,38.51655],[-0.65504,38.51728],[-0.65565,38.51733],[-0.65682,38.51775],[-0.65841,38.51766],[-0.65975,38.5183],[-0.65985,38.52032],[-0.66081,38.52176],[-0.66058,38.52315],[-0.66081,38.52399],[-0.66085,38.52537],[-0.66119,38.52594],[-0.66191,38.52643],[-0.66332,38.52626],[-0.66357,38.52637],[-0.6636,38.52851],[-0.6646,38.52915],[-0.66477,38.53052],[-0.6653,38.53093],[-0.667,38.53164],[-0.66937,38.53228],[-0.67068,38.53306],[-0.67201,38.53339],[-0.67197,38.53414],[-0.67172,38.53441],[-0.67195,38.53465],[-0.67195,38.53519],[-0.67326,38.53619],[-0.67342,38.53694],[-0.674,38.5379],[-0.67717,38.5403],[-0.67818,38.54138],[-0.6791,38.54171],[-0.68004,38.54233],[-0.6805,38.54287],[-0.6807,38.54367],[-0.6823,38.54525],[-0.68379,38.54627],[-0.68509,38.54779],[-0.68567,38.54823],[-0.68701,38.54855],[-0.688,38.5495],[-0.68813,38.55114],[-0.68909,38.55249],[-0.68943,38.55355],[-0.69102,38.55358],[-0.69118,38.55336],[-0.69181,38.55375],[-0.6936,38.55417],[-0.69393,38.55467],[-0.69398,38.55592],[-0.69432,38.55657],[-0.69502,38.55632],[-0.69546,38.55595],[-0.69595,38.55594],[-0.69723,38.55491],[-0.69841,38.55459],[-0.69942,38.5541],[-0.69995,38.55369],[-0.70057,38.55293],[-0.70067,38.55257],[-0.70101,38.5523],[-0.7024,38.5522],[-0.70401,38.55164],[-0.7051,38.55156],[-0.70611,38.55108],[-0.70669,38.55052],[-0.707,38.55054],[-0.70752,38.55081],[-0.7091,38.55227],[-0.71002,38.55246],[-0.71062,38.55289],[-0.7113,38.55414],[-0.71214,38.55505],[-0.71484,38.55541],[-0.71701,38.55525],[-0.7173,38.55581],[-0.71989,38.55783],[-0.71992,38.55808],[-0.71949,38.55896],[-0.71992,38.55999],[-0.71986,38.56052],[-0.71961,38.5609],[-0.72065,38.56122],[-0.72195,38.56223],[-0.72319,38.56262],[-0.72422,38.56317],[-0.72587,38.56331],[-0.72689,38.5636],[-0.72909,38.56517],[-0.73001,38.56619],[-0.73053,38.56733],[-0.73024,38.56919],[-0.7303,38.56968],[-0.73051,38.5699],[-0.73049,38.57027],[-0.73034,38.57053],[-0.7273,38.57191],[-0.72754,38.57268],[-0.72749,38.57489],[-0.72781,38.5758],[-0.72823,38.57631],[-0.72835,38.57692],[-0.72877,38.57744],[-0.72888,38.57829],[-0.72943,38.5792],[-0.7303,38.57973],[-0.73135,38.57997],[-0.73213,38.58118],[-0.73217,38.58205],[-0.7324,38.58259],[-0.73199,38.58313],[-0.73048,38.58412],[-0.73034,38.58454],[-0.73029,38.58651],[-0.73105,38.58814],[-0.73107,38.58945],[-0.7313,38.5901],[-0.73127,38.59132],[-0.73227,38.59204],[-0.7333,38.59354],[-0.73491,38.59512],[-0.73693,38.59675],[-0.73983,38.59661],[-0.74097,38.59608],[-0.74267,38.59559],[-0.74292,38.5966],[-0.74318,38.59686],[-0.74477,38.59728],[-0.74529,38.59769],[-0.74544,38.59889],[-0.74572,38.59921],[-0.7463,38.59948],[-0.74753,38.59939],[-0.74779,38.59993],[-0.74897,38.60074],[-0.74902,38.60173],[-0.74838,38.60278],[-0.74742,38.60355],[-0.74615,38.60409],[-0.74578,38.60445],[-0.74701,38.60572],[-0.74875,38.60702],[-0.74798,38.60852],[-0.74804,38.60957],[-0.7498,38.6101],[-0.75097,38.61024],[-0.75161,38.61082],[-0.75023,38.61248],[-0.74961,38.61359],[-0.74936,38.615],[-0.74733,38.6161],[-0.74609,38.61623],[-0.74384,38.61761],[-0.74289,38.61775],[-0.74194,38.61821],[-0.74144,38.61882],[-0.74148,38.61937],[-0.74026,38.62036],[-0.74,38.62092],[-0.73883,38.62203],[-0.73787,38.62248],[-0.73619,38.62277],[-0.73476,38.62352],[-0.73429,38.62359],[-0.7331,38.62354],[-0.73169,38.62308],[-0.73066,38.62347],[-0.72833,38.6237],[-0.72777,38.62361],[-0.72721,38.62327],[-0.72662,38.62322],[-0.72518,38.62348],[-0.72292,38.62446],[-0.72048,38.62468],[-0.72043,38.62488],[-0.72016,38.6249],[-0.72066,38.62548],[-0.72091,38.62695],[-0.71929,38.6281],[-0.71886,38.62982],[-0.71751,38.62986],[-0.71541,38.63085],[-0.71259,38.63089],[-0.71163,38.63148],[-0.71063,38.63297],[-0.7097,38.63389],[-0.70857,38.63451],[-0.70733,38.63477],[-0.70561,38.6346],[-0.70404,38.63474],[-0.70279,38.63529],[-0.70183,38.63542],[-0.70063,38.63627],[-0.69931,38.63749],[-0.69705,38.6384],[-0.69661,38.63904],[-0.69465,38.64028],[-0.69283,38.64107],[-0.69196,38.64183],[-0.68914,38.64298],[-0.69045,38.64539],[-0.69051,38.64692],[-0.69123,38.64794],[-0.69038,38.64929],[-0.69024,38.65081],[-0.68672,38.65322],[-0.68423,38.65402],[-0.68235,38.65563],[-0.68132,38.65616],[-0.67939,38.65758],[-0.67805,38.65808],[-0.67598,38.65759],[-0.67469,38.65809],[-0.67359,38.65927],[-0.67252,38.65954],[-0.67094,38.65949],[-0.67031,38.65921],[-0.67024,38.65904],[-0.66945,38.65928],[-0.66878,38.65969],[-0.66839,38.66029],[-0.66664,38.66185],[-0.6647,38.66287],[-0.6628,38.66423],[-0.66202,38.66451],[-0.66157,38.6656],[-0.66102,38.666],[-0.65998,38.66637],[-0.65935,38.66694],[-0.65839,38.66696],[-0.65627,38.66739],[-0.65346,38.66877],[-0.65106,38.66966],[-0.65038,38.66988],[-0.64937,38.66994],[-0.64814,38.67049],[-0.647,38.67069],[-0.64613,38.67033],[-0.64517,38.67025],[-0.64423,38.66962],[-0.64384,38.66962],[-0.64267,38.6705],[-0.64244,38.6717],[-0.64115,38.67272],[-0.64036,38.67392],[-0.63967,38.6744],[-0.63774,38.67439],[-0.63679,38.67457],[-0.63595,38.67444],[-0.63535,38.67473],[-0.63443,38.67488],[-0.63388,38.67559],[-0.63223,38.67567],[-0.62939,38.67645],[-0.62897,38.67639],[-0.62815,38.67581],[-0.62634,38.67516],[-0.62811,38.67366],[-0.62741,38.6715],[-0.62666,38.66977],[-0.62643,38.66833],[-0.62731,38.66743],[-0.62741,38.66662],[-0.62384,38.66596],[-0.62191,38.66586],[-0.61999,38.6631],[-0.61736,38.6605],[-0.61634,38.65912],[-0.61415,38.65788],[-0.61232,38.65725],[-0.60764,38.65734],[-0.60606,38.65719],[-0.60508,38.65654],[-0.60453,38.65563],[-0.60447,38.6542],[-0.60269,38.65213],[-0.60058,38.65117],[-0.59535,38.65143],[-0.59099,38.65206],[-0.58987,38.65297],[-0.58887,38.65449],[-0.58833,38.65646],[-0.58765,38.6573],[-0.58641,38.65818],[-0.58449,38.6584],[-0.58188,38.65835],[-0.57886,38.65802],[-0.56665,38.65844],[-0.56549,38.65836],[-0.56369,38.65801],[-0.56222,38.65747],[-0.55924,38.65577],[-0.55786,38.65583],[-0.55672,38.65657],[-0.55114,38.65795],[-0.54792,38.65909],[-0.54366,38.65923],[-0.54167,38.65886],[-0.53966,38.65876],[-0.53802,38.65909],[-0.53657,38.65837],[-0.53496,38.65793],[-0.53245,38.65777],[-0.52994,38.65804],[-0.52494,38.65777],[-0.52292,38.65694],[-0.52095,38.6565],[-0.50756,38.65836],[-0.50298,38.65869],[-0.50242,38.6584],[-0.50282,38.65796],[-0.5061,38.65564],[-0.50702,38.6547],[-0.50752,38.65358],[-0.50747,38.65241],[-0.50721,38.65085],[-0.50601,38.64794],[-0.50522,38.64559],[-0.50426,38.64328],[-0.5027,38.64062],[-0.5013,38.6374],[-0.50113,38.63558],[-0.50134,38.63409],[-0.50079,38.62918],[-0.50003,38.62731],[-0.49917,38.62632],[-0.4986,38.62513],[-0.49804,38.62302],[-0.49772,38.61991],[-0.49728,38.61865],[-0.49791,38.61757],[-0.49941,38.61636],[-0.50144,38.61535],[-0.50471,38.61484],[-0.5028,38.61314],[-0.49799,38.61053],[-0.49729,38.60969],[-0.49597,38.60858],[-0.49425,38.60796],[-0.492,38.60782],[-0.48992,38.6072],[-0.48792,38.60685],[-0.48495,38.60679],[-0.47845,38.60729],[-0.47626,38.60727],[-0.47418,38.60812],[-0.47221,38.60957],[-0.47061,38.61022],[-0.46934,38.61054],[-0.46578,38.61274],[-0.46374,38.61346],[-0.46165,38.61456],[-0.45944,38.61476],[-0.45474,38.61727],[-0.45264,38.61823],[-0.45101,38.62004],[-0.4474,38.62334],[-0.44566,38.62423],[-0.44309,38.62662],[-0.43955,38.62666],[-0.4371,38.62697],[-0.43164,38.63146],[-0.43022,38.63398],[-0.42878,38.63581],[-0.42798,38.63475],[-0.42574,38.63332],[-0.42517,38.63226],[-0.42403,38.63374],[-0.42237,38.63454],[-0.42047,38.63469],[-0.4195,38.63386]]]}},{"type":"Feature","id":"16-1","properties":{"NomSistExp":"Alacantí","Subsistema":"Litoral Cap de l'Horta","Superf km2":0.0,"Area km2":0.0,"id":"16-1"},"geometry":{"type":"Polygon","coordinates":[[[-0.50408,38.3274],[-0.50424,38.32753],[-0.50381,38.32746],[-0.50408,38.3274]]]}},{"type":"Feature","id":"17-0","properties":{"NomSistExp":"Vinalopó","Subsistema":"Alto y Medio Vinalopó","Superf km2":2049.77,"Area km2":2049.77,"id":"17-0"},"geometry":{"type":"Polygon","coordinates":[[[-1.12516,38.78713],[-1.12324,38.78631],[-1.12057,38.78553],[-1.11737,38.78388],[-1.11388,38.78318],[-1.11195,38.78249],[-1.11165,38.78019],[-1.11201,38.77892],[-1.11068,38.77871],[-1.10839,38.77873],[-1.10681,38.77885],[-1.10474,38.77944],[-1.10169,38.78081],[-1.09846,38.78298],[-1.09699,38.78425],[-1.09633,38.78455],[-1.09569,38.78439],[-1.09506,38.78331],[-1.09145,38.7801],[-1.08533,38.77756],[-1.08443,38.77706],[-1.08258,38.77537],[-1.0816,38.77486],[-1.08014,38.77468],[-1.07885,38.77491],[-1.07774,38.77484],[-1.07681,38.7745],[-1.07462,38.77272],[-1.07326,38.77245],[-1.06836,38.77229],[-1.06462,38.77171],[-1.06352,38.77172],[-1.0624,38.77204],[-1.06148,38.77264],[-1.06005,38.77267],[-1.0592,38.77246],[-1.05571,38.77251],[-1.0545,38.7727],[-1.05332,38.77319],[-1.05221,38.77331],[-1.04742,38.77316],[-1.04199,38.77569],[-1.03902,38.77673],[-1.03822,38.77744],[-1.03785,38.77921],[-1.03784,38.78051],[-1.03922,38.78296],[-1.03985,38.7863],[-1.03973,38.78793],[-1.03932,38.78945],[-1.03927,38.79057],[-1.0407,38.7924],[-1.03745,38.79329],[-1.03704,38.79401],[-1.03706,38.79479],[-1.03575,38.79573],[-1.03293,38.79894],[-1.03188,38.7994],[-1.02982,38.79966],[-1.027,38.80079],[-1.0238,38.79925],[-1.02174,38.79857],[-1.02054,38.79846],[-1.01942,38.79784],[-1.01644,38.79703],[-1.01489,38.79612],[-1.01307,38.79541],[-1.01161,38.79508],[-1.0105,38.79501],[-1.00839,38.79794],[-1.00569,38.80005],[-1.00315,38.79995],[-1.00117,38.8005],[-0.99778,38.80204],[-0.99518,38.80344],[-0.99438,38.80288],[-0.99368,38.80203],[-0.9933,38.80107],[-0.99272,38.80018],[-0.99126,38.79961],[-0.99113,38.79845],[-0.99079,38.79778],[-0.98967,38.79647],[-0.98861,38.79555],[-0.98642,38.7953],[-0.98496,38.79535],[-0.98123,38.79566],[-0.97943,38.79609],[-0.97828,38.79649],[-0.97684,38.79819],[-0.97518,38.7992],[-0.97188,38.79924],[-0.96996,38.80049],[-0.96795,38.80089],[-0.96518,38.80119],[-0.96168,38.80287],[-0.95997,38.80351],[-0.95836,38.80376],[-0.95557,38.80365],[-0.95489,38.80276],[-0.9548,38.8008],[-0.95501,38.79979],[-0.95447,38.7991],[-0.95329,38.79813],[-0.94879,38.79619],[-0.94512,38.79327],[-0.94366,38.79242],[-0.94215,38.79089],[-0.93895,38.78841],[-0.9383,38.78727],[-0.93835,38.78527],[-0.93941,38.78085],[-0.93941,38.77965],[-0.93459,38.78155],[-0.93197,38.78215],[-0.92819,38.78335],[-0.92329,38.78068],[-0.91772,38.77634],[-0.91739,38.77474],[-0.9172,38.7727],[-0.91632,38.77069],[-0.91558,38.76977],[-0.91348,38.76873],[-0.90996,38.76782],[-0.90912,38.76665],[-0.90795,38.76619],[-0.90534,38.76589],[-0.89736,38.76784],[-0.89415,38.76778],[-0.88868,38.76839],[-0.88733,38.76883],[-0.88604,38.77026],[-0.88569,38.77155],[-0.8806,38.77295],[-0.87872,38.77365],[-0.87617,38.77556],[-0.8749,38.7758],[-0.87296,38.77586],[-0.87045,38.77558],[-0.86506,38.77544],[-0.8633,38.77561],[-0.86205,38.77682],[-0.86172,38.77811],[-0.8614,38.77853],[-0.8591,38.77837],[-0.85733,38.7785],[-0.85616,38.77951],[-0.85432,38.78309],[-0.85341,38.78257],[-0.85188,38.78223],[-0.84985,38.77994],[-0.84824,38.77872],[-0.84594,38.77762],[-0.84344,38.77698],[-0.83994,38.7766],[-0.83592,38.77643],[-0.8334,38.77691],[-0.82816,38.77833],[-0.82439,38.77857],[-0.82156,38.77933],[-0.81953,38.78043],[-0.81504,38.78192],[-0.80977,38.78166],[-0.80749,38.78227],[-0.80485,38.78252],[-0.80321,38.78288],[-0.80212,38.78239],[-0.80066,38.78236],[-0.79862,38.78331],[-0.79721,38.78424],[-0.795,38.78648],[-0.79429,38.78672],[-0.79335,38.78633],[-0.79256,38.78541],[-0.79215,38.78457],[-0.79063,38.78369],[-0.7886,38.78133],[-0.78747,38.7792],[-0.78653,38.77793],[-0.78608,38.77597],[-0.78518,38.77355],[-0.78346,38.77186],[-0.78046,38.76987],[-0.77661,38.76687],[-0.77654,38.76576],[-0.77689,38.76472],[-0.7799,38.76092],[-0.78143,38.75955],[-0.78308,38.75841],[-0.78698,38.75398],[-0.7902,38.75148],[-0.79231,38.7496],[-0.79118,38.74862],[-0.7891,38.74829],[-0.7857,38.74816],[-0.78183,38.74874],[-0.77862,38.75025],[-0.77576,38.75209],[-0.77433,38.75331],[-0.77258,38.75538],[-0.77142,38.75633],[-0.76815,38.75809],[-0.76575,38.76013],[-0.76372,38.76101],[-0.76106,38.76138],[-0.7581,38.76097],[-0.75544,38.76016],[-0.75368,38.75894],[-0.75212,38.75812],[-0.74892,38.75786],[-0.74339,38.75888],[-0.74122,38.75825],[-0.74059,38.75745],[-0.73897,38.75716],[-0.7375,38.75796],[-0.73598,38.75917],[-0.73474,38.75882],[-0.73392,38.75786],[-0.73193,38.75601],[-0.73181,38.75416],[-0.73005,38.75329],[-0.72749,38.75275],[-0.7242,38.75257],[-0.72221,38.75347],[-0.72086,38.75203],[-0.71893,38.75105],[-0.71396,38.74972],[-0.71276,38.74987],[-0.70571,38.75167],[-0.70339,38.75276],[-0.70079,38.75338],[-0.69742,38.75555],[-0.69509,38.75535],[-0.69061,38.75434],[-0.68963,38.75452],[-0.68862,38.75536],[-0.68846,38.75651],[-0.68795,38.75701],[-0.68567,38.75703],[-0.68373,38.75679],[-0.67858,38.75733],[-0.67295,38.75508],[-0.6714,38.75586],[-0.66901,38.75615],[-0.66345,38.75763],[-0.66199,38.75789],[-0.65855,38.75767],[-0.65662,38.75739],[-0.65373,38.75595],[-0.65216,38.75496],[-0.64945,38.75382],[-0.64802,38.7524],[-0.64771,38.74864],[-0.64799,38.7475],[-0.65238,38.74359],[-0.6546,38.74196],[-0.65577,38.74084],[-0.65527,38.73939],[-0.65361,38.73793],[-0.65286,38.73596],[-0.65101,38.73425],[-0.64749,38.73289],[-0.64564,38.73186],[-0.64501,38.73088],[-0.64501,38.72922],[-0.64442,38.72843],[-0.64296,38.72782],[-0.64068,38.72854],[-0.63559,38.73093],[-0.63062,38.73417],[-0.62948,38.73536],[-0.62364,38.73646],[-0.62249,38.73695],[-0.62209,38.73798],[-0.6229,38.73981],[-0.6228,38.74072],[-0.6207,38.74178],[-0.61905,38.74214],[-0.61832,38.74297],[-0.6185,38.74361],[-0.61712,38.74446],[-0.61536,38.74463],[-0.61319,38.74356],[-0.61142,38.74246],[-0.60951,38.74192],[-0.60799,38.74264],[-0.60685,38.74373],[-0.60646,38.74504],[-0.60658,38.74641],[-0.60503,38.74825],[-0.60305,38.75014],[-0.602,38.7508],[-0.59906,38.75154],[-0.59626,38.75166],[-0.59403,38.75132],[-0.5924,38.75183],[-0.58984,38.75364],[-0.58884,38.75496],[-0.58904,38.75591],[-0.58802,38.75719],[-0.5865,38.7582],[-0.58517,38.75859],[-0.58358,38.75862],[-0.58214,38.75658],[-0.58025,38.75539],[-0.5799,38.75374],[-0.57923,38.75368],[-0.57631,38.7548],[-0.57392,38.75463],[-0.57093,38.75392],[-0.56893,38.75413],[-0.567,38.75481],[-0.56563,38.75556],[-0.5638,38.75553],[-0.56469,38.75555],[-0.56577,38.75528],[-0.56761,38.75408],[-0.56755,38.75347],[-0.56663,38.75214],[-0.56655,38.75158],[-0.56697,38.74966],[-0.56769,38.74877],[-0.56755,38.74764],[-0.56761,38.74629],[-0.56778,38.74579],[-0.56734,38.74489],[-0.56631,38.74425],[-0.56514,38.74237],[-0.56544,38.74126],[-0.56496,38.74047],[-0.56512,38.73961],[-0.56485,38.7392],[-0.56422,38.73879],[-0.56379,38.73758],[-0.56295,38.73662],[-0.56258,38.73533],[-0.56298,38.73439],[-0.56387,38.73404],[-0.56428,38.73322],[-0.56652,38.73235],[-0.56835,38.73112],[-0.56924,38.73029],[-0.5698,38.72937],[-0.57023,38.72792],[-0.57198,38.72732],[-0.57221,38.72703],[-0.57252,38.72634],[-0.57145,38.72515],[-0.57335,38.72438],[-0.57374,38.72391],[-0.57422,38.72278],[-0.57471,38.72221],[-0.57475,38.72136],[-0.57453,38.72099],[-0.57592,38.71917],[-0.57586,38.71842],[-0.57641,38.71803],[-0.57744,38.71787],[-0.57829,38.71719],[-0.57804,38.71584],[-0.57918,38.71106],[-0.58012,38.71015],[-0.58131,38.70956],[-0.58256,38.70922],[-0.5835,38.70876],[-0.5839,38.70832],[-0.58511,38.7078],[-0.5861,38.70619],[-0.58788,38.70493],[-0.58845,38.70506],[-0.58965,38.70444],[-0.59113,38.70328],[-0.59191,38.70208],[-0.59359,38.70011],[-0.59653,38.69965],[-0.59756,38.69918],[-0.59861,38.69819],[-0.59944,38.69777],[-0.59972,38.69735],[-0.60128,38.69646],[-0.60232,38.69608],[-0.60328,38.69522],[-0.60447,38.69502],[-0.60537,38.69508],[-0.60625,38.69471],[-0.60923,38.694],[-0.61049,38.69299],[-0.61139,38.69255],[-0.61226,38.69242],[-0.61329,38.69142],[-0.61344,38.69101],[-0.61382,38.69069],[-0.61722,38.68869],[-0.61772,38.68725],[-0.61934,38.68616],[-0.61978,38.68524],[-0.62043,38.68498],[-0.6208,38.68427],[-0.62089,38.68289],[-0.6206,38.68244],[-0.62094,38.68106],[-0.62022,38.68003],[-0.62014,38.67967],[-0.62021,38.67912],[-0.62052,38.67881],[-0.62231,38.67775],[-0.62335,38.67737],[-0.62457,38.67614],[-0.62584,38.67533],[-0.62639,38.67514],[-0.62823,38.67584],[-0.62897,38.67639],[-0.62939,38.67645],[-0.63223,38.67567],[-0.63388,38.67559],[-0.63443,38.67488],[-0.63535,38.67473],[-0.63595,38.67444],[-0.63679,38.67457],[-0.63774,38.67439],[-0.63967,38.6744],[-0.64036,38.67392],[-0.64115,38.67272],[-0.64244,38.6717],[-0.64267,38.6705],[-0.64384,38.66962],[-0.64423,38.66962],[-0.64517,38.67025],[-0.64613,38.67033],[-0.647,38.67069],[-0.64814,38.67049],[-0.64937,38.66994],[-0.65038,38.66988],[-0.65106,38.66966],[-0.65346,38.66877],[-0.65627,38.66739],[-0.65839,38.66696],[-0.65935,38.66694],[-0.65998,38.66637],[-0.66102,38.666],[-0.66157,38.6656],[-0.66202,38.66451],[-0.6628,38.66423],[-0.6647,38.66287],[-0.66664,38.66185],[-0.66839,38.66029],[-0.66878,38.65969],[-0.66945,38.65928],[-0.67024,38.65904],[-0.67031,38.65921],[-0.67094,38.65949],[-0.67252,38.65954],[-0.67359,38.65927],[-0.67469,38.65809],[-0.67598,38.65759],[-0.67805,38.65808],[-0.67939,38.65758],[-0.68132,38.65616],[-0.68235,38.65563],[-0.68423,38.65402],[-0.68672,38.65322],[-0.69024,38.65081],[-0.69038,38.64929],[-0.69123,38.64794],[-0.69051,38.64692],[-0.69045,38.64539],[-0.68914,38.64298],[-0.69196,38.64183],[-0.69283,38.64107],[-0.69465,38.64028],[-0.69661,38.63904],[-0.69705,38.6384],[-0.69931,38.63749],[-0.70063,38.63627],[-0.70183,38.63542],[-0.70279,38.63529],[-0.70404,38.63474],[-0.70561,38.6346],[-0.70733,38.63477],[-0.70857,38.63451],[-0.7097,38.63389],[-0.71063,38.63297],[-0.71163,38.63148],[-0.71259,38.63089],[-0.71541,38.63085],[-0.71751,38.62986],[-0.71886,38.62982],[-0.71929,38.6281],[-0.72091,38.62695],[-0.72066,38.62548],[-0.72016,38.6249],[-0.72043,38.62488],[-0.72048,38.62468],[-0.72292,38.62446],[-0.72518,38.62348],[-0.72662,38.62322],[-0.72721,38.62327],[-0.72777,38.62361],[-0.72833,38.6237],[-0.73066,38.62347],[-0.73169,38.62308],[-0.7331,38.62354],[-0.73459,38.62357],[-0.73619,38.62277],[-0.73854,38.62225],[-0.74,38.62092],[-0.74026,38.62036],[-0.74148,38.61937],[-0.74144,38.61882],[-0.74194,38.61821],[-0.74289,38.61775],[-0.74384,38.61761],[-0.74609,38.61623],[-0.74733,38.6161],[-0.74936,38.615],[-0.74961,38.61359],[-0.75023,38.61248],[-0.75162,38.61087],[-0.75097,38.61024],[-0.7498,38.6101],[-0.74804,38.60957],[-0.74798,38.60852],[-0.74875,38.60702],[-0.74701,38.60572],[-0.74578,38.60445],[-0.74615,38.60409],[-0.74742,38.60355],[-0.74838,38.60278],[-0.74902,38.60173],[-0.74903,38.60088],[-0.74877,38.60053],[-0.74779,38.59993],[-0.74753,38.59939],[-0.7463,38.59948],[-0.74572,38.59921],[-0.74544,38.59889],[-0.74529,38.59769],[-0.74477,38.59728],[-0.74318,38.59686],[-0.74292,38.5966],[-0.74267,38.59559],[-0.74097,38.59608],[-0.73983,38.59661],[-0.73693,38.59675],[-0.73491,38.59512],[-0.7333,38.59354],[-0.73227,38.59204],[-0.73127,38.59132],[-0.7313,38.5901],[-0.73107,38.58945],[-0.73105,38.58814],[-0.73029,38.58651],[-0.73034,38.58454],[-0.73048,38.58412],[-0.73199,38.58313],[-0.7324,38.58259],[-0.73217,38.58205],[-0.73213,38.58118],[-0.73135,38.57997],[-0.7303,38.57973],[-0.72943,38.5792],[-0.72888,38.57829],[-0.72877,38.57744],[-0.72835,38.57692],[-0.72823,38.57631],[-0.72781,38.5758],[-0.72749,38.57489],[-0.72754,38.57268],[-0.7273,38.57191],[-0.73034,38.57053],[-0.73049,38.57027],[-0.73051,38.5699],[-0.7303,38.56968],[-0.73024,38.56919],[-0.73053,38.56733],[-0.73001,38.56619],[-0.72909,38.56517],[-0.72689,38.5636],[-0.72587,38.56331],[-0.72422,38.56317],[-0.72319,38.56262],[-0.72195,38.56223],[-0.72065,38.56122],[-0.71961,38.5609],[-0.71986,38.56052],[-0.71992,38.55999],[-0.71949,38.55896],[-0.71992,38.55808],[-0.71989,38.55783],[-0.7173,38.55581],[-0.71701,38.55525],[-0.71484,38.55541],[-0.71214,38.55505],[-0.7113,38.55414],[-0.71062,38.55289],[-0.71002,38.55246],[-0.7091,38.55227],[-0.70752,38.55081],[-0.707,38.55054],[-0.70669,38.55052],[-0.70611,38.55108],[-0.7051,38.55156],[-0.70401,38.55164],[-0.7024,38.5522],[-0.70101,38.5523],[-0.70067,38.55257],[-0.70057,38.55293],[-0.69995,38.55369],[-0.69942,38.5541],[-0.69841,38.55459],[-0.69723,38.55491],[-0.69595,38.55594],[-0.69546,38.55595],[-0.69502,38.55632],[-0.69432,38.55657],[-0.69398,38.55592],[-0.69393,38.55467],[-0.6936,38.55417],[-0.69181,38.55375],[-0.69118,38.55336],[-0.69102,38.55358],[-0.68943,38.55355],[-0.68909,38.55249],[-0.68813,38.55114],[-0.688,38.5495],[-0.68701,38.54855],[-0.68567,38.54823],[-0.68509,38.54779],[-0.68379,38.54627],[-0.6823,38.54525],[-0.6807,38.54367],[-0.6805,38.54287],[-0.68004,38.54233],[-0.6791,38.54171],[-0.67818,38.54138],[-0.67717,38.5403],[-0.674,38.5379],[-0.67342,38.53694],[-0.67326,38.53619],[-0.67195,38.53519],[-0.67195,38.53465],[-0.67172,38.53441],[-0.67197,38.53414],[-0.67201,38.53339],[-0.67068,38.53306],[-0.66937,38.53228],[-0.667,38.53164],[-0.6653,38.53093],[-0.66477,38.53052],[-0.6646,38.52915],[-0.6636,38.52851],[-0.66357,38.52637],[-0.66332,38.52626],[-0.66191,38.52643],[-0.66119,38.52594],[-0.66085,38.52537],[-0.66081,38.52399],[-0.66058,38.52315],[-0.66081,38.52176],[-0.65985,38.52032],[-0.65975,38.5183],[-0.65841,38.51766],[-0.65682,38.51775],[-0.65565,38.51733],[-0.65504,38.51728],[-0.65459,38.51655],[-0.65527,38.51586],[-0.65532,38.51561],[-0.65462,38.51465],[-0.6545,38.51351],[-0.65354,38.51216],[-0.65352,38.51181],[-0.6538,38.51117],[-0.65452,38.51117],[-0.65582,38.51076],[-0.65958,38.51124],[-0.66195,38.51089],[-0.66286,38.51112],[-0.66538,38.51122],[-0.66623,38.51201],[-0.66671,38.51208],[-0.66935,38.51024],[-0.6713,38.50927],[-0.6729,38.50932],[-0.67387,38.50952],[-0.67506,38.50915],[-0.6795,38.50875],[-0.68064,38.50884],[-0.681,38.50918],[-0.6824,38.50967],[-0.68378,38.50953],[-0.68485,38.50979],[-0.68524,38.51004],[-0.68543,38.51052],[-0.68559,38.51059],[-0.68678,38.51006],[-0.69008,38.50982],[-0.69139,38.50924],[-0.69221,38.50924],[-0.69313,38.50948],[-0.69353,38.50888],[-0.69453,38.50808],[-0.69486,38.50757],[-0.69491,38.5071],[-0.69466,38.50619],[-0.69475,38.50583],[-0.69495,38.50572],[-0.69708,38.50529],[-0.69854,38.50548],[-0.70005,38.50448],[-0.70506,38.50321],[-0.70635,38.50322],[-0.70705,38.50339],[-0.70827,38.50324],[-0.7096,38.50329],[-0.71052,38.50351],[-0.71136,38.50343],[-0.71166,38.50311],[-0.71175,38.5018],[-0.71209,38.50097],[-0.71243,38.50046],[-0.71323,38.49975],[-0.71301,38.4995],[-0.71295,38.499],[-0.71348,38.49694],[-0.7134,38.49648],[-0.71392,38.49573],[-0.71396,38.49517],[-0.71425,38.49474],[-0.71423,38.4942],[-0.71369,38.49387],[-0.71397,38.49317],[-0.71375,38.49246],[-0.71382,38.49201],[-0.71407,38.49191],[-0.71578,38.4921],[-0.71821,38.49142],[-0.71792,38.49046],[-0.71821,38.48962],[-0.71917,38.48925],[-0.71982,38.48869],[-0.71991,38.4877],[-0.71967,38.48687],[-0.71967,38.4852],[-0.71922,38.48417],[-0.71913,38.4831],[-0.71867,38.48251],[-0.71867,38.48187],[-0.71897,38.48146],[-0.72004,38.48065],[-0.72113,38.47901],[-0.72164,38.47848],[-0.72097,38.4779],[-0.71985,38.4775],[-0.71948,38.47717],[-0.7178,38.47675],[-0.71701,38.47601],[-0.71514,38.47635],[-0.71458,38.47612],[-0.71365,38.47611],[-0.71325,38.47626],[-0.71241,38.476],[-0.71226,38.47588],[-0.71227,38.4749],[-0.71196,38.47453],[-0.7099,38.47373],[-0.70956,38.47346],[-0.70923,38.47257],[-0.70927,38.4711],[-0.70967,38.46981],[-0.71043,38.46846],[-0.71059,38.46715],[-0.71151,38.46528],[-0.71213,38.46482],[-0.71261,38.46481],[-0.71334,38.46264],[-0.71469,38.46149],[-0.71479,38.45981],[-0.71511,38.45866],[-0.71506,38.458],[-0.71467,38.45731],[-0.71485,38.45666],[-0.71453,38.45637],[-0.71403,38.45628],[-0.71087,38.45622],[-0.70962,38.45642],[-0.70899,38.45631],[-0.70884,38.45519],[-0.70829,38.45375],[-0.70793,38.45349],[-0.70695,38.45343],[-0.70691,38.45303],[-0.70587,38.45216],[-0.70591,38.45084],[-0.70614,38.45023],[-0.70543,38.44921],[-0.70533,38.44761],[-0.70469,38.44698],[-0.70459,38.44663],[-0.70354,38.44631],[-0.70066,38.4443],[-0.69975,38.44256],[-0.6985,38.44143],[-0.69784,38.43981],[-0.69635,38.43851],[-0.6956,38.43732],[-0.69469,38.43667],[-0.69456,38.43576],[-0.69382,38.43404],[-0.69395,38.43386],[-0.69332,38.43322],[-0.69279,38.43207],[-0.69278,38.43085],[-0.69199,38.42974],[-0.69225,38.4289],[-0.69228,38.42805],[-0.69184,38.42665],[-0.69204,38.42593],[-0.69157,38.42446],[-0.69155,38.42263],[-0.6903,38.4215],[-0.68973,38.42074],[-0.68958,38.42006],[-0.68891,38.41938],[-0.68836,38.41794],[-0.68849,38.41681],[-0.68742,38.41618],[-0.6861,38.41586],[-0.68352,38.41645],[-0.6811,38.41659],[-0.68063,38.41584],[-0.67907,38.41452],[-0.67842,38.41354],[-0.67778,38.41306],[-0.67681,38.41269],[-0.67519,38.41083],[-0.67487,38.41002],[-0.67481,38.40878],[-0.67412,38.40811],[-0.67361,38.40723],[-0.67376,38.40664],[-0.67347,38.40583],[-0.6728,38.40515],[-0.67261,38.40463],[-0.67191,38.40387],[-0.67191,38.40311],[-0.67216,38.40252],[-0.67226,38.40168],[-0.67277,38.40103],[-0.67276,38.40057],[-0.67164,38.39964],[-0.67031,38.39932],[-0.66953,38.39849],[-0.66942,38.39735],[-0.66824,38.39655],[-0.66708,38.39508],[-0.66739,38.394],[-0.66792,38.39327],[-0.66793,38.39205],[-0.66726,38.39061],[-0.66798,38.3899],[-0.66793,38.38939],[-0.66753,38.38916],[-0.66664,38.38922],[-0.66616,38.38881],[-0.66569,38.38806],[-0.66506,38.38765],[-0.66488,38.38713],[-0.66442,38.38659],[-0.66371,38.38651],[-0.66199,38.38569],[-0.65983,38.38542],[-0.65655,38.38612],[-0.65642,38.38473],[-0.65617,38.38439],[-0.65476,38.38502],[-0.65332,38.38479],[-0.65205,38.38481],[-0.65033,38.38546],[-0.64993,38.38624],[-0.64655,38.38673],[-0.64493,38.38733],[-0.6449,38.38792],[-0.64463,38.38814],[-0.6446,38.3889],[-0.64413,38.38916],[-0.64352,38.38985],[-0.64326,38.39064],[-0.64208,38.3915],[-0.64188,38.39154],[-0.64113,38.39111],[-0.64019,38.39123],[-0.63851,38.39103],[-0.63803,38.39108],[-0.63689,38.39162],[-0.63525,38.3917],[-0.63493,38.39245],[-0.63425,38.39304],[-0.63371,38.39383],[-0.63234,38.39485],[-0.63142,38.39507],[-0.63085,38.3949],[-0.62909,38.39381],[-0.6276,38.39356],[-0.62651,38.39364],[-0.62508,38.39273],[-0.62407,38.39172],[-0.62322,38.39182],[-0.62224,38.39162],[-0.62095,38.39201],[-0.61874,38.39197],[-0.6178,38.39175],[-0.61559,38.39165],[-0.61514,38.39127],[-0.61444,38.39103],[-0.61371,38.39151],[-0.61291,38.39247],[-0.61108,38.39314],[-0.61021,38.39309],[-0.60899,38.3919],[-0.60783,38.39173],[-0.60742,38.39151],[-0.60692,38.3907],[-0.6064,38.39044],[-0.60521,38.39071],[-0.60388,38.39052],[-0.60263,38.38966],[-0.60032,38.38906],[-0.59863,38.38781],[-0.59857,38.38666],[-0.59843,38.38637],[-0.59699,38.38583],[-0.59503,38.38444],[-0.59468,38.38381],[-0.59522,38.38325],[-0.59553,38.38217],[-0.59488,38.38112],[-0.59373,38.3808],[-0.59344,38.38057],[-0.59354,38.37984],[-0.59341,38.37921],[-0.59411,38.37803],[-0.59538,38.37701],[-0.5956,38.37626],[-0.5961,38.37573],[-0.59537,38.37541],[-0.59512,38.37486],[-0.59289,38.37272],[-0.59231,38.37199],[-0.59191,38.37039],[-0.59124,38.36971],[-0.59092,38.36891],[-0.59096,38.36857],[-0.59148,38.36785],[-0.59118,38.36677],[-0.59048,38.36624],[-0.59033,38.36556],[-0.58981,38.36485],[-0.58865,38.36418],[-0.58802,38.36399],[-0.58772,38.3637],[-0.58629,38.36331],[-0.58537,38.36272],[-0.58427,38.36249],[-0.58325,38.36259],[-0.58203,38.36232],[-0.5815,38.3619],[-0.58148,38.3614],[-0.58217,38.36091],[-0.58153,38.36029],[-0.58121,38.35969],[-0.58121,38.35868],[-0.58147,38.35809],[-0.58154,38.35743],[-0.58019,38.35804],[-0.57958,38.35793],[-0.5793,38.35748],[-0.57919,38.35633],[-0.5785,38.35566],[-0.57809,38.35473],[-0.5777,38.35427],[-0.57756,38.35359],[-0.57662,38.35223],[-0.57656,38.351],[-0.57612,38.34996],[-0.57609,38.3492],[-0.57499,38.34885],[-0.57429,38.34784],[-0.5731,38.34726],[-0.57265,38.34677],[-0.56913,38.34681],[-0.56808,38.34658],[-0.56633,38.34648],[-0.56592,38.34609],[-0.56591,38.34417],[-0.56495,38.34295],[-0.5639,38.34281],[-0.56262,38.34219],[-0.56019,38.34206],[-0.55792,38.34135],[-0.55694,38.34073],[-0.55453,38.34029],[-0.55354,38.3403],[-0.55275,38.33909],[-0.55246,38.33791],[-0.55249,38.33743],[-0.553,38.33665],[-0.55301,38.33624],[-0.55217,38.33481],[-0.5511,38.33342],[-0.55007,38.33269],[-0.54786,38.33277],[-0.54727,38.33255],[-0.54645,38.33162],[-0.54639,38.33079],[-0.54548,38.33059],[-0.54511,38.32968],[-0.5443,38.32941],[-0.54311,38.32977],[-0.54274,38.32971],[-0.54022,38.32787],[-0.53984,38.32713],[-0.53892,38.32627],[-0.5385,38.32549],[-0.53698,38.32477],[-0.53611,38.32478],[-0.53408,38.32598],[-0.53102,38.32639],[-0.52927,38.32637],[-0.52785,38.32607],[-0.52684,38.32542],[-0.526,38.32627],[-0.52644,38.32713],[-0.5266,38.32811],[-0.52629,38.3283],[-0.52519,38.32845],[-0.52453,38.32818],[-0.52377,38.32866],[-0.52283,38.3289],[-0.52214,38.32889],[-0.52168,38.32853],[-0.52034,38.3283],[-0.51877,38.32858],[-0.5177,38.32817],[-0.51509,38.32839],[-0.51454,38.32863],[-0.5144,38.32914],[-0.51449,38.32959],[-0.51512,38.3303],[-0.5135,38.33154],[-0.51285,38.33222],[-0.51292,38.33209],[-0.51067,38.33101],[-0.50892,38.32988],[-0.50842,38.32929],[-0.50656,38.32817],[-0.50669,38.32805],[-0.50805,38.32886],[-0.50888,38.32842],[-0.51063,38.3259],[-0.51273,38.3215],[-0.51268,38.32119],[-0.51229,38.321],[-0.51279,38.32107],[-0.51303,38.32081],[-0.51312,38.32033],[-0.51293,38.32001],[-0.51345,38.31971],[-0.51438,38.31741],[-0.51438,38.31703],[-0.51396,38.31695],[-0.51442,38.3169],[-0.51493,38.31578],[-0.51479,38.31534],[-0.51455,38.31531],[-0.51457,38.31504],[-0.51484,38.31496],[-0.51482,38.3141],[-0.51578,38.31293],[-0.51576,38.31256],[-0.51636,38.31176],[-0.51672,38.31091],[-0.51735,38.30774],[-0.51713,38.3073],[-0.51756,38.30711],[-0.51707,38.30664],[-0.51739,38.30464],[-0.51819,38.30195],[-0.51898,38.29994],[-0.51927,38.29866],[-0.51918,38.2981],[-0.51971,38.29794],[-0.51993,38.29757],[-0.51984,38.29699],[-0.51947,38.29682],[-0.51963,38.29655],[-0.51945,38.29654],[-0.51977,38.29574],[-0.52002,38.29122],[-0.5198,38.29058],[-0.51991,38.29012],[-0.51979,38.28496],[-0.51989,38.28214],[-0.51963,38.27911],[-0.51972,38.27803],[-0.51923,38.27494],[-0.51876,38.26797],[-0.51727,38.26058],[-0.51712,38.25907],[-0.51664,38.25721],[-0.51646,38.2546],[-0.51576,38.25134],[-0.51565,38.24927],[-0.51519,38.24662],[-0.51518,38.24491],[-0.5142,38.2383],[-0.51332,38.23472],[-0.51253,38.2327],[-0.51171,38.23101],[-0.5112,38.23072],[-0.51107,38.22991],[-0.51122,38.22955],[-0.51034,38.22658],[-0.51038,38.22446],[-0.51006,38.22368],[-0.50962,38.22333],[-0.50976,38.22293],[-0.50941,38.2226],[-0.50908,38.22142],[-0.50858,38.221],[-0.50855,38.22043],[-0.50823,38.22008],[-0.50812,38.21951],[-0.50745,38.21838],[-0.50754,38.21679],[-0.50735,38.21632],[-0.50737,38.21515],[-0.50769,38.21459],[-0.50723,38.2137],[-0.50713,38.21257],[-0.50744,38.21189],[-0.50771,38.21173],[-0.5075,38.21082],[-0.5077,38.21021],[-0.50764,38.2091],[-0.50798,38.20773],[-0.50818,38.20717],[-0.50948,38.20535],[-0.50973,38.20254],[-0.51042,38.20156],[-0.51112,38.2009],[-0.51119,38.20046],[-0.51224,38.19951],[-0.51371,38.19746],[-0.51434,38.19712],[-0.51519,38.19621],[-0.51632,38.1955],[-0.51644,38.19522],[-0.51695,38.19498],[-0.51723,38.19462],[-0.51838,38.19395],[-0.52012,38.19328],[-0.52199,38.19226],[-0.52203,38.19207],[-0.52218,38.1922],[-0.5237,38.19167],[-0.52409,38.19143],[-0.52377,38.19115],[-0.52385,38.19107],[-0.52422,38.1914],[-0.52461,38.19144],[-0.52617,38.19087],[-0.52634,38.19066],[-0.52606,38.19023],[-0.52662,38.19028],[-0.52651,38.19043],[-0.5266,38.19055],[-0.52712,38.19061],[-0.52879,38.19013],[-0.52878,38.18958],[-0.529,38.18971],[-0.52921,38.18963],[-0.52914,38.1899],[-0.52954,38.18996],[-0.5308,38.18955],[-0.53098,38.18909],[-0.53073,38.18906],[-0.53133,38.18893],[-0.5313,38.1892],[-0.53153,38.18935],[-0.53217,38.18921],[-0.53263,38.18897],[-0.53268,38.18865],[-0.53253,38.1886],[-0.53275,38.18854],[-0.53342,38.1878],[-0.53298,38.18851],[-0.53349,38.18888],[-0.53485,38.18902],[-0.53673,38.18867],[-0.5377,38.1883],[-0.53786,38.187],[-0.53855,38.1875],[-0.53923,38.1872],[-0.53932,38.18733],[-0.53905,38.18745],[-0.53935,38.18742],[-0.53942,38.18755],[-0.53876,38.18791],[-0.53908,38.18835],[-0.54003,38.18882],[-0.54018,38.18886],[-0.54025,38.1887],[-0.54031,38.1889],[-0.54043,38.18863],[-0.54051,38.18886],[-0.54108,38.18893],[-0.54124,38.1877],[-0.54119,38.18901],[-0.54152,38.18918],[-0.54448,38.18901],[-0.54463,38.18741],[-0.54458,38.18907],[-0.54493,38.18928],[-0.54662,38.1893],[-0.54787,38.18913],[-0.54805,38.18754],[-0.54796,38.18915],[-0.54871,38.18931],[-0.5502,38.18926],[-0.55173,38.18886],[-0.55185,38.18742],[-0.55181,38.18914],[-0.55297,38.18941],[-0.55427,38.18939],[-0.55669,38.18877],[-0.55701,38.18776],[-0.55663,38.1875],[-0.55705,38.18771],[-0.55826,38.18673],[-0.55892,38.18664],[-0.56087,38.18507],[-0.56059,38.18474],[-0.56105,38.18494],[-0.56324,38.18434],[-0.56332,38.18456],[-0.56315,38.18446],[-0.56238,38.18471],[-0.56244,38.18498],[-0.56136,38.18528],[-0.55745,38.18837],[-0.55703,38.18985],[-0.55855,38.19026],[-0.5585,38.19041],[-0.55877,38.19049],[-0.55889,38.19029],[-0.55905,38.19033],[-0.55895,38.1905],[-0.56157,38.19106],[-0.56222,38.19103],[-0.56284,38.19073],[-0.56459,38.19062],[-0.56391,38.18885],[-0.56434,38.18878],[-0.56377,38.18741],[-0.56268,38.18644],[-0.5636,38.18712],[-0.56397,38.18693],[-0.56378,38.18722],[-0.56554,38.19091],[-0.56587,38.19102],[-0.56601,38.19128],[-0.5665,38.1913],[-0.56964,38.19125],[-0.57554,38.19086],[-0.57797,38.1903],[-0.57804,38.19081],[-0.57906,38.19089],[-0.58931,38.1888],[-0.59096,38.18809],[-0.59051,38.1875],[-0.59061,38.18746],[-0.59186,38.18911],[-0.59242,38.18889],[-0.59223,38.1886],[-0.59245,38.18889],[-0.59527,38.18788],[-0.59716,38.18701],[-0.60052,38.18498],[-0.60295,38.18325],[-0.60351,38.18278],[-0.60336,38.18249],[-0.60379,38.18241],[-0.60582,38.18069],[-0.60683,38.17996],[-0.60704,38.18009],[-0.6071,38.1798],[-0.60882,38.17873],[-0.61054,38.17739],[-0.61286,38.17523],[-0.61494,38.17255],[-0.61702,38.16879],[-0.61719,38.16802],[-0.61765,38.16708],[-0.62025,38.16294],[-0.62463,38.15711],[-0.62622,38.15474],[-0.62845,38.15211],[-0.62918,38.15097],[-0.62957,38.15067],[-0.62959,38.15041],[-0.63085,38.14894],[-0.63111,38.1483],[-0.63147,38.14792],[-0.63257,38.14613],[-0.63261,38.14581],[-0.63314,38.14512],[-0.63331,38.14451],[-0.63441,38.1424],[-0.63447,38.14189],[-0.63485,38.14133],[-0.63719,38.13514],[-0.63816,38.13204],[-0.63895,38.12836],[-0.64829,38.12816],[-0.65595,38.12848],[-0.65659,38.1309],[-0.65786,38.13875],[-0.65816,38.1395],[-0.66031,38.14199],[-0.66147,38.14232],[-0.66863,38.14298],[-0.6698,38.14328],[-0.67037,38.14403],[-0.672,38.14436],[-0.67514,38.14414],[-0.6769,38.14288],[-0.67748,38.1427],[-0.67811,38.14296],[-0.6786,38.14349],[-0.67985,38.14437],[-0.68009,38.14465],[-0.68023,38.14534],[-0.6808,38.14608],[-0.68187,38.14656],[-0.68343,38.14654],[-0.68548,38.14538],[-0.6871,38.14655],[-0.68894,38.14824],[-0.69022,38.14882],[-0.69103,38.14953],[-0.69173,38.15055],[-0.69395,38.15239],[-0.6955,38.15342],[-0.6958,38.15382],[-0.69593,38.15493],[-0.70012,38.15845],[-0.70056,38.15965],[-0.70084,38.15997],[-0.70143,38.1604],[-0.70322,38.16103],[-0.7035,38.16126],[-0.70351,38.16316],[-0.70292,38.16507],[-0.70281,38.16636],[-0.70236,38.16673],[-0.70227,38.16703],[-0.70201,38.17462],[-0.70161,38.17549],[-0.70093,38.17608],[-0.70084,38.17637],[-0.70068,38.1811],[-0.70076,38.18156],[-0.70141,38.18218],[-0.70171,38.18292],[-0.70224,38.18457],[-0.70232,38.18559],[-0.70305,38.18639],[-0.70304,38.1874],[-0.70279,38.18797],[-0.70273,38.18865],[-0.70324,38.18986],[-0.70318,38.19312],[-0.70364,38.194],[-0.70377,38.19469],[-0.70444,38.19581],[-0.70473,38.19686],[-0.70472,38.19795],[-0.70442,38.19875],[-0.70438,38.20005],[-0.70509,38.20123],[-0.70373,38.20331],[-0.70367,38.20514],[-0.70621,38.20737],[-0.70712,38.20774],[-0.70649,38.20896],[-0.70803,38.21003],[-0.70866,38.21103],[-0.71003,38.21212],[-0.71131,38.21255],[-0.71234,38.21354],[-0.71456,38.21495],[-0.71548,38.21536],[-0.71637,38.2163],[-0.71695,38.21746],[-0.7169,38.21898],[-0.71663,38.21963],[-0.71653,38.22072],[-0.71592,38.22131],[-0.71459,38.22213],[-0.71441,38.22541],[-0.71414,38.2262],[-0.71427,38.22687],[-0.71399,38.22733],[-0.71332,38.2277],[-0.71296,38.22819],[-0.71281,38.2301],[-0.71233,38.23067],[-0.71217,38.23128],[-0.71167,38.23207],[-0.71166,38.23278],[-0.71215,38.23351],[-0.71206,38.23534],[-0.71088,38.2363],[-0.70989,38.23664],[-0.70885,38.23733],[-0.70823,38.23749],[-0.7081,38.23775],[-0.70864,38.23851],[-0.71018,38.23956],[-0.71077,38.24061],[-0.71052,38.24968],[-0.71076,38.25069],[-0.71077,38.25244],[-0.71131,38.25335],[-0.71503,38.25651],[-0.71519,38.25748],[-0.71549,38.25778],[-0.71699,38.25832],[-0.72094,38.25822],[-0.7216,38.25868],[-0.72271,38.25992],[-0.72269,38.26156],[-0.72215,38.26268],[-0.72176,38.26482],[-0.72188,38.26515],[-0.72332,38.26663],[-0.72393,38.26774],[-0.72388,38.26943],[-0.72335,38.27035],[-0.72323,38.27148],[-0.72297,38.27211],[-0.72289,38.27439],[-0.72303,38.27498],[-0.72292,38.27534],[-0.72363,38.27616],[-0.72365,38.27665],[-0.72341,38.27713],[-0.72339,38.27761],[-0.72369,38.27813],[-0.72441,38.27865],[-0.72445,38.28056],[-0.72487,38.28108],[-0.72496,38.28146],[-0.7249,38.28214],[-0.72442,38.28271],[-0.72423,38.2834],[-0.72351,38.28408],[-0.72417,38.28614],[-0.72371,38.28694],[-0.7252,38.28875],[-0.72534,38.28966],[-0.72628,38.29101],[-0.7264,38.29216],[-0.72695,38.29306],[-0.72792,38.29352],[-0.72848,38.29398],[-0.72946,38.29588],[-0.73013,38.29678],[-0.73044,38.29801],[-0.73016,38.29938],[-0.73142,38.30013],[-0.7322,38.30241],[-0.73143,38.30407],[-0.7314,38.30505],[-0.73267,38.30623],[-0.73294,38.30669],[-0.73307,38.30738],[-0.73351,38.30817],[-0.73377,38.3091],[-0.73382,38.31003],[-0.73413,38.31085],[-0.73587,38.31306],[-0.73605,38.31359],[-0.73649,38.31387],[-0.73892,38.31398],[-0.74144,38.31496],[-0.7418,38.31573],[-0.7438,38.31591],[-0.74484,38.31689],[-0.74604,38.31752],[-0.74633,38.31805],[-0.7465,38.31894],[-0.74938,38.31986],[-0.74984,38.32061],[-0.75132,38.32214],[-0.75118,38.32307],[-0.75173,38.32425],[-0.75219,38.32486],[-0.75291,38.32513],[-0.75282,38.32552],[-0.75306,38.32624],[-0.75372,38.32681],[-0.75508,38.32715],[-0.756,38.32755],[-0.75765,38.32758],[-0.7587,38.32739],[-0.76205,38.32745],[-0.76594,38.32824],[-0.76683,38.32854],[-0.76695,38.32981],[-0.76752,38.33066],[-0.76979,38.33141],[-0.77127,38.33141],[-0.77339,38.33007],[-0.77402,38.32935],[-0.77475,38.32782],[-0.77505,38.32752],[-0.77604,38.32718],[-0.7769,38.32664],[-0.77807,38.32632],[-0.7793,38.32565],[-0.77957,38.32539],[-0.77971,38.32454],[-0.78003,38.32409],[-0.78071,38.32389],[-0.78125,38.32341],[-0.78218,38.32303],[-0.78233,38.32015],[-0.78203,38.31977],[-0.78127,38.31937],[-0.78102,38.31906],[-0.78152,38.31815],[-0.78164,38.31699],[-0.78218,38.31678],[-0.78342,38.31683],[-0.78408,38.31722],[-0.78449,38.31726],[-0.78493,38.317],[-0.78524,38.31624],[-0.7878,38.31613],[-0.78821,38.31462],[-0.78794,38.31431],[-0.78721,38.31403],[-0.78707,38.3132],[-0.78662,38.3126],[-0.78674,38.31195],[-0.78803,38.31152],[-0.78942,38.31152],[-0.78996,38.31161],[-0.79079,38.31218],[-0.7913,38.31219],[-0.79196,38.31172],[-0.79221,38.311],[-0.79286,38.3111],[-0.79358,38.31095],[-0.79562,38.31091],[-0.79627,38.31059],[-0.79714,38.31046],[-0.79793,38.30973],[-0.79958,38.30909],[-0.80047,38.30753],[-0.80047,38.30631],[-0.80005,38.30578],[-0.80002,38.30554],[-0.8004,38.30523],[-0.80182,38.30495],[-0.80222,38.30465],[-0.80236,38.30222],[-0.80274,38.30087],[-0.80339,38.29924],[-0.80369,38.2988],[-0.80438,38.29836],[-0.80455,38.29753],[-0.80515,38.29664],[-0.80705,38.29603],[-0.8079,38.29535],[-0.80841,38.29462],[-0.81117,38.2929],[-0.81143,38.29264],[-0.81164,38.29199],[-0.81301,38.29112],[-0.8146,38.29097],[-0.81682,38.28981],[-0.81837,38.28924],[-0.8198,38.28824],[-0.82054,38.28804],[-0.82182,38.28832],[-0.82281,38.28934],[-0.82438,38.29051],[-0.82574,38.28973],[-0.82837,38.28993],[-0.83008,38.28931],[-0.83115,38.28936],[-0.83276,38.28997],[-0.8333,38.28964],[-0.83486,38.28957],[-0.83587,38.28909],[-0.83618,38.28869],[-0.83637,38.28658],[-0.83839,38.2858],[-0.83924,38.28525],[-0.84009,38.285],[-0.84214,38.28497],[-0.84365,38.2842],[-0.84492,38.28414],[-0.84595,38.28379],[-0.84722,38.28373],[-0.84819,38.28351],[-0.85029,38.28285],[-0.85142,38.28209],[-0.85179,38.28214],[-0.85281,38.28299],[-0.85298,38.28373],[-0.85331,38.28423],[-0.85478,38.28472],[-0.85566,38.28453],[-0.85737,38.28377],[-0.85941,38.28346],[-0.86135,38.28229],[-0.86277,38.28166],[-0.86398,38.28226],[-0.86491,38.28227],[-0.86623,38.28202],[-0.86809,38.28071],[-0.86882,38.27993],[-0.86972,38.27929],[-0.87212,38.27841],[-0.87377,38.27834],[-0.87646,38.27747],[-0.87723,38.2765],[-0.87821,38.27569],[-0.87838,38.27439],[-0.87875,38.27398],[-0.8792,38.27378],[-0.88048,38.27373],[-0.88141,38.27333],[-0.88202,38.27284],[-0.88302,38.27144],[-0.88453,38.2703],[-0.88556,38.26976],[-0.88663,38.26881],[-0.88692,38.26878],[-0.88758,38.26908],[-0.89065,38.26728],[-0.89209,38.26741],[-0.8942,38.26653],[-0.89478,38.26608],[-0.89503,38.26529],[-0.89584,38.26468],[-0.89627,38.26487],[-0.8985,38.26673],[-0.89918,38.26768],[-0.89946,38.26777],[-0.90042,38.26674],[-0.90154,38.2659],[-0.90258,38.26565],[-0.90385,38.26559],[-0.9045,38.26524],[-0.90567,38.26492],[-0.90703,38.26398],[-0.90783,38.26409],[-0.90857,38.26386],[-0.90928,38.2629],[-0.91032,38.26231],[-0.91111,38.26088],[-0.91377,38.25862],[-0.91406,38.25848],[-0.9152,38.25859],[-0.91817,38.25795],[-0.91875,38.25728],[-0.91893,38.25636],[-0.91927,38.25602],[-0.92021,38.25571],[-0.92184,38.2548],[-0.92275,38.25468],[-0.92439,38.25393],[-0.92466,38.25345],[-0.92441,38.25257],[-0.92452,38.25166],[-0.92669,38.25023],[-0.92781,38.24921],[-0.92845,38.24928],[-0.92981,38.2504],[-0.93038,38.25121],[-0.92991,38.25204],[-0.92994,38.25229],[-0.93129,38.25369],[-0.93245,38.25436],[-0.93492,38.25469],[-0.9361,38.25433],[-0.93648,38.25492],[-0.93695,38.25517],[-0.93743,38.2551],[-0.93825,38.25437],[-0.93951,38.25437],[-0.94012,38.25477],[-0.94395,38.25516],[-0.94452,38.2557],[-0.94532,38.25589],[-0.94577,38.25636],[-0.94651,38.25676],[-0.94681,38.25715],[-0.9471,38.25855],[-0.94702,38.25966],[-0.94679,38.26016],[-0.9467,38.26175],[-0.94635,38.26303],[-0.94567,38.26387],[-0.9441,38.26514],[-0.94394,38.2681],[-0.94284,38.26962],[-0.94265,38.27122],[-0.94233,38.27164],[-0.94106,38.27221],[-0.94017,38.27318],[-0.94003,38.27478],[-0.93976,38.2755],[-0.93971,38.27688],[-0.93983,38.27729],[-0.94085,38.27814],[-0.94156,38.27843],[-0.94271,38.27857],[-0.94341,38.2793],[-0.94436,38.2799],[-0.9455,38.28228],[-0.94561,38.28388],[-0.94629,38.28433],[-0.9473,38.28569],[-0.94851,38.2861],[-0.94883,38.28639],[-0.94883,38.28697],[-0.94831,38.28781],[-0.94818,38.28905],[-0.9478,38.28959],[-0.94683,38.29019],[-0.94668,38.29187],[-0.94587,38.29295],[-0.94581,38.2944],[-0.94604,38.29534],[-0.94551,38.29625],[-0.94549,38.29659],[-0.94609,38.29696],[-0.94739,38.29738],[-0.94841,38.29823],[-0.94887,38.29905],[-0.94974,38.29972],[-0.95067,38.30013],[-0.95069,38.30078],[-0.94998,38.30122],[-0.94971,38.30176],[-0.95053,38.30287],[-0.95202,38.30351],[-0.95282,38.30415],[-0.95358,38.30564],[-0.95429,38.30639],[-0.95421,38.30723],[-0.95239,38.30866],[-0.95213,38.30944],[-0.95141,38.31032],[-0.95095,38.31184],[-0.95048,38.31241],[-0.95031,38.31347],[-0.9493,38.31403],[-0.94895,38.31452],[-0.94899,38.31571],[-0.94927,38.31616],[-0.95022,38.31699],[-0.95054,38.31758],[-0.95054,38.31949],[-0.95077,38.32031],[-0.95048,38.32111],[-0.95048,38.32191],[-0.95155,38.32308],[-0.95149,38.32379],[-0.95046,38.32535],[-0.95061,38.32628],[-0.95041,38.32725],[-0.95068,38.32787],[-0.95178,38.3282],[-0.95286,38.32821],[-0.95475,38.32782],[-0.95858,38.32789],[-0.96412,38.32864],[-0.96763,38.32873],[-0.96872,38.32914],[-0.97048,38.32939],[-0.9713,38.32923],[-0.97208,38.32929],[-0.97249,38.32982],[-0.9731,38.33206],[-0.97463,38.33489],[-0.97433,38.33531],[-0.97214,38.33698],[-0.97208,38.33737],[-0.9723,38.33811],[-0.97221,38.33947],[-0.97129,38.34065],[-0.97005,38.3414],[-0.96934,38.34232],[-0.96933,38.34341],[-0.96982,38.34466],[-0.96979,38.34747],[-0.97056,38.34865],[-0.9703,38.34996],[-0.97087,38.3519],[-0.97211,38.35326],[-0.97219,38.35426],[-0.97239,38.35476],[-0.97239,38.35589],[-0.97227,38.35643],[-0.97126,38.3573],[-0.97111,38.35815],[-0.97017,38.36],[-0.96895,38.36076],[-0.96843,38.3617],[-0.96766,38.36224],[-0.96765,38.3635],[-0.96861,38.3644],[-0.96891,38.36542],[-0.96812,38.36632],[-0.96798,38.36824],[-0.96758,38.36856],[-0.96618,38.36884],[-0.96578,38.36905],[-0.96522,38.36952],[-0.96473,38.37027],[-0.96405,38.37086],[-0.96384,38.37138],[-0.96349,38.37162],[-0.96,38.3716],[-0.95828,38.37093],[-0.95465,38.3718],[-0.95401,38.37213],[-0.95241,38.37218],[-0.95177,38.37241],[-0.95161,38.37268],[-0.9515,38.37403],[-0.9507,38.37503],[-0.95072,38.37633],[-0.95137,38.37695],[-0.95151,38.37763],[-0.95182,38.37793],[-0.9536,38.37866],[-0.95561,38.37904],[-0.95624,38.37984],[-0.95819,38.3799],[-0.9596,38.3793],[-0.96073,38.37937],[-0.96085,38.37972],[-0.96079,38.38123],[-0.96046,38.38266],[-0.96054,38.38304],[-0.96082,38.38327],[-0.96341,38.3834],[-0.96466,38.38362],[-0.9668,38.38281],[-0.96768,38.38384],[-0.96995,38.385],[-0.97124,38.38542],[-0.97174,38.38585],[-0.97218,38.38662],[-0.97254,38.38688],[-0.97401,38.38693],[-0.97581,38.38654],[-0.97855,38.38689],[-0.97898,38.38824],[-0.97966,38.38914],[-0.98023,38.39034],[-0.9809,38.3924],[-0.98156,38.39309],[-0.98172,38.39398],[-0.9828,38.39516],[-0.98473,38.39672],[-0.98543,38.39701],[-0.9867,38.39722],[-0.9877,38.39852],[-0.98769,38.4026],[-0.98841,38.40421],[-0.98832,38.4049],[-0.99036,38.40555],[-0.99125,38.40613],[-0.9937,38.40625],[-0.99497,38.4071],[-0.99682,38.40718],[-0.99796,38.4074],[-0.999,38.407],[-0.99977,38.40705],[-1.00886,38.4147],[-1.0152,38.41631],[-1.01609,38.4177],[-1.01627,38.41866],[-1.01998,38.42183],[-1.02058,38.42287],[-1.02065,38.42485],[-1.02097,38.42534],[-1.02268,38.42655],[-1.02346,38.4278],[-1.02439,38.42842],[-1.02496,38.42962],[-1.02503,38.43064],[-1.02531,38.4314],[-1.02587,38.43216],[-1.02674,38.43261],[-1.0282,38.43275],[-1.02932,38.43331],[-1.03015,38.43348],[-1.03062,38.43406],[-1.03223,38.43398],[-1.03388,38.43442],[-1.03506,38.43516],[-1.03557,38.43617],[-1.03734,38.43741],[-1.03814,38.43835],[-1.03914,38.44135],[-1.0408,38.44231],[-1.04199,38.4426],[-1.04428,38.44226],[-1.04568,38.44251],[-1.04632,38.44286],[-1.0483,38.44339],[-1.04949,38.4434],[-1.05054,38.44321],[-1.05367,38.44332],[-1.05395,38.44408],[-1.05461,38.44455],[-1.0549,38.44522],[-1.05493,38.44698],[-1.05518,38.44789],[-1.05509,38.44855],[-1.05459,38.4492],[-1.05481,38.45015],[-1.05472,38.45064],[-1.05268,38.45173],[-1.05201,38.45188],[-1.05087,38.45247],[-1.05025,38.45296],[-1.04962,38.45392],[-1.04957,38.45439],[-1.04987,38.45568],[-1.05059,38.45716],[-1.05051,38.45824],[-1.05005,38.4585],[-1.04833,38.4586],[-1.04656,38.45991],[-1.04611,38.46061],[-1.04516,38.46122],[-1.04499,38.46371],[-1.04448,38.46446],[-1.04464,38.46515],[-1.04429,38.46663],[-1.04373,38.4671],[-1.04273,38.46751],[-1.04249,38.468],[-1.04151,38.46881],[-1.04117,38.46932],[-1.04122,38.47029],[-1.04296,38.47134],[-1.04469,38.4729],[-1.04498,38.47321],[-1.04525,38.47399],[-1.0444,38.47554],[-1.04438,38.47685],[-1.04486,38.47772],[-1.04483,38.47812],[-1.04393,38.47862],[-1.04226,38.47892],[-1.04202,38.47918],[-1.04201,38.48003],[-1.0425,38.48119],[-1.04196,38.48215],[-1.04218,38.48294],[-1.04212,38.48529],[-1.04086,38.4873],[-1.04009,38.48762],[-1.03812,38.48762],[-1.03734,38.48786],[-1.03585,38.48879],[-1.03475,38.48973],[-1.033,38.48982],[-1.03184,38.49024],[-1.03084,38.49075],[-1.03012,38.49146],[-1.02835,38.49199],[-1.0275,38.49253],[-1.02567,38.4931],[-1.02465,38.49381],[-1.02394,38.49398],[-1.02342,38.49448],[-1.02287,38.49472],[-1.02161,38.49484],[-1.02017,38.49559],[-1.01886,38.49582],[-1.01707,38.49586],[-1.01613,38.49641],[-1.01528,38.49664],[-1.0137,38.49669],[-1.01274,38.49691],[-1.01007,38.4978],[-1.0085,38.49851],[-1.00822,38.49896],[-1.00813,38.50174],[-1.00786,38.50248],[-1.00773,38.50408],[-1.00706,38.50485],[-1.00583,38.50584],[-1.0052,38.50698],[-1.00545,38.50787],[-1.0063,38.50952],[-1.01032,38.51334],[-1.01061,38.51386],[-1.01077,38.51476],[-1.01171,38.51538],[-1.01309,38.51677],[-1.01311,38.51724],[-1.01218,38.51864],[-1.01159,38.51908],[-1.01027,38.51946],[-1.00861,38.52064],[-1.00743,38.52106],[-1.00605,38.52114],[-1.00394,38.52202],[-1.00362,38.5223],[-1.00318,38.52361],[-1.00283,38.5241],[-1.00053,38.52519],[-0.99949,38.52505],[-0.99895,38.52528],[-0.99789,38.52695],[-0.99662,38.52831],[-0.99431,38.52917],[-0.99258,38.52927],[-0.99083,38.52968],[-0.98905,38.53076],[-0.9883,38.53175],[-0.98793,38.53199],[-0.98491,38.53201],[-0.98338,38.53246],[-0.98302,38.53279],[-0.98033,38.53404],[-0.97932,38.53497],[-0.97631,38.53596],[-0.97428,38.53749],[-0.97449,38.53784],[-0.97497,38.53809],[-0.97676,38.53793],[-0.97772,38.53822],[-0.97848,38.53948],[-0.9805,38.54113],[-0.98147,38.5415],[-0.98237,38.54241],[-0.98391,38.54215],[-0.98507,38.54305],[-0.98544,38.54429],[-0.98539,38.54726],[-0.98587,38.54843],[-0.98595,38.54944],[-0.98692,38.55034],[-0.98846,38.55293],[-0.98968,38.55399],[-0.99,38.55481],[-0.99007,38.55582],[-0.99079,38.55678],[-0.99073,38.55769],[-0.98944,38.55871],[-0.98909,38.55928],[-0.98902,38.56128],[-0.98949,38.56202],[-0.98901,38.56267],[-0.98887,38.56368],[-0.9872,38.56534],[-0.9872,38.56568],[-0.98747,38.56615],[-0.98843,38.56708],[-0.98665,38.56832],[-0.98637,38.5691],[-0.98573,38.56954],[-0.9864,38.57021],[-0.98762,38.57251],[-0.98886,38.57357],[-0.98916,38.57409],[-0.98915,38.5751],[-0.98861,38.57603],[-0.98854,38.57787],[-0.98887,38.57854],[-0.98961,38.57891],[-0.98954,38.58035],[-0.98855,38.58087],[-0.98632,38.5814],[-0.98575,38.58278],[-0.98553,38.58299],[-0.98426,38.58371],[-0.98274,38.58416],[-0.98074,38.58355],[-0.97883,38.58326],[-0.97748,38.58344],[-0.97476,38.58341],[-0.97444,38.58348],[-0.97391,38.58398],[-0.97297,38.58422],[-0.97169,38.58427],[-0.9698,38.58484],[-0.96793,38.58488],[-0.96684,38.58516],[-0.96624,38.5857],[-0.96621,38.58732],[-0.96643,38.5875],[-0.96779,38.58763],[-0.96835,38.58809],[-0.96848,38.58901],[-0.96921,38.59049],[-0.96908,38.59161],[-0.96788,38.59202],[-0.96535,38.59229],[-0.96431,38.59287],[-0.96288,38.59277],[-0.96187,38.59391],[-0.96096,38.59455],[-0.96004,38.59471],[-0.95896,38.59544],[-0.95793,38.59582],[-0.95606,38.59744],[-0.95501,38.5978],[-0.95389,38.59871],[-0.95452,38.59913],[-0.95482,38.59956],[-0.95496,38.60027],[-0.95541,38.60105],[-0.95624,38.60109],[-0.95773,38.6007],[-0.95968,38.6006],[-0.96,38.60136],[-0.95998,38.60351],[-0.96029,38.60441],[-0.9628,38.60702],[-0.96348,38.6073],[-0.96582,38.60733],[-0.96948,38.60668],[-0.97127,38.60592],[-0.97295,38.60562],[-0.97445,38.60507],[-0.97673,38.60456],[-0.97912,38.60345],[-0.97993,38.60242],[-0.98087,38.60212],[-0.98193,38.60138],[-0.98251,38.60117],[-0.98521,38.60122],[-0.98711,38.60214],[-0.98821,38.60316],[-0.98944,38.60355],[-0.9903,38.60423],[-0.99064,38.60507],[-0.99051,38.61139],[-0.99072,38.61157],[-0.99311,38.61208],[-0.99497,38.61211],[-0.9963,38.61186],[-0.99711,38.61068],[-0.99836,38.6101],[-0.99868,38.60981],[-0.99953,38.60959],[-1.00152,38.60947],[-1.00193,38.60894],[-1.00401,38.60835],[-1.00471,38.60762],[-1.0059,38.60675],[-1.00656,38.60652],[-1.00889,38.60621],[-1.00919,38.60599],[-1.00971,38.60505],[-1.01049,38.60581],[-1.01106,38.60608],[-1.01275,38.6061],[-1.01405,38.6057],[-1.01564,38.60592],[-1.01638,38.60567],[-1.01716,38.60515],[-1.01832,38.60482],[-1.01892,38.60422],[-1.02008,38.60363],[-1.02303,38.60477],[-1.0236,38.6053],[-1.02428,38.60671],[-1.02471,38.60696],[-1.02552,38.60663],[-1.02639,38.6065],[-1.02761,38.60597],[-1.02868,38.60634],[-1.03053,38.60646],[-1.03169,38.60685],[-1.03307,38.6065],[-1.03522,38.60646],[-1.03653,38.60565],[-1.03927,38.60568],[-1.04104,38.60623],[-1.04186,38.6068],[-1.04389,38.6074],[-1.045,38.60797],[-1.04684,38.60805],[-1.04859,38.60788],[-1.0516,38.60888],[-1.0528,38.60947],[-1.06277,38.60974],[-1.06368,38.61023],[-1.06446,38.61089],[-1.06487,38.61205],[-1.0659,38.61391],[-1.06571,38.6212],[-1.0656,38.62157],[-1.06518,38.62201],[-1.06509,38.62275],[-1.0651,38.62361],[-1.06533,38.62427],[-1.06533,38.62564],[-1.06556,38.62629],[-1.0655,38.62873],[-1.06467,38.63034],[-1.06449,38.63102],[-1.06348,38.63189],[-1.06309,38.63317],[-1.06317,38.6337],[-1.06415,38.6346],[-1.06445,38.63536],[-1.06443,38.63584],[-1.06289,38.6373],[-1.06101,38.63776],[-1.05998,38.63782],[-1.05935,38.63809],[-1.05909,38.63856],[-1.05637,38.64025],[-1.05465,38.64161],[-1.05414,38.64234],[-1.05201,38.64421],[-1.05187,38.64455],[-1.05191,38.64494],[-1.0522,38.64526],[-1.05404,38.64674],[-1.05452,38.64734],[-1.05545,38.64789],[-1.05735,38.64948],[-1.05768,38.65079],[-1.05758,38.65141],[-1.05963,38.65159],[-1.06275,38.6541],[-1.06327,38.65468],[-1.06527,38.65529],[-1.0667,38.65598],[-1.0678,38.65675],[-1.06955,38.65577],[-1.07224,38.655],[-1.07251,38.65475],[-1.07298,38.65361],[-1.07415,38.65273],[-1.07655,38.65161],[-1.0783,38.6512],[-1.08062,38.65088],[-1.08322,38.64918],[-1.08385,38.64791],[-1.08558,38.64725],[-1.08617,38.64729],[-1.08689,38.64808],[-1.08894,38.64978],[-1.08943,38.65081],[-1.09009,38.65141],[-1.09082,38.65241],[-1.09245,38.65376],[-1.09345,38.65409],[-1.09545,38.654],[-1.09615,38.65516],[-1.09766,38.65557],[-1.0985,38.65612],[-1.09912,38.65631],[-1.09924,38.65675],[-1.09918,38.65883],[-1.09865,38.66059],[-1.09882,38.66081],[-1.10132,38.66106],[-1.10488,38.6639],[-1.10602,38.66459],[-1.10724,38.66508],[-1.10816,38.66526],[-1.11049,38.66711],[-1.11237,38.66797],[-1.11462,38.66981],[-1.11544,38.67075],[-1.11589,38.67173],[-1.11682,38.67257],[-1.11693,38.67365],[-1.11723,38.67403],[-1.11924,38.67517],[-1.1214,38.6756],[-1.12267,38.67686],[-1.12301,38.67705],[-1.12414,38.67722],[-1.12491,38.67796],[-1.12731,38.67925],[-1.13087,38.68217],[-1.13211,38.68271],[-1.1352,38.68524],[-1.13589,38.68604],[-1.13857,38.68822],[-1.13926,38.68902],[-1.14391,38.69281],[-1.14462,38.69382],[-1.14516,38.6943],[-1.1491,38.69752],[-1.15034,38.69806],[-1.15308,38.70026],[-1.15422,38.70095],[-1.15519,38.70132],[-1.15629,38.70226],[-1.157,38.7034],[-1.1577,38.70371],[-1.15826,38.70506],[-1.15836,38.70606],[-1.15883,38.70657],[-1.15881,38.70906],[-1.15932,38.70974],[-1.15938,38.71058],[-1.15959,38.71117],[-1.15956,38.71367],[-1.16003,38.71455],[-1.16032,38.71552],[-1.16032,38.71616],[-1.16007,38.71673],[-1.15998,38.71795],[-1.15975,38.71845],[-1.15929,38.72102],[-1.15882,38.72174],[-1.15838,38.72304],[-1.15763,38.72375],[-1.15744,38.72465],[-1.1565,38.7252],[-1.15616,38.72568],[-1.15569,38.72765],[-1.15504,38.72868],[-1.15466,38.72892],[-1.15327,38.72921],[-1.15238,38.72996],[-1.15154,38.73011],[-1.15099,38.73039],[-1.15015,38.73004],[-1.14967,38.73022],[-1.14942,38.731],[-1.14964,38.7319],[-1.14995,38.73265],[-1.15092,38.73355],[-1.15099,38.73554],[-1.15192,38.73721],[-1.15048,38.7383],[-1.14973,38.73855],[-1.14836,38.73863],[-1.14642,38.73959],[-1.14402,38.73945],[-1.14343,38.7399],[-1.14319,38.74047],[-1.14265,38.74087],[-1.13942,38.74119],[-1.1398,38.74208],[-1.13975,38.74324],[-1.13848,38.74468],[-1.13695,38.74588],[-1.13678,38.74755],[-1.13654,38.74808],[-1.13644,38.74898],[-1.1357,38.74994],[-1.13595,38.75023],[-1.13719,38.75072],[-1.13915,38.75085],[-1.14152,38.75201],[-1.14305,38.75351],[-1.14511,38.75498],[-1.14573,38.756],[-1.14583,38.75686],[-1.14613,38.75738],[-1.1465,38.75763],[-1.14772,38.7578],[-1.14841,38.75876],[-1.15102,38.75892],[-1.15213,38.75971],[-1.15379,38.76008],[-1.15399,38.76025],[-1.15395,38.76064],[-1.15315,38.76167],[-1.15299,38.76665],[-1.15208,38.7688],[-1.15208,38.76986],[-1.15232,38.77079],[-1.152,38.77227],[-1.15252,38.77315],[-1.15247,38.77514],[-1.15205,38.77551],[-1.15082,38.7753],[-1.14997,38.77544],[-1.14959,38.77679],[-1.14945,38.78027],[-1.1481,38.78142],[-1.14772,38.78208],[-1.14772,38.78294],[-1.14802,38.7837],[-1.14876,38.78448],[-1.14873,38.78568],[-1.14777,38.78643],[-1.14653,38.7868],[-1.14587,38.78726],[-1.14531,38.7882],[-1.14515,38.78904],[-1.14428,38.7898],[-1.14301,38.79047],[-1.14146,38.79089],[-1.1396,38.7905],[-1.1358,38.78909],[-1.13078,38.78819],[-1.12806,38.78787],[-1.12516,38.78713]]]}},{"type":"Feature","id":"17-1","properties":{"NomSistExp":"Vinalopó","Subsistema":"Bajo Vinalopó - Elx","Superf km2":0.0,"Area km2":0.0,"id":"17-1"},"geometry":{"type":"Polygon","coordinates":[[[-0.55928,38.1896],[-0.5593,38.18957],[-0.55948,38.18955],[-0.55947,38.18958],[-0.55928,38.1896]]]}},{"type":"Feature","id":"17-2","properties":{"NomSistExp":"Vinalopó","Subsistema":"Litoral Santa Pola","Superf km2":0.0,"Area km2":0.0,"id":"17-2"},"geometry":{"type":"Polygon","coordinates":[[[-0.55946,38.18929],[-0.55947,38.18927],[-0.55965,38.18925],[-0.55964,38.18927],[-0.55946,38.18929]]]}},{"type":"Feature","id":"17-3","properties":{"NomSistExp":"Vinalopó","Subsistema":"Salinas de Santa Pola","Superf km2":0.0,"Area km2":0.0,"id":"17-3"},"geometry":{"type":"Polygon","coordinates":[[[-0.55965,38.18896],[-0.55966,38.18894],[-0.55983,38.18893],[-0.55982,38.18895],[-0.55965,38.18896]]]}},{"type":"Feature","id":"18-0","properties":{"NomSistExp":"Cenia - Mijares","Subsistema":"Cenia - Cérvol - Baix Maestrat","Superf km2":2033.13,"Area km2":2033.13,"id":"18-0"},"geometry":{"type":"Polygon","coordinates":[[[0.28802,40.76101],[0.28904,40.76005],[0.28941,40.75895],[0.28979,40.75848],[0.28937,40.758],[0.28917,40.75715],[0.28871,40.7565],[0.28869,40.75627],[0.28989,40.75604],[0.29023,40.75583],[0.29058,40.75526],[0.29081,40.75436],[0.29025,40.7531],[0.29022,40.75202],[0.29144,40.7514],[0.29238,40.75119],[0.2925,40.75075],[0.29236,40.75001],[0.2917,40.74915],[0.28857,40.74773],[0.28823,40.74723],[0.2877,40.74587],[0.2854,40.74392],[0.28499,40.74273],[0.28508,40.74142],[0.28352,40.74026],[0.28299,40.73931],[0.28229,40.73861],[0.28076,40.73787],[0.28045,40.73685],[0.27825,40.73546],[0.27733,40.73424],[0.27647,40.73422],[0.27486,40.7351],[0.27265,40.73515],[0.27144,40.73417],[0.26954,40.73363],[0.26841,40.73291],[0.2666,40.73261],[0.26591,40.73207],[0.2641,40.73176],[0.26325,40.73139],[0.26322,40.73124],[0.26344,40.73101],[0.26448,40.73042],[0.26507,40.7298],[0.26532,40.72876],[0.26501,40.72789],[0.26522,40.72674],[0.26493,40.72596],[0.26483,40.72376],[0.26517,40.72287],[0.26586,40.7221],[0.26471,40.72043],[0.26423,40.71936],[0.2628,40.71755],[0.26228,40.71642],[0.26122,40.71567],[0.26195,40.71429],[0.26112,40.71247],[0.26155,40.71173],[0.26149,40.7108],[0.2612,40.71016],[0.26113,40.70895],[0.26171,40.70632],[0.26329,40.70563],[0.26624,40.70327],[0.26765,40.70356],[0.26914,40.70355],[0.26965,40.70347],[0.27054,40.70301],[0.27082,40.70269],[0.27149,40.70107],[0.27245,40.70045],[0.27253,40.69938],[0.27282,40.69885],[0.27555,40.69743],[0.27572,40.69668],[0.27638,40.69606],[0.27692,40.69515],[0.27672,40.69443],[0.27685,40.69414],[0.27909,40.69337],[0.2802,40.69336],[0.28092,40.69367],[0.2815,40.69348],[0.28274,40.69252],[0.28371,40.69147],[0.28563,40.69059],[0.2866,40.68961],[0.28755,40.68929],[0.28928,40.68941],[0.29013,40.68885],[0.29168,40.6882],[0.29201,40.68784],[0.29196,40.68659],[0.29168,40.68583],[0.29214,40.68496],[0.29211,40.68434],[0.29072,40.68305],[0.288,40.67966],[0.28693,40.67929],[0.28606,40.67868],[0.28587,40.67701],[0.28549,40.67619],[0.28473,40.67556],[0.28405,40.67464],[0.28324,40.67288],[0.28283,40.67245],[0.28381,40.67171],[0.28409,40.67117],[0.28412,40.66971],[0.28451,40.66925],[0.2847,40.66873],[0.28567,40.66781],[0.28595,40.66676],[0.286,40.66531],[0.28727,40.66448],[0.2883,40.66318],[0.28947,40.66241],[0.29007,40.66168],[0.29064,40.6607],[0.29069,40.65946],[0.29111,40.65846],[0.28808,40.65628],[0.28674,40.65614],[0.28537,40.65522],[0.28472,40.65499],[0.28292,40.65515],[0.28194,40.65493],[0.28017,40.6542],[0.27906,40.6544],[0.27772,40.65434],[0.27416,40.65242],[0.27391,40.65193],[0.27291,40.65115],[0.27314,40.65059],[0.27403,40.64962],[0.27457,40.6492],[0.27613,40.64879],[0.27786,40.64806],[0.27863,40.64752],[0.28039,40.64689],[0.28091,40.64587],[0.28119,40.64564],[0.28446,40.64439],[0.28754,40.644],[0.28864,40.64345],[0.29008,40.64157],[0.29143,40.64072],[0.29257,40.6397],[0.29255,40.63772],[0.29276,40.63694],[0.29239,40.63638],[0.29196,40.63612],[0.29192,40.63592],[0.29242,40.63455],[0.29343,40.63337],[0.29355,40.63245],[0.29443,40.63148],[0.29622,40.63078],[0.29746,40.63058],[0.29994,40.6282],[0.30373,40.62749],[0.3047,40.62608],[0.3062,40.62511],[0.30757,40.62485],[0.30816,40.62419],[0.30918,40.62353],[0.30993,40.62225],[0.3115,40.62163],[0.3125,40.62038],[0.31354,40.61952],[0.31486,40.61908],[0.31591,40.61831],[0.31693,40.61809],[0.31876,40.61641],[0.31979,40.61614],[0.32092,40.61621],[0.32168,40.61522],[0.32348,40.61445],[0.32429,40.61424],[0.32597,40.61431],[0.32698,40.61368],[0.32877,40.61351],[0.33021,40.61279],[0.33142,40.61195],[0.33264,40.61191],[0.33466,40.61226],[0.33803,40.61146],[0.34002,40.61017],[0.34235,40.60982],[0.34318,40.60981],[0.34418,40.61003],[0.34537,40.61077],[0.34665,40.61123],[0.34965,40.61184],[0.35105,40.61158],[0.36426,40.6112],[0.36578,40.61093],[0.37281,40.61072],[0.37421,40.61046],[0.37804,40.61034],[0.37921,40.61009],[0.38278,40.60995],[0.38467,40.60903],[0.38655,40.60919],[0.38824,40.60912],[0.3888,40.60874],[0.38953,40.60852],[0.39136,40.60856],[0.39221,40.60798],[0.39335,40.60766],[0.39906,40.60747],[0.40013,40.60724],[0.40173,40.60715],[0.40204,40.60702],[0.40246,40.60632],[0.40297,40.60589],[0.40392,40.6057],[0.40508,40.60512],[0.40606,40.60531],[0.40725,40.60583],[0.40816,40.60593],[0.41045,40.60683],[0.41113,40.60675],[0.41187,40.6069],[0.41234,40.60726],[0.41303,40.60748],[0.41495,40.6075],[0.4166,40.60819],[0.41821,40.60928],[0.41964,40.6099],[0.42016,40.61064],[0.42115,40.61139],[0.4215,40.6119],[0.42164,40.61268],[0.42236,40.61437],[0.42272,40.61486],[0.42361,40.61546],[0.42431,40.6155],[0.42618,40.6152],[0.42767,40.61475],[0.42839,40.61494],[0.43028,40.61628],[0.43119,40.61718],[0.43148,40.61764],[0.43138,40.61825],[0.43166,40.61857],[0.43301,40.61965],[0.43431,40.61999],[0.43583,40.62132],[0.43622,40.62211],[0.4364,40.62357],[0.43746,40.62443],[0.43773,40.62498],[0.43955,40.6263],[0.44052,40.62659],[0.44135,40.62709],[0.44229,40.62704],[0.44279,40.62652],[0.44407,40.6259],[0.44504,40.62484],[0.44587,40.62436],[0.44713,40.62489],[0.44822,40.62513],[0.44944,40.62508],[0.45022,40.62474],[0.45156,40.62562],[0.45257,40.6258],[0.45315,40.62634],[0.45402,40.62672],[0.45561,40.62713],[0.45854,40.62759],[0.45982,40.62803],[0.4607,40.62863],[0.4611,40.62916],[0.46226,40.63164],[0.46435,40.63289],[0.46512,40.63312],[0.46611,40.63489],[0.46629,40.63573],[0.46694,40.63645],[0.46817,40.63732],[0.4694,40.63774],[0.46948,40.63748],[0.46902,40.63701],[0.46897,40.63666],[0.46969,40.63541],[0.47008,40.63425],[0.47232,40.63236],[0.47328,40.6318],[0.47359,40.6313],[0.47359,40.63083],[0.47303,40.62999],[0.47302,40.62904],[0.47397,40.62768],[0.47418,40.62688],[0.47522,40.62603],[0.47596,40.62574],[0.47626,40.6247],[0.47626,40.62339],[0.47654,40.62263],[0.47737,40.62149],[0.478,40.62091],[0.47919,40.6203],[0.47961,40.61865],[0.47992,40.61815],[0.48073,40.61749],[0.48303,40.6163],[0.48489,40.61587],[0.48729,40.61395],[0.4886,40.6135],[0.48965,40.61273],[0.49262,40.61148],[0.49423,40.61135],[0.49556,40.61082],[0.49945,40.60814],[0.50011,40.60788],[0.50136,40.60768],[0.50186,40.60694],[0.50654,40.60599],[0.50798,40.60527],[0.50937,40.60421],[0.51227,40.60413],[0.51472,40.60486],[0.51647,40.60511],[0.51886,40.60628],[0.52008,40.60659],[0.52074,40.60693],[0.52183,40.60717],[0.52358,40.60718],[0.52284,40.60587],[0.52194,40.60486],[0.52124,40.60056],[0.52154,40.59972],[0.52138,40.59841],[0.51978,40.59677],[0.51961,40.59498],[0.51975,40.59408],[0.51903,40.5919],[0.51907,40.59125],[0.51954,40.59047],[0.52123,40.58912],[0.52145,40.58838],[0.52135,40.58756],[0.52044,40.58715],[0.5181,40.58703],[0.51641,40.58658],[0.51597,40.58632],[0.51562,40.58558],[0.51491,40.58498],[0.51301,40.58404],[0.5111,40.58343],[0.50972,40.58353],[0.5079,40.58411],[0.50658,40.58408],[0.5053,40.58379],[0.50428,40.58445],[0.50404,40.58585],[0.50161,40.58633],[0.5002,40.58768],[0.49901,40.58709],[0.49737,40.58669],[0.49596,40.58676],[0.49465,40.58709],[0.4925,40.5869],[0.49212,40.58674],[0.49182,40.58628],[0.49207,40.58559],[0.49187,40.58509],[0.48962,40.58401],[0.48763,40.58236],[0.48719,40.58182],[0.48497,40.58065],[0.48442,40.57998],[0.48413,40.57884],[0.48345,40.57802],[0.48273,40.57754],[0.48139,40.57588],[0.48065,40.57571],[0.47812,40.57576],[0.47765,40.57549],[0.47684,40.57463],[0.477,40.57189],[0.47664,40.57067],[0.47645,40.56889],[0.47654,40.56853],[0.47713,40.56796],[0.47753,40.56703],[0.47763,40.56524],[0.47711,40.5634],[0.47571,40.56258],[0.47688,40.56125],[0.47663,40.56042],[0.47652,40.55914],[0.47714,40.55865],[0.47749,40.55774],[0.47823,40.5571],[0.47796,40.55675],[0.47683,40.55637],[0.47546,40.55637],[0.47398,40.55593],[0.47352,40.55553],[0.47318,40.55417],[0.47331,40.55395],[0.47453,40.55347],[0.47759,40.55304],[0.47898,40.55219],[0.48178,40.55189],[0.48198,40.55172],[0.4821,40.55123],[0.48305,40.55049],[0.48369,40.54975],[0.48398,40.54928],[0.48405,40.54824],[0.48587,40.54634],[0.48475,40.54482],[0.48142,40.54395],[0.48116,40.54371],[0.48112,40.54333],[0.48131,40.54268],[0.48406,40.54042],[0.48535,40.53988],[0.48616,40.53975],[0.48944,40.53873],[0.49416,40.53491],[0.49644,40.53474],[0.4972,40.53445],[0.49819,40.53342],[0.50032,40.53167],[0.501,40.53085],[0.50422,40.52806],[0.50486,40.52824],[0.50614,40.52926],[0.50943,40.52917],[0.5108,40.52837],[0.51206,40.52738],[0.5141,40.52636],[0.51423,40.52596],[0.51396,40.5254],[0.51392,40.52476],[0.5142,40.52377],[0.51478,40.5226],[0.51446,40.52243],[0.51398,40.52177],[0.51448,40.52055],[0.51386,40.52024],[0.51377,40.51993],[0.51426,40.51922],[0.51347,40.51879],[0.51342,40.51859],[0.5138,40.51828],[0.5131,40.51821],[0.51265,40.51768],[0.51251,40.5171],[0.5131,40.51654],[0.51287,40.51638],[0.51301,40.51598],[0.51153,40.51518],[0.51136,40.51475],[0.51143,40.51382],[0.51069,40.51347],[0.50979,40.51349],[0.50901,40.51293],[0.50833,40.51214],[0.50832,40.51176],[0.5072,40.51043],[0.50693,40.50981],[0.50721,40.50965],[0.50655,40.50942],[0.50572,40.50832],[0.50548,40.50792],[0.50544,40.50744],[0.50502,40.50695],[0.50505,40.50672],[0.50569,40.50639],[0.50564,40.50606],[0.50593,40.50577],[0.50534,40.5051],[0.50554,40.5049],[0.50538,40.50478],[0.50549,40.5046],[0.50496,40.50474],[0.50425,40.50436],[0.50408,40.50402],[0.50426,40.50344],[0.50402,40.50322],[0.50412,40.50298],[0.50331,40.50286],[0.50334,40.50228],[0.5023,40.50189],[0.50254,40.50073],[0.50181,40.50059],[0.50185,40.50024],[0.50164,40.50008],[0.5017,40.49977],[0.50103,40.49916],[0.50043,40.49919],[0.50013,40.49882],[0.49952,40.49861],[0.4989,40.49798],[0.49858,40.49724],[0.49926,40.49674],[0.49918,40.49632],[0.49835,40.49633],[0.49784,40.49598],[0.49779,40.49575],[0.49813,40.49528],[0.49789,40.49515],[0.4982,40.49484],[0.49713,40.49474],[0.49669,40.49434],[0.49652,40.49383],[0.49582,40.49286],[0.49603,40.49231],[0.49597,40.49209],[0.49526,40.49201],[0.49479,40.49162],[0.49435,40.49091],[0.49473,40.49026],[0.49459,40.49001],[0.49386,40.48941],[0.49318,40.48941],[0.49276,40.48912],[0.49272,40.48891],[0.49156,40.48881],[0.49135,40.48865],[0.49048,40.48767],[0.49049,40.48722],[0.49008,40.48689],[0.49024,40.48646],[0.48993,40.48569],[0.48971,40.48549],[0.4893,40.48559],[0.48905,40.48547],[0.48849,40.4848],[0.48809,40.48408],[0.48809,40.48371],[0.48774,40.48324],[0.48761,40.48244],[0.48676,40.48138],[0.48674,40.48061],[0.48541,40.47979],[0.48502,40.4791],[0.48566,40.4781],[0.48557,40.47673],[0.48506,40.47674],[0.48472,40.47647],[0.48398,40.47501],[0.48358,40.47464],[0.48346,40.47439],[0.48395,40.47369],[0.48372,40.47319],[0.48378,40.47378],[0.48348,40.47387],[0.4825,40.47372],[0.48193,40.47342],[0.48155,40.47275],[0.48183,40.47235],[0.48199,40.47252],[0.4822,40.47246],[0.48221,40.47231],[0.48154,40.4714],[0.48118,40.4713],[0.48139,40.47164],[0.4811,40.47185],[0.48043,40.4718],[0.47988,40.47149],[0.47949,40.47105],[0.47939,40.47054],[0.47944,40.4703],[0.47981,40.4701],[0.4794,40.47018],[0.4786,40.46968],[0.47809,40.46846],[0.47713,40.46738],[0.4768,40.46663],[0.4768,40.46612],[0.47782,40.46541],[0.47812,40.46494],[0.4787,40.46208],[0.47788,40.45898],[0.47762,40.4585],[0.47643,40.45721],[0.47619,40.45713],[0.47584,40.45738],[0.47729,40.45871],[0.47789,40.46075],[0.4776,40.4612],[0.478,40.4615],[0.47814,40.46201],[0.47784,40.46359],[0.47595,40.46322],[0.47582,40.46357],[0.47761,40.464],[0.47719,40.46511],[0.47518,40.46643],[0.47302,40.46475],[0.47308,40.46461],[0.47285,40.46441],[0.47295,40.46433],[0.47277,40.46407],[0.47194,40.46353],[0.47204,40.46317],[0.47186,40.46294],[0.47247,40.46249],[0.47282,40.46249],[0.47393,40.46186],[0.47398,40.46167],[0.47467,40.46165],[0.47504,40.46185],[0.4752,40.46151],[0.47556,40.46155],[0.47562,40.46135],[0.47379,40.46152],[0.47208,40.46242],[0.47082,40.46335],[0.46999,40.46288],[0.47028,40.46227],[0.4702,40.46201],[0.469,40.46174],[0.46867,40.46125],[0.46813,40.46105],[0.46797,40.46063],[0.46741,40.46073],[0.4664,40.46014],[0.46617,40.45968],[0.46533,40.45899],[0.46543,40.45886],[0.46448,40.45812],[0.46395,40.45715],[0.46392,40.4565],[0.46373,40.45612],[0.46299,40.45523],[0.46154,40.45408],[0.4606,40.45284],[0.45995,40.45119],[0.46001,40.45048],[0.45967,40.45024],[0.45977,40.44978],[0.45952,40.44915],[0.4588,40.44938],[0.45844,40.44933],[0.45774,40.44876],[0.45691,40.44761],[0.45658,40.44686],[0.45655,40.44633],[0.456,40.44574],[0.45604,40.44501],[0.45591,40.44482],[0.45445,40.4439],[0.45295,40.44184],[0.45105,40.44122],[0.45018,40.44077],[0.44812,40.43901],[0.44753,40.43805],[0.44624,40.43683],[0.44528,40.43542],[0.44445,40.4334],[0.44336,40.43176],[0.44305,40.43062],[0.44109,40.42872],[0.43867,40.42349],[0.43756,40.42044],[0.43714,40.41862],[0.43615,40.41676],[0.43616,40.41648],[0.43641,40.41617],[0.43572,40.41228],[0.43599,40.41098],[0.4353,40.40949],[0.4351,40.40927],[0.43472,40.40943],[0.43505,40.40973],[0.43564,40.41097],[0.43539,40.41224],[0.43602,40.41614],[0.43465,40.41638],[0.4337,40.41615],[0.43288,40.41566],[0.43223,40.41503],[0.43334,40.41445],[0.43225,40.41493],[0.4314,40.4135],[0.43196,40.41272],[0.43318,40.41274],[0.43371,40.41259],[0.43404,40.41279],[0.43406,40.41252],[0.43115,40.41194],[0.43,40.41136],[0.42982,40.41114],[0.42946,40.40974],[0.42864,40.40928],[0.4273,40.4092],[0.42646,40.40875],[0.42622,40.40833],[0.42517,40.40771],[0.42315,40.40593],[0.42224,40.40481],[0.42166,40.40356],[0.41976,40.40244],[0.41858,40.40148],[0.41783,40.40059],[0.41419,40.39384],[0.40993,40.38474],[0.40565,40.37128],[0.40358,40.36323],[0.40355,40.36205],[0.40373,40.36118],[0.40402,40.36064],[0.40485,40.35994],[0.4058,40.35944],[0.40624,40.35951],[0.40725,40.36034],[0.40771,40.36029],[0.40816,40.36],[0.40852,40.35909],[0.40839,40.35891],[0.4085,40.35889],[0.40865,40.35775],[0.40844,40.35735],[0.40757,40.35691],[0.40751,40.35661],[0.40577,40.35538],[0.40362,40.35462],[0.40223,40.3533],[0.402,40.35343],[0.40334,40.35494],[0.40555,40.35566],[0.40638,40.35627],[0.40491,40.35743],[0.40328,40.35623],[0.40365,40.35558],[0.40352,40.35554],[0.40306,40.35627],[0.40315,40.35635],[0.4029,40.35652],[0.4037,40.35752],[0.40337,40.35778],[0.40236,40.35811],[0.40142,40.3582],[0.40006,40.35797],[0.39901,40.35747],[0.3989,40.35697],[0.3993,40.35653],[0.39935,40.35618],[0.40005,40.35548],[0.39955,40.35583],[0.39906,40.35572],[0.39849,40.35437],[0.39783,40.35425],[0.397,40.35349],[0.39523,40.35314],[0.39502,40.35321],[0.39401,40.35265],[0.39322,40.35245],[0.39297,40.35231],[0.3929,40.35209],[0.39232,40.35193],[0.39201,40.35139],[0.39217,40.35006],[0.39197,40.34965],[0.39164,40.34945],[0.39164,40.34911],[0.39104,40.34875],[0.39113,40.34855],[0.39075,40.34842],[0.39048,40.34782],[0.38927,40.34748],[0.38938,40.34706],[0.38989,40.34666],[0.38949,40.3465],[0.38928,40.34619],[0.38874,40.34487],[0.38813,40.34459],[0.388,40.34434],[0.38869,40.34342],[0.38855,40.34326],[0.38862,40.34304],[0.38834,40.34294],[0.38825,40.34247],[0.3872,40.34208],[0.38693,40.34158],[0.38706,40.34126],[0.38637,40.34116],[0.38631,40.34092],[0.38661,40.3405],[0.38639,40.34017],[0.38578,40.33964],[0.38498,40.33928],[0.38519,40.33911],[0.38505,40.33892],[0.38346,40.33811],[0.38283,40.33748],[0.38286,40.33728],[0.38223,40.33729],[0.38173,40.3367],[0.38132,40.33661],[0.38111,40.33638],[0.38074,40.33655],[0.38041,40.3364],[0.3803,40.33624],[0.3805,40.33583],[0.38042,40.33569],[0.37856,40.33514],[0.37808,40.33478],[0.37782,40.33421],[0.37708,40.33368],[0.37637,40.33367],[0.37605,40.33344],[0.37552,40.33292],[0.37555,40.33223],[0.37514,40.33195],[0.37542,40.33144],[0.37494,40.33088],[0.37436,40.33101],[0.37406,40.33086],[0.37421,40.33037],[0.37395,40.33033],[0.37402,40.33003],[0.37358,40.32999],[0.37338,40.33012],[0.37326,40.32969],[0.37281,40.32945],[0.37233,40.32955],[0.37197,40.3293],[0.36992,40.32862],[0.36895,40.32805],[0.36842,40.32736],[0.36626,40.32601],[0.36622,40.32563],[0.3654,40.32497],[0.36485,40.32415],[0.36437,40.32378],[0.36391,40.32252],[0.3638,40.3212],[0.36362,40.32101],[0.36326,40.32097],[0.36287,40.31995],[0.36258,40.31969],[0.36209,40.31968],[0.36217,40.31946],[0.36206,40.31939],[0.36144,40.31956],[0.36148,40.31886],[0.36125,40.31861],[0.36057,40.31838],[0.35996,40.31849],[0.35986,40.31822],[0.36037,40.31773],[0.3595,40.31729],[0.35931,40.31698],[0.3595,40.31676],[0.35858,40.31626],[0.35854,40.31585],[0.35741,40.31509],[0.35738,40.31471],[0.35669,40.31439],[0.35571,40.31329],[0.35401,40.31226],[0.35372,40.31171],[0.35376,40.31141],[0.35211,40.30816],[0.35226,40.30783],[0.35269,40.30765],[0.35194,40.30674],[0.35221,40.30643],[0.3523,40.30589],[0.35196,40.30513],[0.35213,40.30496],[0.35253,40.30507],[0.35247,40.30461],[0.35198,40.30419],[0.35186,40.3038],[0.35149,40.30355],[0.35134,40.303],[0.35058,40.30243],[0.35082,40.30224],[0.35086,40.30166],[0.35035,40.30105],[0.35057,40.30057],[0.35091,40.30042],[0.35031,40.29964],[0.34987,40.29944],[0.34893,40.29855],[0.34802,40.29829],[0.34806,40.29757],[0.34774,40.29746],[0.34771,40.29726],[0.34719,40.29686],[0.34707,40.29648],[0.34668,40.29611],[0.34605,40.29636],[0.34485,40.29567],[0.34295,40.29513],[0.34159,40.295],[0.34118,40.29474],[0.33871,40.29401],[0.33701,40.29319],[0.33528,40.29172],[0.33431,40.29034],[0.33355,40.28886],[0.33342,40.28704],[0.33369,40.28646],[0.33337,40.28551],[0.33368,40.28457],[0.33293,40.28416],[0.33302,40.28387],[0.33265,40.28358],[0.33278,40.28333],[0.33188,40.28247],[0.33171,40.28177],[0.33088,40.2818],[0.3308,40.28161],[0.331,40.2812],[0.3305,40.28089],[0.3301,40.28089],[0.32988,40.28031],[0.3301,40.27983],[0.3298,40.27973],[0.3298,40.2795],[0.32898,40.27939],[0.32903,40.27921],[0.32871,40.27913],[0.32816,40.27833],[0.32749,40.2786],[0.32702,40.27844],[0.32645,40.27784],[0.32651,40.27734],[0.32629,40.27722],[0.32622,40.27651],[0.32592,40.27641],[0.32573,40.27606],[0.32475,40.27566],[0.32429,40.2752],[0.32353,40.27491],[0.32301,40.27445],[0.32264,40.27435],[0.32232,40.27453],[0.32178,40.27397],[0.32094,40.27397],[0.32103,40.27336],[0.32042,40.27294],[0.31995,40.27294],[0.31989,40.27231],[0.31928,40.27205],[0.31856,40.27139],[0.31798,40.27139],[0.31793,40.27113],[0.31763,40.27085],[0.31662,40.27065],[0.31595,40.27078],[0.31539,40.27012],[0.31457,40.26975],[0.31353,40.26958],[0.31285,40.26978],[0.31219,40.26922],[0.31147,40.26914],[0.3112,40.26877],[0.31066,40.2686],[0.31057,40.26853],[0.3108,40.26829],[0.31034,40.26799],[0.31012,40.26749],[0.309,40.26673],[0.30835,40.26547],[0.30778,40.26534],[0.30799,40.26495],[0.30746,40.26425],[0.30743,40.26392],[0.30622,40.26309],[0.30634,40.26275],[0.30586,40.26232],[0.3059,40.26218],[0.30566,40.26211],[0.30566,40.2613],[0.30507,40.26123],[0.30508,40.26099],[0.30454,40.26053],[0.30456,40.2602],[0.30412,40.2604],[0.30383,40.26023],[0.30425,40.25989],[0.3041,40.25967],[0.30356,40.25974],[0.30358,40.25955],[0.30313,40.25958],[0.30288,40.25935],[0.30192,40.25922],[0.30151,40.25893],[0.3007,40.25901],[0.29951,40.25878],[0.29753,40.25875],[0.29688,40.25849],[0.29659,40.25809],[0.29645,40.25837],[0.29601,40.25845],[0.29568,40.25818],[0.29554,40.25772],[0.29457,40.25734],[0.29471,40.25707],[0.29441,40.25668],[0.2928,40.25549],[0.28913,40.25374],[0.2887,40.25244],[0.28857,40.25293],[0.28832,40.25299],[0.28782,40.25295],[0.28731,40.25268],[0.28701,40.25234],[0.28707,40.25153],[0.28765,40.25127],[0.28788,40.25158],[0.28796,40.25137],[0.28945,40.25064],[0.2895,40.25039],[0.28798,40.24794],[0.28777,40.24806],[0.28893,40.24978],[0.2882,40.25015],[0.28852,40.25053],[0.28901,40.25027],[0.28918,40.25047],[0.28781,40.25117],[0.28764,40.25097],[0.28825,40.25066],[0.28793,40.2503],[0.28713,40.25064],[0.28682,40.24948],[0.28711,40.24943],[0.28705,40.24928],[0.28661,40.24933],[0.28646,40.24866],[0.28754,40.24849],[0.2873,40.24838],[0.28602,40.24852],[0.28537,40.24777],[0.2843,40.24738],[0.28431,40.247],[0.28363,40.24661],[0.28289,40.24584],[0.2815,40.24522],[0.27908,40.2448],[0.27836,40.24415],[0.27792,40.24332],[0.27777,40.24267],[0.27667,40.24133],[0.27563,40.23926],[0.27546,40.23807],[0.27621,40.23782],[0.27612,40.23743],[0.27582,40.23703],[0.27486,40.23655],[0.27327,40.23297],[0.27329,40.2323],[0.27388,40.23204],[0.27374,40.23161],[0.27327,40.2314],[0.27339,40.23071],[0.27294,40.23063],[0.27252,40.22958],[0.27287,40.22931],[0.27272,40.22813],[0.27244,40.22795],[0.27207,40.22799],[0.2716,40.22739],[0.2717,40.22698],[0.27154,40.2268],[0.27172,40.22636],[0.27133,40.22602],[0.27139,40.2256],[0.27182,40.22561],[0.27161,40.2248],[0.27102,40.22436],[0.2709,40.22359],[0.27056,40.22324],[0.27025,40.22247],[0.27052,40.22229],[0.26997,40.22214],[0.26949,40.22086],[0.26839,40.21918],[0.26687,40.21514],[0.26567,40.21263],[0.26514,40.21096],[0.26526,40.20981],[0.26387,40.20844],[0.26231,40.20778],[0.25999,40.20712],[0.259,40.20606],[0.25663,40.2042],[0.2548,40.20314],[0.25286,40.2028],[0.2505,40.20285],[0.24629,40.20188],[0.24384,40.20149],[0.24196,40.20069],[0.24004,40.2002],[0.23869,40.19957],[0.23749,40.19935],[0.2353,40.19947],[0.23421,40.19928],[0.23085,40.19794],[0.23071,40.19782],[0.23067,40.1969],[0.23045,40.1965],[0.23033,40.19655],[0.23057,40.19694],[0.22989,40.19707],[0.22905,40.19683],[0.2281,40.19621],[0.22801,40.19611],[0.22829,40.19541],[0.22866,40.19551],[0.2278,40.19474],[0.22769,40.19478],[0.22808,40.19523],[0.22703,40.19542],[0.22634,40.19523],[0.2254,40.19467],[0.22532,40.19327],[0.22565,40.19331],[0.22534,40.19312],[0.22528,40.19282],[0.22514,40.19283],[0.22525,40.19338],[0.22441,40.19349],[0.22336,40.19313],[0.22248,40.19255],[0.22222,40.19228],[0.22222,40.19187],[0.22239,40.19173],[0.22275,40.19182],[0.22241,40.19157],[0.22199,40.19061],[0.2218,40.1907],[0.22224,40.19138],[0.2213,40.19155],[0.22008,40.19135],[0.21915,40.19074],[0.21902,40.19051],[0.2192,40.19046],[0.21917,40.19031],[0.21876,40.19059],[0.21832,40.19041],[0.21446,40.18759],[0.21287,40.18663],[0.21123,40.18503],[0.20999,40.18415],[0.20908,40.18425],[0.20586,40.18352],[0.20412,40.18283],[0.20224,40.18173],[0.1992,40.17913],[0.19537,40.17524],[0.19366,40.17375],[0.19051,40.17043],[0.18782,40.16702],[0.18638,40.1647],[0.18403,40.16246],[0.18294,40.16113],[0.17947,40.15546],[0.17871,40.15451],[0.17775,40.15267],[0.17443,40.14758],[0.1737,40.14619],[0.1723,40.14434],[0.17134,40.14278],[0.17036,40.14067],[0.16908,40.13874],[0.16913,40.13824],[0.16834,40.13787],[0.16836,40.1374],[0.16724,40.13456],[0.16682,40.13431],[0.16631,40.13426],[0.16622,40.13411],[0.16638,40.13383],[0.16568,40.13331],[0.16503,40.1321],[0.16389,40.12926],[0.16324,40.12821],[0.16202,40.12552],[0.16056,40.12325],[0.15821,40.11877],[0.15764,40.11735],[0.15754,40.1167],[0.15782,40.11633],[0.1578,40.11612],[0.15716,40.11578],[0.15654,40.11476],[0.15587,40.11304],[0.15522,40.11066],[0.15443,40.10915],[0.15366,40.10687],[0.15223,40.10509],[0.14997,40.10129],[0.14966,40.09966],[0.14893,40.09801],[0.14762,40.09402],[0.14763,40.0933],[0.14717,40.09188],[0.14661,40.08759],[0.14674,40.08705],[0.14752,40.0865],[0.14804,40.08645],[0.1485,40.08677],[0.14863,40.08674],[0.14855,40.08655],[0.14879,40.08649],[0.14871,40.08631],[0.1478,40.08609],[0.14801,40.08586],[0.1472,40.08466],[0.1472,40.08445],[0.14764,40.08421],[0.14737,40.0838],[0.14756,40.08291],[0.14715,40.08287],[0.14651,40.08236],[0.14477,40.08203],[0.14447,40.08135],[0.14399,40.08108],[0.14312,40.08162],[0.14272,40.08226],[0.14279,40.08283],[0.14249,40.08302],[0.14158,40.08306],[0.14057,40.08286],[0.13894,40.08227],[0.1381,40.0818],[0.13663,40.08052],[0.13584,40.07959],[0.13576,40.0793],[0.13633,40.07906],[0.13637,40.07878],[0.13532,40.07821],[0.13507,40.07829],[0.13483,40.07804],[0.13479,40.07776],[0.13532,40.07747],[0.13543,40.07719],[0.13522,40.07456],[0.13484,40.07374],[0.13455,40.07371],[0.13434,40.07388],[0.13467,40.07413],[0.13488,40.07456],[0.13462,40.07465],[0.13485,40.07469],[0.13514,40.07724],[0.13348,40.07739],[0.13334,40.0769],[0.13316,40.0769],[0.13296,40.07506],[0.13336,40.07504],[0.13328,40.07445],[0.13345,40.07443],[0.13344,40.07427],[0.1335,40.07444],[0.13367,40.07442],[0.1337,40.07472],[0.13398,40.0748],[0.13409,40.07464],[0.13343,40.07359],[0.1327,40.07295],[0.13233,40.07282],[0.13212,40.07184],[0.12942,40.06995],[0.12805,40.06967],[0.128,40.06919],[0.12731,40.06893],[0.12701,40.06836],[0.12614,40.06761],[0.12597,40.06716],[0.12604,40.06677],[0.12578,40.06646],[0.12594,40.06636],[0.12575,40.06608],[0.12483,40.06532],[0.12408,40.06501],[0.12298,40.06482],[0.12277,40.06448],[0.12206,40.06393],[0.122,40.06354],[0.12147,40.06327],[0.12118,40.06273],[0.12066,40.06225],[0.11991,40.06226],[0.1196,40.06186],[0.11804,40.06155],[0.11658,40.06165],[0.11428,40.0614],[0.11346,40.06068],[0.11049,40.0594],[0.1097,40.05826],[0.109,40.05774],[0.1082,40.05763],[0.10759,40.05724],[0.10671,40.05714],[0.10644,40.05674],[0.10592,40.05667],[0.10551,40.05702],[0.10511,40.05709],[0.10435,40.05709],[0.1035,40.05676],[0.10264,40.05692],[0.10227,40.05666],[0.10124,40.05689],[0.10011,40.05614],[0.09949,40.05622],[0.09863,40.05599],[0.09789,40.05603],[0.09752,40.0553],[0.0977,40.05627],[0.09617,40.0567],[0.09539,40.05663],[0.09389,40.05621],[0.09366,40.05596],[0.09374,40.05546],[0.09363,40.05539],[0.09351,40.05591],[0.0918,40.05637],[0.09129,40.05631],[0.09052,40.05579],[0.088,40.06025],[0.08737,40.06292],[0.08925,40.0679],[0.09375,40.07178],[0.09429,40.07417],[0.08926,40.07505],[0.08587,40.07903],[0.08477,40.08316],[0.08213,40.08267],[0.07959,40.08382],[0.06462,40.08161],[0.06129,40.08053],[0.05692,40.07843],[0.05557,40.07761],[0.05399,40.07635],[0.05015,40.07611],[0.03967,40.08392],[0.03546,40.08682],[0.03097,40.08582],[0.03156,40.08639],[0.03181,40.08733],[0.0325,40.08812],[0.03247,40.08906],[0.03204,40.08958],[0.03197,40.09035],[0.03092,40.09061],[0.0301,40.09115],[0.02884,40.09257],[0.02721,40.09345],[0.02699,40.09379],[0.02682,40.09456],[0.02567,40.09599],[0.02564,40.09667],[0.02585,40.09742],[0.02577,40.09833],[0.02457,40.10073],[0.02451,40.10146],[0.02478,40.10206],[0.02514,40.10257],[0.0258,40.10308],[0.02839,40.10445],[0.03106,40.10637],[0.03475,40.10931],[0.03511,40.11009],[0.03516,40.1108],[0.0347,40.11129],[0.03381,40.11151],[0.03068,40.11393],[0.02988,40.11654],[0.03085,40.11731],[0.03181,40.11771],[0.03355,40.11803],[0.03553,40.11895],[0.03798,40.12112],[0.03904,40.12154],[0.04527,40.12177],[0.04792,40.12218],[0.04974,40.12273],[0.05153,40.12356],[0.05417,40.12503],[0.05577,40.12755],[0.05749,40.12937],[0.06046,40.13095],[0.0633,40.13274],[0.06493,40.13424],[0.0658,40.13559],[0.06696,40.1369],[0.06945,40.13803],[0.06993,40.13847],[0.06932,40.14092],[0.06642,40.14195],[0.06538,40.14263],[0.06474,40.14333],[0.06451,40.1449],[0.06347,40.14638],[0.06165,40.14809],[0.06134,40.14895],[0.06136,40.1494],[0.06164,40.15001],[0.06287,40.15083],[0.0645,40.15232],[0.0655,40.153],[0.06711,40.15371],[0.06871,40.15431],[0.07196,40.15505],[0.07482,40.15592],[0.07801,40.15631],[0.07707,40.15711],[0.07665,40.15912],[0.07497,40.16074],[0.07534,40.16172],[0.07539,40.16293],[0.07587,40.16484],[0.07469,40.16674],[0.07464,40.16965],[0.07749,40.17118],[0.07876,40.17145],[0.07926,40.17242],[0.08159,40.17345],[0.08259,40.17443],[0.08265,40.17505],[0.08178,40.17634],[0.08072,40.17716],[0.08073,40.17868],[0.08017,40.18139],[0.08016,40.18303],[0.07976,40.18414],[0.07889,40.18571],[0.07891,40.18673],[0.07906,40.18717],[0.07948,40.18762],[0.08054,40.18826],[0.08083,40.1886],[0.08135,40.18999],[0.08174,40.19037],[0.08322,40.19093],[0.08553,40.19124],[0.08674,40.19178],[0.08749,40.19232],[0.08781,40.19353],[0.08774,40.19421],[0.08735,40.19504],[0.08679,40.19556],[0.08629,40.19789],[0.08743,40.20057],[0.08759,40.2013],[0.0875,40.20202],[0.08723,40.20254],[0.08482,40.20349],[0.08304,40.20443],[0.08151,40.20675],[0.08132,40.20773],[0.08139,40.20807],[0.08381,40.20923],[0.08389,40.20953],[0.08327,40.21147],[0.08355,40.21373],[0.08347,40.21538],[0.08323,40.21589],[0.08231,40.21672],[0.07922,40.2172],[0.07818,40.21708],[0.07491,40.21718],[0.06949,40.21766],[0.06715,40.21825],[0.06567,40.21899],[0.06433,40.21934],[0.06211,40.21963],[0.05943,40.21948],[0.05686,40.21974],[0.05497,40.22072],[0.05296,40.22226],[0.05234,40.22256],[0.04654,40.22343],[0.04548,40.22401],[0.04486,40.22458],[0.04426,40.22529],[0.04274,40.23023],[0.04123,40.23259],[0.04073,40.23319],[0.03667,40.2346],[0.03465,40.23555],[0.03292,40.23667],[0.03184,40.23788],[0.0311,40.23967],[0.03114,40.24029],[0.0318,40.24164],[0.03172,40.24217],[0.03081,40.24424],[0.02989,40.2458],[0.02957,40.24622],[0.02788,40.24741],[0.02704,40.24833],[0.02632,40.24887],[0.02367,40.25021],[0.02287,40.25084],[0.02235,40.25154],[0.02186,40.25231],[0.02143,40.25372],[0.02154,40.25668],[0.02139,40.26087],[0.02163,40.26242],[0.02134,40.26388],[0.01936,40.26484],[0.01728,40.26726],[0.01395,40.26898],[0.01195,40.26911],[0.00721,40.26897],[0.00591,40.26924],[0.00399,40.27007],[0.00221,40.27127],[0.00062,40.27159],[-0.00126,40.27142],[-0.00667,40.27009],[-0.00748,40.26971],[-0.00506,40.27348],[-0.00442,40.27425],[-0.00298,40.27545],[-0.00287,40.27746],[-0.00104,40.28166],[-0.00074,40.28272],[-0.00066,40.28382],[-0.00091,40.28514],[-0.00231,40.2869],[-0.00218,40.28864],[-0.0011,40.29029],[-0.00165,40.29242],[-0.00311,40.29436],[-0.00537,40.29583],[-0.00343,40.29661],[-0.00071,40.29703],[0.00042,40.29738],[0.00259,40.29834],[0.00421,40.29915],[0.00478,40.29964],[0.00527,40.30023],[0.00551,40.30087],[0.00617,40.30183],[0.01044,40.30228],[0.01243,40.30432],[0.01398,40.30519],[0.01656,40.30619],[0.01822,40.30636],[0.02134,40.30566],[0.02395,40.30603],[0.02572,40.30654],[0.02636,40.30683],[0.02641,40.30708],[0.02551,40.30742],[0.0248,40.30845],[0.02465,40.30915],[0.02513,40.3107],[0.02508,40.31169],[0.02441,40.31305],[0.02477,40.31469],[0.0243,40.31537],[0.02252,40.31678],[0.02239,40.31717],[0.02265,40.31888],[0.02256,40.3195],[0.02203,40.31992],[0.02149,40.3201],[0.01764,40.32101],[0.01263,40.31957],[0.01205,40.31961],[0.01184,40.31994],[0.01174,40.32069],[0.01189,40.32524],[0.00861,40.32978],[0.008,40.33028],[0.00712,40.3304],[0.00639,40.33073],[0.00547,40.33172],[0.00523,40.33242],[0.0051,40.33304],[0.00528,40.33353],[0.00562,40.33794],[0.00588,40.33894],[0.00619,40.34158],[0.00611,40.34276],[0.00563,40.34377],[0.00144,40.34799],[-0.00427,40.35151],[-0.00601,40.35295],[-0.00847,40.35552],[-0.00906,40.35715],[-0.01018,40.35924],[-0.01161,40.3638],[-0.01288,40.36598],[-0.01419,40.36744],[-0.01643,40.36887],[-0.01844,40.3708],[-0.01855,40.37186],[-0.01908,40.37313],[-0.02033,40.37466],[-0.02146,40.37562],[-0.02342,40.37619],[-0.02406,40.37665],[-0.0246,40.37824],[-0.02479,40.38027],[-0.0255,40.383],[-0.02605,40.38357],[-0.02795,40.38466],[-0.02927,40.38577],[-0.03038,40.38787],[-0.02909,40.38886],[-0.02873,40.38931],[-0.02843,40.39077],[-0.02728,40.39275],[-0.02653,40.3932],[-0.02587,40.39339],[-0.02409,40.39351],[-0.02314,40.39336],[-0.01851,40.39578],[-0.01818,40.39846],[-0.01697,40.40213],[-0.01625,40.40401],[-0.01539,40.40497],[-0.01439,40.4051],[-0.01019,40.40459],[-0.00957,40.40475],[-0.00912,40.4051],[-0.00862,40.40595],[-0.00824,40.40866],[-0.00824,40.41057],[-0.00861,40.41209],[-0.0085,40.41256],[-0.0045,40.41408],[-0.00321,40.4155],[-0.00142,40.41667],[-0.00055,40.41701],[0.00112,40.41732],[0.00363,40.41674],[0.004,40.41683],[0.00426,40.41744],[0.0045,40.41939],[0.00441,40.42063],[0.00415,40.42142],[0.00328,40.42251],[0.00397,40.42485],[0.00434,40.42806],[0.00484,40.42969],[0.00522,40.4318],[0.00321,40.43461],[0.00188,40.43573],[0.00031,40.43642],[-0.0024,40.437],[-0.00895,40.43899],[-0.01428,40.44141],[-0.01532,40.44172],[-0.01727,40.44221],[-0.01842,40.44227],[-0.02628,40.44189],[-0.03479,40.44363],[-0.03821,40.44408],[-0.03886,40.44442],[-0.03925,40.44496],[-0.04007,40.44984],[-0.04044,40.45051],[-0.04097,40.45263],[-0.04072,40.45398],[-0.04041,40.45453],[-0.03974,40.45533],[-0.03831,40.45628],[-0.03927,40.45658],[-0.04306,40.45694],[-0.04463,40.45648],[-0.04571,40.45635],[-0.04707,40.45644],[-0.05003,40.45574],[-0.05212,40.4555],[-0.05247,40.4556],[-0.05298,40.45663],[-0.05347,40.45705],[-0.05437,40.45829],[-0.05654,40.45986],[-0.05695,40.46035],[-0.05789,40.46047],[-0.05952,40.46034],[-0.06147,40.45991],[-0.06318,40.45993],[-0.06297,40.46015],[-0.06309,40.46082],[-0.06283,40.46166],[-0.06384,40.46315],[-0.06405,40.46405],[-0.06305,40.46487],[-0.06305,40.46545],[-0.06184,40.46637],[-0.06157,40.46693],[-0.06096,40.4676],[-0.05989,40.46845],[-0.05986,40.46907],[-0.06034,40.46996],[-0.06029,40.47134],[-0.05943,40.47249],[-0.05929,40.47327],[-0.05894,40.47401],[-0.05801,40.47497],[-0.05634,40.47593],[-0.05583,40.47645],[-0.05514,40.47682],[-0.05458,40.4776],[-0.0539,40.47799],[-0.05328,40.47931],[-0.05368,40.48007],[-0.05387,40.48175],[-0.05314,40.48218],[-0.05227,40.4834],[-0.05068,40.4846],[-0.05045,40.48511],[-0.04971,40.48575],[-0.04862,40.48772],[-0.04754,40.48879],[-0.04746,40.48912],[-0.04767,40.48968],[-0.04765,40.49024],[-0.04741,40.49073],[-0.04726,40.49173],[-0.04691,40.49224],[-0.04561,40.49304],[-0.04504,40.49374],[-0.04384,40.49439],[-0.04284,40.4946],[-0.04277,40.49515],[-0.04326,40.49608],[-0.04309,40.4968],[-0.04316,40.49727],[-0.0426,40.49796],[-0.04151,40.49855],[-0.04109,40.49977],[-0.04193,40.50152],[-0.04309,40.50271],[-0.04659,40.50246],[-0.04814,40.50362],[-0.04843,40.50414],[-0.0482,40.50508],[-0.04833,40.50617],[-0.04791,40.50664],[-0.04792,40.5069],[-0.04828,40.50715],[-0.0494,40.50728],[-0.04978,40.50753],[-0.05092,40.50898],[-0.05103,40.51012],[-0.05226,40.51121],[-0.05246,40.51223],[-0.05643,40.51551],[-0.05681,40.51565],[-0.05754,40.51514],[-0.05944,40.51567],[-0.06147,40.51662],[-0.06223,40.51717],[-0.06349,40.51757],[-0.06496,40.51849],[-0.06576,40.51931],[-0.06691,40.51979],[-0.06872,40.51986],[-0.07049,40.51959],[-0.07082,40.52044],[-0.07075,40.52227],[-0.07021,40.52299],[-0.07005,40.5236],[-0.06952,40.52439],[-0.06942,40.52598],[-0.06977,40.52682],[-0.0707,40.52767],[-0.06892,40.52907],[-0.06757,40.5296],[-0.06723,40.52989],[-0.06718,40.53066],[-0.06764,40.53125],[-0.06822,40.53307],[-0.06813,40.53369],[-0.06751,40.53398],[-0.06689,40.53398],[-0.06587,40.53358],[-0.06386,40.53347],[-0.0622,40.53318],[-0.06045,40.53268],[-0.05897,40.53203],[-0.05625,40.5328],[-0.05454,40.53285],[-0.05326,40.53363],[-0.05061,40.5337],[-0.05021,40.5344],[-0.05018,40.53475],[-0.0512,40.53572],[-0.05124,40.53649],[-0.05092,40.5369],[-0.04982,40.53771],[-0.04927,40.53908],[-0.04743,40.53879],[-0.04528,40.53898],[-0.0442,40.54035],[-0.04348,40.54093],[-0.04328,40.54184],[-0.04266,40.54259],[-0.04081,40.54309],[-0.03936,40.54425],[-0.03764,40.54486],[-0.03678,40.54548],[-0.03573,40.54664],[-0.03464,40.54723],[-0.03425,40.54803],[-0.03412,40.54956],[-0.03387,40.55011],[-0.03401,40.55084],[-0.03328,40.55148],[-0.03305,40.55199],[-0.03203,40.55302],[-0.03162,40.55404],[-0.03164,40.55489],[-0.03286,40.55625],[-0.03146,40.55764],[-0.03127,40.56081],[-0.03103,40.56145],[-0.0323,40.56248],[-0.03268,40.56409],[-0.03298,40.56461],[-0.03365,40.56522],[-0.03396,40.56646],[-0.03225,40.56788],[-0.0319,40.56839],[-0.03173,40.56924],[-0.03124,40.57001],[-0.03164,40.57127],[-0.03054,40.57246],[-0.03073,40.57317],[-0.03064,40.57455],[-0.02956,40.57571],[-0.0293,40.5762],[-0.02805,40.57627],[-0.02646,40.57602],[-0.02367,40.57674],[-0.02304,40.57641],[-0.02135,40.57603],[-0.0207,40.57567],[-0.01959,40.57553],[-0.01901,40.57522],[-0.01826,40.57552],[-0.01655,40.57554],[-0.01578,40.5757],[-0.01439,40.57546],[-0.01285,40.57561],[-0.01215,40.57549],[-0.01073,40.57564],[-0.00895,40.57638],[-0.00765,40.57671],[-0.00686,40.57747],[-0.00645,40.57765],[-0.00518,40.57728],[-0.00387,40.57716],[-0.0011,40.57604],[0.00071,40.57622],[0.00092,40.57634],[0.00111,40.57693],[0.00162,40.57758],[0.0018,40.58075],[0.0024,40.58199],[0.00245,40.58262],[0.00211,40.58329],[0.00116,40.58413],[0.00129,40.58511],[0.00019,40.58606],[-0.00159,40.58676],[-0.00256,40.58694],[-0.00412,40.58815],[-0.00516,40.58857],[-0.00546,40.58888],[-0.00568,40.58965],[-0.00743,40.59044],[-0.00918,40.59159],[-0.00996,40.59286],[-0.01287,40.59375],[-0.01298,40.5941],[-0.01292,40.59585],[-0.0132,40.59714],[-0.01351,40.59744],[-0.01454,40.59786],[-0.01618,40.59945],[-0.01629,40.60059],[-0.01714,40.60225],[-0.01744,40.60255],[-0.01846,40.60301],[-0.02037,40.60313],[-0.02303,40.60446],[-0.02758,40.6051],[-0.02907,40.60569],[-0.02954,40.60567],[-0.03013,40.60591],[-0.03057,40.6064],[-0.03204,40.60747],[-0.03216,40.60805],[-0.03193,40.60911],[-0.03198,40.61046],[-0.03159,40.611],[-0.03059,40.61151],[-0.02935,40.61245],[-0.02898,40.61583],[-0.03344,40.61656],[-0.03422,40.6171],[-0.03489,40.61727],[-0.03565,40.61781],[-0.0383,40.61915],[-0.03847,40.62008],[-0.03887,40.62084],[-0.04206,40.62183],[-0.04326,40.62198],[-0.04572,40.62323],[-0.04677,40.62314],[-0.04756,40.6234],[-0.0482,40.62391],[-0.04867,40.62466],[-0.04946,40.62512],[-0.05069,40.62532],[-0.05126,40.62587],[-0.05277,40.62662],[-0.05478,40.6272],[-0.05593,40.62811],[-0.05596,40.62826],[-0.0552,40.62917],[-0.05535,40.62987],[-0.05512,40.63038],[-0.05511,40.63102],[-0.05543,40.63183],[-0.05612,40.63251],[-0.05653,40.63366],[-0.05749,40.6345],[-0.05776,40.63496],[-0.05789,40.63609],[-0.05974,40.63682],[-0.0603,40.63738],[-0.06124,40.63779],[-0.06379,40.63991],[-0.06374,40.64037],[-0.06262,40.64175],[-0.06249,40.64321],[-0.06223,40.64377],[-0.06225,40.6441],[-0.06292,40.64444],[-0.06472,40.6446],[-0.06676,40.64598],[-0.06764,40.64677],[-0.06753,40.64742],[-0.06645,40.64754],[-0.06621,40.6477],[-0.06608,40.64915],[-0.06578,40.65014],[-0.06668,40.65149],[-0.0676,40.65231],[-0.06749,40.65273],[-0.06774,40.65369],[-0.0688,40.65622],[-0.06984,40.65695],[-0.0698,40.65879],[-0.06871,40.6598],[-0.06881,40.66063],[-0.06821,40.66173],[-0.06822,40.66242],[-0.06844,40.66307],[-0.06833,40.66391],[-0.06796,40.6644],[-0.06683,40.66519],[-0.06518,40.66561],[-0.06524,40.66606],[-0.06496,40.66653],[-0.06432,40.66741],[-0.06268,40.66864],[-0.06214,40.6702],[-0.06142,40.67065],[-0.06114,40.67143],[-0.06081,40.67159],[-0.05994,40.67102],[-0.05835,40.67093],[-0.05785,40.671],[-0.05703,40.6715],[-0.05669,40.67155],[-0.0546,40.67099],[-0.05376,40.67041],[-0.05257,40.67003],[-0.05093,40.66924],[-0.04995,40.66907],[-0.04829,40.66815],[-0.04816,40.66779],[-0.04842,40.66705],[-0.048,40.66645],[-0.04573,40.66606],[-0.04508,40.6657],[-0.04359,40.66531],[-0.04226,40.66452],[-0.04137,40.66437],[-0.03953,40.66363],[-0.03701,40.66142],[-0.03325,40.66056],[-0.02827,40.65828],[-0.0279,40.65833],[-0.02733,40.65882],[-0.02663,40.65884],[-0.02357,40.65748],[-0.02093,40.65714],[-0.01814,40.65771],[-0.01619,40.65757],[-0.0156,40.65848],[-0.01384,40.6586],[-0.0132,40.65911],[-0.01235,40.65867],[-0.01183,40.65808],[-0.01127,40.65781],[-0.00904,40.65836],[-0.00738,40.65856],[-0.00638,40.65835],[-0.00398,40.65826],[-0.00302,40.65803],[0.0001,40.65808],[0.00022,40.65773],[0.00014,40.65605],[0.0003,40.65573],[0.00178,40.65535],[0.00285,40.65489],[0.00316,40.6543],[0.00404,40.65361],[0.00574,40.65324],[0.00812,40.65217],[0.00871,40.65223],[0.0102,40.65198],[0.01216,40.64967],[0.01259,40.64889],[0.01299,40.64865],[0.01389,40.6485],[0.01511,40.6479],[0.01733,40.64809],[0.01824,40.64861],[0.02119,40.64942],[0.023,40.64906],[0.02511,40.65001],[0.02594,40.64924],[0.02692,40.64884],[0.02796,40.64805],[0.02907,40.64798],[0.0302,40.64874],[0.03047,40.65037],[0.0308,40.65057],[0.03261,40.65094],[0.0348,40.64985],[0.03622,40.65021],[0.03865,40.65041],[0.03961,40.65033],[0.04045,40.64993],[0.04189,40.65006],[0.04312,40.64947],[0.0447,40.64972],[0.04502,40.64946],[0.04546,40.64846],[0.04696,40.64741],[0.04794,40.64593],[0.0488,40.6455],[0.04948,40.64558],[0.05009,40.64546],[0.051,40.64575],[0.05281,40.64597],[0.05681,40.64483],[0.05786,40.64514],[0.05939,40.6451],[0.06174,40.6442],[0.06222,40.6445],[0.06247,40.64563],[0.06341,40.64602],[0.06371,40.64656],[0.06452,40.64715],[0.06717,40.64721],[0.06823,40.64755],[0.06914,40.64764],[0.07007,40.64805],[0.07074,40.64884],[0.07353,40.64844],[0.07448,40.64872],[0.07506,40.64863],[0.0769,40.64924],[0.0777,40.65015],[0.078,40.65025],[0.07883,40.65022],[0.07981,40.64994],[0.08044,40.64939],[0.0853,40.65049],[0.0876,40.65067],[0.08863,40.65048],[0.08988,40.65068],[0.09034,40.65133],[0.08961,40.65234],[0.08943,40.6537],[0.09094,40.6548],[0.09351,40.65545],[0.09532,40.65543],[0.09586,40.65531],[0.09721,40.6543],[0.09891,40.65421],[0.09992,40.65447],[0.10051,40.65511],[0.10028,40.65547],[0.09897,40.65628],[0.09816,40.65723],[0.09805,40.65837],[0.09749,40.65958],[0.0959,40.66057],[0.09625,40.66119],[0.09733,40.66204],[0.09769,40.66301],[0.0978,40.66409],[0.09799,40.66431],[0.09969,40.6645],[0.1014,40.66345],[0.10267,40.66326],[0.10374,40.66249],[0.10633,40.66389],[0.10764,40.66384],[0.1091,40.66324],[0.10971,40.6634],[0.11044,40.66368],[0.11134,40.66436],[0.11148,40.66552],[0.1117,40.66603],[0.11152,40.6668],[0.1117,40.66709],[0.114,40.6669],[0.11502,40.66733],[0.11615,40.66828],[0.11958,40.66809],[0.12093,40.66867],[0.12232,40.66902],[0.12444,40.66888],[0.12572,40.66965],[0.12836,40.67011],[0.12954,40.67087],[0.13177,40.67185],[0.13233,40.67225],[0.13292,40.67433],[0.13326,40.67479],[0.13402,40.67446],[0.13505,40.67444],[0.13656,40.67484],[0.13754,40.6753],[0.13848,40.67593],[0.13922,40.67666],[0.13987,40.6769],[0.14138,40.6767],[0.14234,40.67674],[0.14296,40.67718],[0.14331,40.6779],[0.14328,40.67815],[0.14288,40.6786],[0.14293,40.67906],[0.14354,40.6795],[0.14456,40.67984],[0.14533,40.68033],[0.14664,40.68009],[0.14836,40.67925],[0.14937,40.67921],[0.14962,40.67937],[0.15011,40.68044],[0.15105,40.68138],[0.15151,40.68158],[0.15374,40.68182],[0.15416,40.68203],[0.15533,40.68294],[0.15622,40.68392],[0.15752,40.68442],[0.15859,40.68541],[0.16,40.6863],[0.15998,40.6867],[0.15942,40.68784],[0.15901,40.68829],[0.15896,40.68868],[0.15909,40.68958],[0.15954,40.68985],[0.15982,40.69024],[0.15943,40.69231],[0.15954,40.69296],[0.15997,40.69344],[0.15904,40.6943],[0.15896,40.69486],[0.15911,40.69634],[0.16066,40.69694],[0.16085,40.69724],[0.16097,40.69951],[0.16117,40.70016],[0.16026,40.7017],[0.16024,40.70211],[0.16092,40.70289],[0.16284,40.70429],[0.16319,40.70476],[0.16292,40.7065],[0.16439,40.70729],[0.16538,40.70742],[0.16633,40.70804],[0.16713,40.70902],[0.16786,40.7096],[0.16867,40.71096],[0.16945,40.71181],[0.16954,40.71234],[0.16934,40.71285],[0.16928,40.71386],[0.16897,40.71438],[0.16806,40.71531],[0.17232,40.71646],[0.17382,40.71742],[0.1759,40.71774],[0.17639,40.71843],[0.17827,40.71977],[0.18017,40.72048],[0.18046,40.72149],[0.18138,40.72237],[0.18199,40.72237],[0.18269,40.72204],[0.18325,40.72223],[0.18379,40.72273],[0.18467,40.72317],[0.18657,40.72349],[0.18768,40.72399],[0.18865,40.72422],[0.19065,40.72427],[0.19277,40.72543],[0.19375,40.72565],[0.19605,40.72581],[0.19695,40.72512],[0.1972,40.72457],[0.19749,40.72452],[0.19838,40.72504],[0.19969,40.72538],[0.20087,40.72591],[0.20277,40.7257],[0.20414,40.72626],[0.20587,40.72653],[0.20626,40.72678],[0.20649,40.72729],[0.20719,40.72788],[0.20743,40.72862],[0.20797,40.72904],[0.20892,40.72932],[0.21011,40.72909],[0.21081,40.72912],[0.21238,40.72979],[0.21434,40.73138],[0.21657,40.73245],[0.21803,40.73266],[0.21917,40.73243],[0.22361,40.73231],[0.22555,40.7328],[0.2261,40.7332],[0.22631,40.73389],[0.227,40.73465],[0.22817,40.73525],[0.2297,40.73578],[0.23038,40.73643],[0.22912,40.73744],[0.22883,40.73798],[0.22889,40.73877],[0.22925,40.73928],[0.22997,40.73985],[0.23024,40.74041],[0.23154,40.74138],[0.2322,40.74232],[0.23266,40.7434],[0.2335,40.74416],[0.23375,40.74471],[0.2337,40.74607],[0.23474,40.74694],[0.23437,40.74744],[0.23441,40.74768],[0.23567,40.74898],[0.23763,40.7505],[0.23781,40.75135],[0.23825,40.75178],[0.23836,40.75215],[0.23814,40.75288],[0.23812,40.75421],[0.23776,40.7548],[0.23927,40.75497],[0.24005,40.75442],[0.24088,40.75412],[0.24244,40.75433],[0.24348,40.75458],[0.2451,40.75591],[0.24607,40.75636],[0.24658,40.75642],[0.24825,40.7563],[0.24992,40.75507],[0.2508,40.75623],[0.25144,40.75672],[0.2519,40.75691],[0.25302,40.75698],[0.25389,40.75736],[0.25428,40.75791],[0.25449,40.75882],[0.25619,40.75995],[0.26069,40.7601],[0.26175,40.76045],[0.26333,40.76064],[0.26439,40.76045],[0.26596,40.76059],[0.26675,40.7601],[0.2675,40.7586],[0.26801,40.75816],[0.26831,40.7581],[0.27092,40.75884],[0.2731,40.75839],[0.27403,40.75839],[0.27533,40.75915],[0.27883,40.75984],[0.2801,40.76038],[0.28192,40.76067],[0.28359,40.76135],[0.28416,40.76126],[0.28514,40.76145],[0.28664,40.76219],[0.28759,40.76242],[0.28797,40.76225],[0.28802,40.76101]]]}},{"type":"Feature","id":"19-0","properties":{"NomSistExp":"Serpis","Subsistema":"Río Serpis - Vernissa","Superf km2":996.12,"Area km2":996.12,"id":"19-0"},"geometry":{"type":"Polygon","coordinates":[[[-0.24593,38.77323],[-0.24678,38.77309],[-0.24726,38.77335],[-0.24894,38.77341],[-0.25084,38.77301],[-0.25253,38.77204],[-0.2559,38.76946],[-0.25662,38.76922],[-0.25819,38.76909],[-0.25994,38.76846],[-0.26034,38.76848],[-0.26138,38.769],[-0.26312,38.76894],[-0.26469,38.76923],[-0.26525,38.76911],[-0.26866,38.76665],[-0.26935,38.76583],[-0.2696,38.76512],[-0.27036,38.76503],[-0.27213,38.76424],[-0.27236,38.76397],[-0.2725,38.76298],[-0.27296,38.76248],[-0.27336,38.76128],[-0.27543,38.76127],[-0.2754,38.76065],[-0.27445,38.75895],[-0.27256,38.75717],[-0.27139,38.75578],[-0.27029,38.75502],[-0.26955,38.75495],[-0.26779,38.75425],[-0.26723,38.75315],[-0.26726,38.75062],[-0.2668,38.74987],[-0.26301,38.74694],[-0.26217,38.74645],[-0.25827,38.74569],[-0.25665,38.74603],[-0.25496,38.74697],[-0.25398,38.74729],[-0.25143,38.74695],[-0.24763,38.74746],[-0.24798,38.74692],[-0.24916,38.74592],[-0.25088,38.74406],[-0.25146,38.74367],[-0.25225,38.7436],[-0.25318,38.74395],[-0.25354,38.74438],[-0.25478,38.74461],[-0.25777,38.74343],[-0.26275,38.74249],[-0.26534,38.7418],[-0.26603,38.74154],[-0.26815,38.73961],[-0.27032,38.73814],[-0.27237,38.73733],[-0.27363,38.7361],[-0.27432,38.73596],[-0.27651,38.73615],[-0.27532,38.73552],[-0.27481,38.73498],[-0.27355,38.73288],[-0.27211,38.73225],[-0.27093,38.73153],[-0.27031,38.73094],[-0.27001,38.73026],[-0.26985,38.72951],[-0.26999,38.72671],[-0.26976,38.7262],[-0.26908,38.72565],[-0.26874,38.72516],[-0.26883,38.72414],[-0.27026,38.72138],[-0.27124,38.72],[-0.27211,38.71908],[-0.275,38.71774],[-0.27466,38.71688],[-0.27477,38.71671],[-0.27504,38.71671],[-0.27509,38.7165],[-0.27535,38.7165],[-0.27595,38.71715],[-0.2762,38.7172],[-0.27734,38.71682],[-0.27803,38.71617],[-0.27934,38.71613],[-0.28144,38.71516],[-0.28146,38.7148],[-0.28211,38.7139],[-0.28252,38.71155],[-0.2831,38.71087],[-0.28455,38.7099],[-0.28721,38.70885],[-0.28947,38.70759],[-0.2895,38.70774],[-0.2901,38.70774],[-0.29168,38.70999],[-0.29234,38.71031],[-0.29362,38.70987],[-0.29528,38.70883],[-0.29692,38.70807],[-0.2996,38.70637],[-0.29959,38.70555],[-0.29915,38.7044],[-0.29977,38.70347],[-0.30036,38.70316],[-0.30067,38.70212],[-0.30065,38.70147],[-0.29987,38.6994],[-0.29881,38.69918],[-0.29849,38.69889],[-0.29848,38.69805],[-0.29879,38.69721],[-0.29877,38.69646],[-0.29696,38.69508],[-0.29681,38.6944],[-0.29639,38.69388],[-0.2963,38.69305],[-0.29609,38.69267],[-0.2975,38.69066],[-0.29884,38.68816],[-0.29894,38.68723],[-0.29971,38.68652],[-0.29994,38.68388],[-0.30199,38.68293],[-0.30132,38.68195],[-0.30028,38.68122],[-0.2993,38.68084],[-0.29835,38.6807],[-0.29666,38.67926],[-0.2971,38.678],[-0.29694,38.67713],[-0.2956,38.67506],[-0.29856,38.67291],[-0.29832,38.67251],[-0.29828,38.67171],[-0.29806,38.6713],[-0.29808,38.67029],[-0.29761,38.66952],[-0.29652,38.66915],[-0.29583,38.66788],[-0.29526,38.66742],[-0.29338,38.66735],[-0.29234,38.66712],[-0.2888,38.6671],[-0.28745,38.66638],[-0.28561,38.66584],[-0.28563,38.66567],[-0.2851,38.66535],[-0.28468,38.66395],[-0.28481,38.66219],[-0.28518,38.66172],[-0.2853,38.66117],[-0.28595,38.66064],[-0.28611,38.65972],[-0.28538,38.65826],[-0.28503,38.6565],[-0.28456,38.65545],[-0.28469,38.65503],[-0.28547,38.65435],[-0.28562,38.65436],[-0.2857,38.65393],[-0.2882,38.65448],[-0.29164,38.65483],[-0.29409,38.65571],[-0.29705,38.65589],[-0.3007,38.65552],[-0.30681,38.65453],[-0.30944,38.65339],[-0.31098,38.6531],[-0.31613,38.65319],[-0.31732,38.65245],[-0.32209,38.65095],[-0.32555,38.64906],[-0.32777,38.6472],[-0.33057,38.64624],[-0.33127,38.64579],[-0.33323,38.64522],[-0.33433,38.6453],[-0.33491,38.64512],[-0.33589,38.64509],[-0.33664,38.64474],[-0.33807,38.64457],[-0.33856,38.64467],[-0.34011,38.64434],[-0.34033,38.64474],[-0.34046,38.64563],[-0.34142,38.64653],[-0.34148,38.64754],[-0.34172,38.64798],[-0.34261,38.64833],[-0.3446,38.65045],[-0.34628,38.65134],[-0.3496,38.65066],[-0.35357,38.65021],[-0.35531,38.64945],[-0.35718,38.64929],[-0.35823,38.64855],[-0.36181,38.65007],[-0.36229,38.64992],[-0.36326,38.64901],[-0.36386,38.64879],[-0.36513,38.64938],[-0.36702,38.64931],[-0.37176,38.64792],[-0.37389,38.64801],[-0.37549,38.64741],[-0.37716,38.64619],[-0.37819,38.64595],[-0.37809,38.6451],[-0.37951,38.64254],[-0.3796,38.64095],[-0.38011,38.64094],[-0.38026,38.64072],[-0.38134,38.64026],[-0.38313,38.64019],[-0.38361,38.63996],[-0.38562,38.64027],[-0.38854,38.64097],[-0.39166,38.64189],[-0.39296,38.64244],[-0.39336,38.64291],[-0.3955,38.64437],[-0.39722,38.64536],[-0.39753,38.64541],[-0.39762,38.64559],[-0.39988,38.64612],[-0.40179,38.64601],[-0.40248,38.64614],[-0.40248,38.64521],[-0.40314,38.64403],[-0.40381,38.64325],[-0.40373,38.64231],[-0.40465,38.64051],[-0.40528,38.64001],[-0.40653,38.63953],[-0.40733,38.63959],[-0.40824,38.64001],[-0.40965,38.63987],[-0.41036,38.64006],[-0.41098,38.6407],[-0.4122,38.64141],[-0.41459,38.64218],[-0.41545,38.64049],[-0.41591,38.63919],[-0.41666,38.6381],[-0.41715,38.63674],[-0.41858,38.63529],[-0.41915,38.63517],[-0.41962,38.63442],[-0.42045,38.6347],[-0.42237,38.63454],[-0.42403,38.63374],[-0.42517,38.63226],[-0.42574,38.63332],[-0.42798,38.63475],[-0.42878,38.63581],[-0.43022,38.63398],[-0.43164,38.63146],[-0.4371,38.62697],[-0.43955,38.62666],[-0.44309,38.62662],[-0.44566,38.62423],[-0.4474,38.62334],[-0.45101,38.62004],[-0.45264,38.61823],[-0.45474,38.61727],[-0.45944,38.61476],[-0.46165,38.61456],[-0.46374,38.61346],[-0.46578,38.61274],[-0.46934,38.61054],[-0.47061,38.61022],[-0.47221,38.60957],[-0.47418,38.60812],[-0.47626,38.60727],[-0.47845,38.60729],[-0.48495,38.60679],[-0.48792,38.60685],[-0.48992,38.6072],[-0.492,38.60782],[-0.49425,38.60796],[-0.49597,38.60858],[-0.49729,38.60969],[-0.49799,38.61053],[-0.5028,38.61314],[-0.50471,38.61484],[-0.50144,38.61535],[-0.49941,38.61636],[-0.49791,38.61757],[-0.49728,38.61865],[-0.49772,38.61991],[-0.49804,38.62302],[-0.4986,38.62513],[-0.49917,38.62632],[-0.50003,38.62731],[-0.50079,38.62918],[-0.50134,38.63409],[-0.50113,38.63558],[-0.5013,38.6374],[-0.5027,38.64062],[-0.50426,38.64328],[-0.50522,38.64559],[-0.50601,38.64794],[-0.50721,38.65085],[-0.50747,38.65241],[-0.50752,38.65358],[-0.50702,38.6547],[-0.5061,38.65564],[-0.50282,38.65796],[-0.50242,38.6584],[-0.50298,38.65869],[-0.50756,38.65836],[-0.52095,38.6565],[-0.52292,38.65694],[-0.52494,38.65777],[-0.52994,38.65804],[-0.53245,38.65777],[-0.53496,38.65793],[-0.53657,38.65837],[-0.53802,38.65909],[-0.53966,38.65876],[-0.54167,38.65886],[-0.54366,38.65923],[-0.54792,38.65909],[-0.55114,38.65795],[-0.55672,38.65657],[-0.55786,38.65583],[-0.55924,38.65577],[-0.56222,38.65747],[-0.56369,38.65801],[-0.56549,38.65836],[-0.56665,38.65844],[-0.57886,38.65802],[-0.58188,38.65835],[-0.58449,38.6584],[-0.58641,38.65818],[-0.58765,38.6573],[-0.58833,38.65646],[-0.58887,38.65449],[-0.58987,38.65297],[-0.59099,38.65206],[-0.59535,38.65143],[-0.60058,38.65117],[-0.60269,38.65213],[-0.60447,38.6542],[-0.60453,38.65563],[-0.60508,38.65654],[-0.60606,38.65719],[-0.60764,38.65734],[-0.61232,38.65725],[-0.61415,38.65788],[-0.61634,38.65912],[-0.61736,38.6605],[-0.61999,38.6631],[-0.62191,38.66586],[-0.62384,38.66596],[-0.62741,38.66662],[-0.62731,38.66743],[-0.62643,38.66833],[-0.62666,38.66977],[-0.62741,38.6715],[-0.62811,38.67366],[-0.62606,38.67486],[-0.62244,38.67762],[-0.61999,38.67898],[-0.62009,38.68008],[-0.62071,38.68188],[-0.62025,38.68424],[-0.61934,38.68616],[-0.61772,38.68725],[-0.61722,38.68869],[-0.61382,38.69069],[-0.61186,38.69232],[-0.60986,38.6933],[-0.60816,38.69436],[-0.6032,38.69524],[-0.59708,38.69902],[-0.59477,38.69991],[-0.59321,38.70017],[-0.5927,38.70121],[-0.59204,38.70189],[-0.59113,38.70328],[-0.58939,38.70453],[-0.58798,38.70486],[-0.58614,38.70614],[-0.58511,38.7078],[-0.58012,38.71015],[-0.57918,38.71106],[-0.57803,38.71589],[-0.57557,38.71785],[-0.57528,38.71887],[-0.5752,38.71992],[-0.57426,38.72129],[-0.57373,38.72322],[-0.57281,38.72448],[-0.57073,38.72547],[-0.57155,38.72624],[-0.57156,38.72714],[-0.57023,38.72792],[-0.5698,38.72937],[-0.56924,38.73029],[-0.56835,38.73112],[-0.56652,38.73235],[-0.56448,38.73309],[-0.56318,38.73394],[-0.56258,38.73533],[-0.56347,38.73897],[-0.56431,38.74096],[-0.56629,38.7442],[-0.56715,38.74619],[-0.56675,38.74697],[-0.56592,38.74758],[-0.56171,38.74966],[-0.56051,38.75087],[-0.55944,38.75236],[-0.55913,38.75387],[-0.55882,38.75452],[-0.55742,38.7548],[-0.55651,38.75555],[-0.55606,38.757],[-0.55551,38.75802],[-0.55444,38.75881],[-0.55323,38.75928],[-0.54998,38.75987],[-0.5487,38.75988],[-0.54301,38.76281],[-0.54159,38.7648],[-0.54022,38.76531],[-0.53321,38.76613],[-0.532,38.7666],[-0.52638,38.7669],[-0.52557,38.76727],[-0.5252,38.76875],[-0.52378,38.77159],[-0.52527,38.77737],[-0.52583,38.78463],[-0.52646,38.78629],[-0.52673,38.78796],[-0.52613,38.78966],[-0.52489,38.79196],[-0.52426,38.79352],[-0.52447,38.79561],[-0.52401,38.79798],[-0.52237,38.8012],[-0.52109,38.80666],[-0.51966,38.80711],[-0.51661,38.80705],[-0.51482,38.80717],[-0.51158,38.80685],[-0.50769,38.80677],[-0.5049,38.80626],[-0.50297,38.80646],[-0.50014,38.80643],[-0.49722,38.80596],[-0.49481,38.80592],[-0.4934,38.80599],[-0.49078,38.80657],[-0.48688,38.80686],[-0.48352,38.80646],[-0.48019,38.80523],[-0.47775,38.80507],[-0.47607,38.80458],[-0.47551,38.80426],[-0.47428,38.80405],[-0.47251,38.80451],[-0.47069,38.8046],[-0.46978,38.80448],[-0.46835,38.80403],[-0.46713,38.80394],[-0.46486,38.80486],[-0.46348,38.80524],[-0.46286,38.80588],[-0.46219,38.80826],[-0.46255,38.81134],[-0.46129,38.81396],[-0.46039,38.81536],[-0.45986,38.81579],[-0.45891,38.81618],[-0.45547,38.81707],[-0.45136,38.81793],[-0.45014,38.81802],[-0.44945,38.81827],[-0.44834,38.81956],[-0.44745,38.81995],[-0.44441,38.82066],[-0.44372,38.82101],[-0.44311,38.82213],[-0.4419,38.82345],[-0.44085,38.82403],[-0.43929,38.82458],[-0.43681,38.82587],[-0.43549,38.82631],[-0.43314,38.82628],[-0.43047,38.82674],[-0.42639,38.82822],[-0.42491,38.82851],[-0.42221,38.8287],[-0.42057,38.82955],[-0.41774,38.83057],[-0.41664,38.83095],[-0.41363,38.83157],[-0.4127,38.832],[-0.40695,38.83283],[-0.40437,38.83345],[-0.40376,38.83379],[-0.40333,38.83611],[-0.404,38.83792],[-0.404,38.83857],[-0.40378,38.83917],[-0.403,38.83964],[-0.4022,38.83943],[-0.40057,38.83867],[-0.39915,38.83857],[-0.39621,38.83709],[-0.39421,38.8363],[-0.39195,38.83462],[-0.39097,38.83435],[-0.38738,38.83373],[-0.38494,38.83527],[-0.38422,38.83535],[-0.38308,38.83489],[-0.38219,38.83495],[-0.38032,38.83538],[-0.37916,38.83609],[-0.37707,38.83699],[-0.37404,38.83971],[-0.37081,38.8414],[-0.37059,38.84187],[-0.36719,38.84408],[-0.36472,38.84531],[-0.36101,38.84649],[-0.3601,38.84696],[-0.35907,38.84838],[-0.35809,38.84883],[-0.35649,38.84889],[-0.35549,38.84947],[-0.35464,38.8506],[-0.35386,38.85202],[-0.35364,38.85364],[-0.352,38.8545],[-0.35105,38.85557],[-0.35068,38.85634],[-0.35185,38.85594],[-0.35428,38.85568],[-0.3574,38.85614],[-0.35948,38.85582],[-0.36147,38.85583],[-0.36503,38.8553],[-0.36707,38.85529],[-0.36802,38.85559],[-0.36896,38.85668],[-0.36906,38.85722],[-0.36887,38.8581],[-0.36903,38.85896],[-0.37287,38.86168],[-0.37322,38.8621],[-0.37341,38.86267],[-0.37313,38.86335],[-0.37319,38.86387],[-0.37432,38.86585],[-0.37439,38.86633],[-0.37372,38.86836],[-0.37328,38.8692],[-0.37026,38.87259],[-0.36825,38.87384],[-0.36797,38.87429],[-0.36791,38.8751],[-0.36809,38.87564],[-0.36861,38.87605],[-0.36628,38.87857],[-0.36404,38.88258],[-0.36329,38.88345],[-0.36182,38.8846],[-0.36151,38.88526],[-0.36194,38.88619],[-0.36313,38.88749],[-0.36433,38.88935],[-0.36568,38.89105],[-0.36718,38.89412],[-0.36807,38.89551],[-0.36858,38.89602],[-0.36971,38.89667],[-0.37011,38.8972],[-0.37021,38.89777],[-0.37004,38.89907],[-0.37072,38.90169],[-0.37475,38.90241],[-0.37497,38.90351],[-0.37463,38.90447],[-0.37421,38.9051],[-0.37363,38.90552],[-0.37306,38.90575],[-0.36882,38.90641],[-0.36801,38.9069],[-0.36744,38.90825],[-0.36739,38.90916],[-0.3677,38.91042],[-0.36872,38.91107],[-0.36966,38.91132],[-0.37549,38.91217],[-0.3766,38.91191],[-0.3781,38.91182],[-0.37932,38.91251],[-0.37985,38.91346],[-0.37988,38.91398],[-0.37909,38.91654],[-0.37901,38.91739],[-0.37959,38.91866],[-0.38027,38.91931],[-0.37872,38.91939],[-0.3777,38.91967],[-0.37616,38.92109],[-0.37439,38.92155],[-0.37276,38.92236],[-0.37092,38.92374],[-0.36977,38.92411],[-0.36812,38.92493],[-0.36526,38.92596],[-0.36447,38.92601],[-0.36387,38.92624],[-0.36301,38.92726],[-0.36286,38.92809],[-0.36335,38.93025],[-0.36329,38.93202],[-0.3613,38.93608],[-0.36213,38.93725],[-0.36447,38.93807],[-0.36479,38.93887],[-0.36297,38.94179],[-0.3624,38.94312],[-0.36231,38.94387],[-0.3627,38.94464],[-0.36332,38.94501],[-0.36639,38.94626],[-0.36865,38.94742],[-0.36609,38.94788],[-0.3655,38.94883],[-0.36538,38.94956],[-0.3656,38.95006],[-0.36564,38.95091],[-0.36377,38.95239],[-0.36313,38.95371],[-0.36126,38.95463],[-0.36018,38.95633],[-0.35932,38.95702],[-0.35764,38.9575],[-0.357,38.95823],[-0.35621,38.95877],[-0.35463,38.95904],[-0.35391,38.95982],[-0.35354,38.96053],[-0.35234,38.9616],[-0.35095,38.96327],[-0.34945,38.96456],[-0.35151,38.96745],[-0.35131,38.9685],[-0.35191,38.96939],[-0.3525,38.9697],[-0.35283,38.97022],[-0.3527,38.97069],[-0.35192,38.97187],[-0.35174,38.97267],[-0.35205,38.97346],[-0.35294,38.97464],[-0.35308,38.97554],[-0.35112,38.98203],[-0.35246,38.98308],[-0.35272,38.98351],[-0.35269,38.98473],[-0.35356,38.98918],[-0.35493,38.99119],[-0.35515,38.99178],[-0.3548,38.99376],[-0.35539,38.99508],[-0.35661,38.99627],[-0.35654,38.99689],[-0.35595,38.99735],[-0.35245,38.99904],[-0.35021,38.99941],[-0.34963,38.99969],[-0.3494,39.00145],[-0.34857,39.00244],[-0.34722,39.00306],[-0.34445,39.00406],[-0.34201,39.0044],[-0.34068,39.00422],[-0.33984,39.00393],[-0.33916,39.00453],[-0.33584,39.0053],[-0.33745,39.00529],[-0.33878,39.00469],[-0.33931,39.00505],[-0.33926,39.00553],[-0.338,39.0065],[-0.33765,39.00698],[-0.33723,39.00895],[-0.33782,39.01],[-0.33988,39.01177],[-0.34072,39.01366],[-0.34096,39.01462],[-0.3408,39.01506],[-0.34092,39.01565],[-0.34058,39.01637],[-0.33747,39.01876],[-0.33709,39.02003],[-0.33699,39.02163],[-0.33683,39.02207],[-0.33922,39.02451],[-0.33886,39.02492],[-0.33812,39.02497],[-0.33775,39.02516],[-0.33777,39.02534],[-0.33962,39.02467],[-0.33898,39.02605],[-0.33926,39.02687],[-0.34183,39.02912],[-0.34256,39.02947],[-0.3457,39.02844],[-0.34606,39.02872],[-0.34656,39.02874],[-0.3469,39.03075],[-0.34657,39.03251],[-0.34703,39.03395],[-0.34788,39.0352],[-0.34794,39.03647],[-0.3482,39.03701],[-0.34895,39.03721],[-0.35064,39.03706],[-0.35133,39.03733],[-0.35353,39.03887],[-0.3542,39.03951],[-0.35521,39.04108],[-0.35552,39.0432],[-0.35635,39.04442],[-0.35695,39.04462],[-0.35767,39.04436],[-0.36004,39.0453],[-0.36253,39.04538],[-0.36539,39.0448],[-0.36628,39.04495],[-0.36668,39.04557],[-0.36634,39.04649],[-0.36646,39.04729],[-0.36726,39.04806],[-0.36958,39.04909],[-0.37045,39.04912],[-0.37106,39.04959],[-0.37283,39.05042],[-0.37435,39.05159],[-0.37549,39.05193],[-0.37815,39.05319],[-0.37923,39.0534],[-0.38071,39.05438],[-0.38079,39.05473],[-0.3816,39.05484],[-0.38295,39.0556],[-0.3834,39.0557],[-0.38402,39.05637],[-0.38481,39.05641],[-0.38522,39.0576],[-0.38513,39.05785],[-0.38548,39.05791],[-0.38617,39.0585],[-0.38633,39.05906],[-0.38594,39.06031],[-0.38585,39.06166],[-0.38642,39.0623],[-0.38752,39.06299],[-0.3872,39.06341],[-0.38579,39.06405],[-0.38115,39.06514],[-0.38055,39.06632],[-0.38032,39.06782],[-0.37996,39.06854],[-0.37809,39.0695],[-0.37642,39.06935],[-0.37579,39.07014],[-0.37295,39.07264],[-0.37286,39.07312],[-0.37238,39.07368],[-0.37224,39.07446],[-0.37146,39.07539],[-0.37107,39.07637],[-0.37001,39.07637],[-0.36939,39.0766],[-0.36907,39.077],[-0.36497,39.07671],[-0.36378,39.07729],[-0.36259,39.0767],[-0.36163,39.07653],[-0.36047,39.07587],[-0.36014,39.07604],[-0.36028,39.07648],[-0.35988,39.07682],[-0.3598,39.07764],[-0.3588,39.08008],[-0.35871,39.08091],[-0.35815,39.08172],[-0.35751,39.08349],[-0.35681,39.08433],[-0.35595,39.08411],[-0.35375,39.08296],[-0.35104,39.08291],[-0.35058,39.08337],[-0.35013,39.08444],[-0.34948,39.08505],[-0.34862,39.08507],[-0.34752,39.08541],[-0.34322,39.08579],[-0.33933,39.08755],[-0.33815,39.08827],[-0.33727,39.08899],[-0.33687,39.08982],[-0.33674,39.09334],[-0.33718,39.094],[-0.33687,39.09469],[-0.33725,39.09672],[-0.33596,39.09747],[-0.33524,39.0982],[-0.33424,39.0983],[-0.33262,39.10005],[-0.3293,39.09877],[-0.32827,39.09799],[-0.32721,39.0979],[-0.32514,39.09657],[-0.32021,39.09429],[-0.31896,39.09331],[-0.31715,39.09266],[-0.31673,39.09225],[-0.31593,39.09209],[-0.31406,39.09282],[-0.31276,39.09254],[-0.31058,39.09159],[-0.31001,39.09084],[-0.30881,39.08997],[-0.30875,39.08843],[-0.3086,39.08803],[-0.30703,39.08795],[-0.30629,39.08766],[-0.30422,39.08576],[-0.30303,39.08503],[-0.30179,39.08484],[-0.3007,39.08397],[-0.3004,39.08354],[-0.29984,39.08326],[-0.29909,39.084],[-0.2971,39.08764],[-0.29669,39.08927],[-0.29665,39.09098],[-0.29759,39.09416],[-0.2981,39.09539],[-0.30119,39.09626],[-0.30315,39.09716],[-0.30514,39.09877],[-0.30835,39.10078],[-0.31016,39.10214],[-0.31084,39.103],[-0.31078,39.10343],[-0.30991,39.10421],[-0.3099,39.10448],[-0.30924,39.10509],[-0.30836,39.10538],[-0.30734,39.10623],[-0.30517,39.10866],[-0.30479,39.10971],[-0.30495,39.11084],[-0.30469,39.11127],[-0.30492,39.11189],[-0.30399,39.11306],[-0.30303,39.11388],[-0.30206,39.11443],[-0.30124,39.11412],[-0.29909,39.11263],[-0.29645,39.11165],[-0.29526,39.1121],[-0.29466,39.11263],[-0.29415,39.11268],[-0.29281,39.11261],[-0.29208,39.11223],[-0.28991,39.11177],[-0.28821,39.11392],[-0.28432,39.11638],[-0.27326,39.12213],[-0.26403,39.11692],[-0.26427,39.11767],[-0.26425,39.11881],[-0.26355,39.11977],[-0.26227,39.12066],[-0.26092,39.12089],[-0.25993,39.12082],[-0.2586,39.12018],[-0.25834,39.11957],[-0.25727,39.11839],[-0.2561,39.11772],[-0.25486,39.11731],[-0.25315,39.11594],[-0.25288,39.11562],[-0.25272,39.11473],[-0.25204,39.1145],[-0.25106,39.11376],[-0.25074,39.11373],[-0.24958,39.11448],[-0.24862,39.11461],[-0.24782,39.11512],[-0.24684,39.11546],[-0.24574,39.11619],[-0.24488,39.11631],[-0.24474,39.11656],[-0.24622,39.11789],[-0.24644,39.11846],[-0.24754,39.11984],[-0.2484,39.12059],[-0.25037,39.12148],[-0.25183,39.12185],[-0.25266,39.12243],[-0.25329,39.12263],[-0.25341,39.12316],[-0.25332,39.12374],[-0.25237,39.12446],[-0.25053,39.12479],[-0.24918,39.12576],[-0.24858,39.12601],[-0.24403,39.12592],[-0.24277,39.12611],[-0.24103,39.12579],[-0.2398,39.12529],[-0.23904,39.12454],[-0.23785,39.1241],[-0.23588,39.12227],[-0.23539,39.12146],[-0.23331,39.11957],[-0.23074,39.1201],[-0.231,39.12102],[-0.23218,39.12279],[-0.2312,39.12327],[-0.23127,39.12419],[-0.23066,39.12461],[-0.23037,39.12458],[-0.23024,39.12445],[-0.23049,39.12445],[-0.23047,39.12383],[-0.23,39.12306],[-0.22958,39.12288],[-0.22985,39.12262],[-0.22898,39.12119],[-0.22871,39.12116],[-0.22909,39.12093],[-0.22887,39.12019],[-0.22822,39.11909],[-0.22787,39.11914],[-0.2281,39.119],[-0.22811,39.11877],[-0.22744,39.11759],[-0.22696,39.1177],[-0.22742,39.11749],[-0.22754,39.11691],[-0.22721,39.11599],[-0.22496,39.11131],[-0.22378,39.10944],[-0.22209,39.10583],[-0.22189,39.10575],[-0.22205,39.1056],[-0.22182,39.10552],[-0.222,39.10541],[-0.22099,39.10342],[-0.22083,39.10271],[-0.21982,39.1007],[-0.21959,39.09984],[-0.21928,39.09928],[-0.21896,39.09921],[-0.21921,39.09913],[-0.21897,39.09902],[-0.2192,39.09895],[-0.21919,39.09871],[-0.21838,39.09698],[-0.21832,39.09657],[-0.21644,39.09276],[-0.21635,39.09227],[-0.21529,39.09031],[-0.21522,39.08954],[-0.21452,39.08856],[-0.2144,39.08765],[-0.21406,39.08731],[-0.21354,39.08582],[-0.21299,39.08504],[-0.21118,39.0812],[-0.21076,39.08071],[-0.20986,39.0783],[-0.20871,39.07597],[-0.20546,39.07039],[-0.20435,39.06773],[-0.20359,39.06665],[-0.20346,39.066],[-0.20275,39.06473],[-0.20207,39.06403],[-0.19913,39.05871],[-0.19877,39.05836],[-0.19817,39.05835],[-0.19829,39.05819],[-0.19891,39.05825],[-0.19884,39.05801],[-0.19857,39.05795],[-0.19878,39.05783],[-0.19874,39.05759],[-0.19787,39.05623],[-0.19743,39.05518],[-0.19684,39.05458],[-0.19679,39.05416],[-0.19647,39.0538],[-0.19627,39.05323],[-0.19494,39.05152],[-0.19466,39.05076],[-0.19401,39.05006],[-0.19112,39.04542],[-0.19056,39.04477],[-0.18953,39.04273],[-0.18802,39.04098],[-0.18597,39.03761],[-0.1827,39.03318],[-0.18219,39.03223],[-0.18166,39.03179],[-0.18071,39.03015],[-0.17946,39.02898],[-0.17801,39.02681],[-0.174,39.02177],[-0.17378,39.02117],[-0.17211,39.0194],[-0.1716,39.01846],[-0.16964,39.01628],[-0.16861,39.01462],[-0.16784,39.01379],[-0.16786,39.01353],[-0.16749,39.01291],[-0.16677,39.01224],[-0.16623,39.01132],[-0.16578,39.01103],[-0.16544,39.01032],[-0.1644,39.00933],[-0.16167,39.00555],[-0.16099,39.00501],[-0.16054,39.0042],[-0.15727,39.00035],[-0.15628,38.99845],[-0.14489,38.99557],[-0.14429,38.99528],[-0.14431,38.99506],[-0.14474,38.99498],[-0.14495,38.99518],[-0.15142,38.99683],[-0.15258,38.99684],[-0.15293,38.99726],[-0.15629,38.99811],[-0.1568,38.99787],[-0.15658,38.99754],[-0.15609,38.99774],[-0.15654,38.9975],[-0.15633,38.9972],[-0.15543,38.99751],[-0.15626,38.99715],[-0.15593,38.99665],[-0.15438,38.99729],[-0.15511,38.99691],[-0.155,38.99669],[-0.15388,38.99707],[-0.15492,38.99665],[-0.15478,38.99641],[-0.15328,38.99696],[-0.15306,38.99697],[-0.15298,38.99681],[-0.15929,38.99459],[-0.15945,38.99434],[-0.15931,38.99398],[-0.16082,38.99352],[-0.16062,38.99333],[-0.16072,38.99319],[-0.16052,38.99289],[-0.16125,38.99259],[-0.16112,38.99239],[-0.15604,38.99429],[-0.15512,38.99459],[-0.15496,38.99437],[-0.15179,38.99552],[-0.15139,38.99522],[-0.15148,38.99496],[-0.15033,38.99403],[-0.15068,38.99377],[-0.15067,38.99357],[-0.14944,38.99289],[-0.14889,38.99293],[-0.14692,38.99446],[-0.14678,38.99443],[-0.14732,38.99381],[-0.15005,38.99177],[-0.15032,38.9916],[-0.15054,38.99177],[-0.15125,38.99179],[-0.15143,38.99143],[-0.15133,38.99048],[-0.15051,38.9898],[-0.15097,38.98969],[-0.15098,38.98935],[-0.14836,38.98514],[-0.14299,38.97846],[-0.13913,38.97425],[-0.1378,38.973],[-0.13531,38.97012],[-0.13474,38.96969],[-0.12789,38.9627],[-0.12703,38.96203],[-0.12122,38.95632],[-0.12089,38.95583],[-0.11986,38.95504],[-0.11742,38.95244],[-0.11588,38.95125],[-0.11248,38.94768],[-0.11148,38.94695],[-0.1092,38.94448],[-0.10876,38.94425],[-0.10712,38.9423],[-0.11084,38.94163],[-0.12258,38.94012],[-0.12352,38.93976],[-0.1249,38.93863],[-0.1259,38.93819],[-0.13053,38.93699],[-0.13555,38.93673],[-0.13881,38.93776],[-0.14059,38.93764],[-0.14485,38.93594],[-0.14813,38.9331],[-0.14661,38.93208],[-0.14617,38.93154],[-0.14718,38.9297],[-0.14633,38.92824],[-0.14768,38.92598],[-0.13962,38.92249],[-0.13765,38.92192],[-0.13623,38.92174],[-0.13525,38.92136],[-0.13644,38.91719],[-0.13686,38.91623],[-0.13753,38.91584],[-0.13935,38.91548],[-0.14019,38.91505],[-0.14241,38.91271],[-0.14563,38.91122],[-0.14727,38.91013],[-0.14938,38.90577],[-0.14948,38.90368],[-0.14997,38.90285],[-0.1505,38.90252],[-0.15675,38.90042],[-0.15752,38.89976],[-0.15866,38.89827],[-0.16158,38.89658],[-0.16206,38.89561],[-0.16191,38.8952],[-0.16195,38.89427],[-0.16248,38.89363],[-0.16253,38.89309],[-0.16123,38.89158],[-0.16112,38.88996],[-0.16017,38.88908],[-0.16018,38.8887],[-0.16062,38.88788],[-0.15945,38.8862],[-0.1594,38.8855],[-0.16004,38.88394],[-0.16064,38.88338],[-0.16216,38.8829],[-0.1627,38.88238],[-0.16271,38.88184],[-0.16321,38.88167],[-0.16398,38.88074],[-0.16592,38.88035],[-0.1676,38.87976],[-0.16878,38.8796],[-0.17438,38.87964],[-0.17745,38.87915],[-0.18051,38.87977],[-0.18396,38.8799],[-0.18507,38.87953],[-0.18593,38.87895],[-0.18692,38.87811],[-0.18742,38.87737],[-0.18827,38.87727],[-0.19002,38.87623],[-0.19092,38.87549],[-0.19099,38.87502],[-0.19135,38.87451],[-0.19279,38.87441],[-0.19375,38.87386],[-0.19611,38.87355],[-0.19716,38.87284],[-0.19965,38.87187],[-0.20099,38.87067],[-0.20466,38.86957],[-0.20511,38.86891],[-0.20541,38.86877],[-0.20593,38.8689],[-0.20692,38.86808],[-0.20778,38.86787],[-0.20975,38.86826],[-0.21018,38.8679],[-0.2105,38.86789],[-0.21056,38.86768],[-0.2128,38.86733],[-0.2137,38.86752],[-0.21669,38.86761],[-0.21706,38.86768],[-0.21824,38.86842],[-0.21939,38.86947],[-0.22018,38.86949],[-0.22137,38.86913],[-0.22515,38.86672],[-0.22621,38.86489],[-0.23037,38.86347],[-0.23344,38.86319],[-0.23568,38.86139],[-0.23602,38.86147],[-0.23622,38.86131],[-0.23694,38.86129],[-0.2382,38.86168],[-0.23941,38.86079],[-0.24043,38.86085],[-0.24133,38.8599],[-0.24264,38.8605],[-0.24311,38.86039],[-0.24425,38.85971],[-0.24459,38.85914],[-0.24632,38.85839],[-0.24709,38.85787],[-0.24763,38.85716],[-0.24951,38.8564],[-0.24983,38.85602],[-0.24998,38.85479],[-0.25063,38.85361],[-0.25122,38.85318],[-0.2525,38.85284],[-0.25335,38.85221],[-0.25318,38.85081],[-0.25288,38.85007],[-0.25195,38.8487],[-0.25159,38.84716],[-0.25102,38.84619],[-0.25027,38.84544],[-0.25061,38.84536],[-0.25045,38.84526],[-0.25076,38.84483],[-0.25185,38.84473],[-0.25288,38.84438],[-0.25406,38.84448],[-0.25433,38.84437],[-0.25435,38.84413],[-0.25382,38.84343],[-0.25405,38.8422],[-0.25327,38.84132],[-0.2523,38.84087],[-0.25301,38.84017],[-0.25329,38.83888],[-0.25292,38.83859],[-0.25242,38.83774],[-0.25302,38.83697],[-0.25425,38.83632],[-0.25728,38.83529],[-0.25744,38.83489],[-0.25817,38.83476],[-0.25869,38.83413],[-0.26038,38.83316],[-0.26687,38.83302],[-0.26729,38.83234],[-0.26824,38.83225],[-0.26931,38.83128],[-0.27042,38.83081],[-0.27058,38.83047],[-0.27165,38.82981],[-0.2724,38.8299],[-0.2765,38.82812],[-0.27669,38.82766],[-0.27737,38.82706],[-0.27769,38.82631],[-0.27873,38.82606],[-0.28034,38.82617],[-0.28102,38.82595],[-0.28127,38.82565],[-0.28234,38.82538],[-0.28293,38.82485],[-0.28486,38.82462],[-0.28856,38.82344],[-0.28876,38.82319],[-0.29108,38.82243],[-0.293,38.82107],[-0.29394,38.82061],[-0.29574,38.82058],[-0.29724,38.82025],[-0.29817,38.81894],[-0.29828,38.81749],[-0.29856,38.81749],[-0.29858,38.81727],[-0.29786,38.817],[-0.29676,38.81533],[-0.29475,38.81385],[-0.29438,38.81368],[-0.29363,38.81396],[-0.29266,38.81398],[-0.29259,38.81341],[-0.29206,38.81248],[-0.29056,38.81115],[-0.29043,38.81024],[-0.28976,38.80956],[-0.28905,38.80789],[-0.28813,38.80718],[-0.2877,38.80731],[-0.28615,38.80703],[-0.28552,38.80677],[-0.28517,38.80637],[-0.28381,38.80636],[-0.28296,38.80673],[-0.28197,38.80672],[-0.28075,38.80516],[-0.2796,38.80466],[-0.27834,38.80462],[-0.27648,38.80544],[-0.2754,38.80545],[-0.27456,38.80441],[-0.27395,38.80408],[-0.27267,38.80458],[-0.27189,38.80509],[-0.27032,38.80565],[-0.26953,38.80616],[-0.26899,38.80626],[-0.26777,38.80725],[-0.26469,38.80747],[-0.26477,38.80633],[-0.26528,38.80555],[-0.26575,38.80403],[-0.26629,38.80356],[-0.26688,38.80268],[-0.26695,38.8006],[-0.26647,38.79936],[-0.26692,38.79847],[-0.2664,38.79696],[-0.26506,38.79561],[-0.26445,38.79388],[-0.26446,38.79353],[-0.26385,38.79314],[-0.26359,38.79267],[-0.26345,38.79176],[-0.26284,38.79151],[-0.26113,38.7918],[-0.26051,38.79132],[-0.26034,38.79081],[-0.25862,38.79042],[-0.25826,38.79061],[-0.25774,38.7906],[-0.25681,38.79032],[-0.25598,38.78975],[-0.25454,38.78959],[-0.25383,38.7888],[-0.25297,38.78834],[-0.25104,38.78823],[-0.25094,38.78735],[-0.2497,38.78687],[-0.25001,38.7856],[-0.24798,38.78474],[-0.24688,38.78367],[-0.24648,38.78379],[-0.2453,38.78345],[-0.24362,38.7836],[-0.24287,38.78399],[-0.24267,38.78368],[-0.24235,38.78288],[-0.24234,38.78223],[-0.24277,38.78081],[-0.24299,38.78061],[-0.24302,38.77962],[-0.24293,38.77933],[-0.2423,38.77866],[-0.24332,38.77808],[-0.24362,38.77767],[-0.24258,38.77734],[-0.24208,38.77686],[-0.24251,38.77619],[-0.24299,38.77466],[-0.24368,38.77344],[-0.24477,38.77309],[-0.24593,38.77323]],[[-0.33278,39.00575],[-0.33463,39.00616],[-0.33515,39.00593],[-0.33532,39.00559],[-0.33387,39.00522],[-0.33278,39.00575]],[[-0.33141,39.00664],[-0.33184,39.00619],[-0.33123,39.00643],[-0.33122,39.00677],[-0.33141,39.00664]]]}},{"type":"Feature","id":"20-0","properties":{"NomSistExp":"Júcar","Subsistema":"Río Cabriel","Superf km2":4669.61,"Area km2":4669.61,"id":"20-0"},"geometry":{"type":"Polygon","coordinates":[[[-1.41206,39.56103],[-1.41035,39.56101],[-1.40958,39.56126],[-1.40901,39.56227],[-1.40854,39.56254],[-1.40685,39.56252],[-1.40551,39.56223],[-1.40492,39.56125],[-1.4041,39.56054],[-1.40294,39.56008],[-1.4022,39.56006],[-1.40194,39.55951],[-1.40243,39.55873],[-1.4025,39.55818],[-1.40214,39.55691],[-1.40123,39.55634],[-1.40071,39.55577],[-1.39863,39.55511],[-1.39832,39.55414],[-1.39702,39.55423],[-1.39568,39.55406],[-1.39439,39.55443],[-1.39333,39.55382],[-1.39201,39.55398],[-1.39084,39.55371],[-1.38999,39.55286],[-1.38846,39.5523],[-1.38758,39.55152],[-1.38585,39.55142],[-1.38502,39.55102],[-1.38356,39.55088],[-1.38214,39.54964],[-1.38048,39.54919],[-1.37933,39.54926],[-1.37811,39.54822],[-1.37701,39.54809],[-1.3764,39.5478],[-1.37607,39.54807],[-1.3746,39.54842],[-1.37321,39.54936],[-1.37277,39.54904],[-1.37146,39.5488],[-1.3708,39.54928],[-1.3705,39.55],[-1.36945,39.54942],[-1.36698,39.54958],[-1.36589,39.54871],[-1.36414,39.54825],[-1.36296,39.54811],[-1.36238,39.54788],[-1.36134,39.54711],[-1.35874,39.54648],[-1.35842,39.54619],[-1.35778,39.546],[-1.35559,39.54477],[-1.35178,39.5446],[-1.35058,39.54386],[-1.35009,39.54334],[-1.34912,39.54296],[-1.34808,39.54219],[-1.34577,39.54104],[-1.34369,39.54038],[-1.34347,39.53965],[-1.34295,39.53916],[-1.34051,39.53811],[-1.33974,39.53728],[-1.33877,39.53693],[-1.33775,39.53618],[-1.33628,39.53604],[-1.33527,39.53566],[-1.33396,39.53582],[-1.3332,39.5356],[-1.33318,39.53488],[-1.33243,39.53292],[-1.33241,39.53221],[-1.3304,39.53176],[-1.32911,39.53166],[-1.32782,39.53129],[-1.32591,39.53138],[-1.32519,39.53101],[-1.3237,39.53091],[-1.32305,39.53051],[-1.32237,39.53056],[-1.32178,39.53106],[-1.32094,39.5305],[-1.32012,39.53028],[-1.3186,39.5313],[-1.318,39.5315],[-1.3169,39.53159],[-1.31605,39.53196],[-1.31457,39.53194],[-1.31286,39.5317],[-1.31043,39.53205],[-1.30978,39.53197],[-1.30926,39.53218],[-1.30865,39.53294],[-1.30748,39.53338],[-1.30647,39.53344],[-1.30577,39.53366],[-1.30425,39.53446],[-1.30193,39.53461],[-1.30108,39.53404],[-1.30005,39.53379],[-1.29843,39.53427],[-1.29756,39.5348],[-1.29635,39.53448],[-1.29574,39.5347],[-1.29521,39.53523],[-1.29457,39.53545],[-1.29329,39.53504],[-1.29197,39.53513],[-1.29008,39.53445],[-1.28972,39.53411],[-1.28905,39.53385],[-1.2861,39.53401],[-1.28507,39.53363],[-1.283,39.53449],[-1.28072,39.53609],[-1.28036,39.53583],[-1.27938,39.53594],[-1.27902,39.53532],[-1.27847,39.53485],[-1.27742,39.53445],[-1.27654,39.53378],[-1.27631,39.5335],[-1.27618,39.53266],[-1.27529,39.53191],[-1.27464,39.53143],[-1.27321,39.53103],[-1.27258,39.53],[-1.27256,39.52846],[-1.27217,39.52712],[-1.27081,39.52702],[-1.27044,39.52707],[-1.27018,39.52739],[-1.26956,39.52765],[-1.26853,39.52767],[-1.2681,39.52824],[-1.26744,39.52863],[-1.26693,39.52982],[-1.2661,39.53046],[-1.26431,39.53074],[-1.2629,39.53077],[-1.26194,39.53101],[-1.26131,39.53181],[-1.26068,39.53224],[-1.25964,39.53226],[-1.25894,39.53163],[-1.2576,39.53135],[-1.25602,39.53134],[-1.25544,39.53166],[-1.254,39.53129],[-1.2525,39.53139],[-1.25036,39.53042],[-1.24971,39.53049],[-1.24915,39.53027],[-1.24877,39.52975],[-1.24871,39.52917],[-1.24668,39.52914],[-1.24661,39.52993],[-1.24622,39.53023],[-1.24489,39.53067],[-1.24403,39.53023],[-1.24393,39.53106],[-1.24303,39.53172],[-1.24166,39.53177],[-1.24071,39.53155],[-1.23962,39.53154],[-1.23777,39.53254],[-1.23658,39.53274],[-1.23586,39.53262],[-1.23519,39.53279],[-1.23456,39.53213],[-1.23308,39.53132],[-1.23259,39.53035],[-1.23188,39.52969],[-1.23149,39.52861],[-1.23087,39.52803],[-1.22963,39.52726],[-1.22878,39.52648],[-1.22816,39.52562],[-1.22728,39.52547],[-1.22696,39.52511],[-1.22625,39.52475],[-1.2256,39.52319],[-1.22402,39.52313],[-1.22309,39.52285],[-1.22176,39.52208],[-1.22,39.5217],[-1.21935,39.52135],[-1.2174,39.52099],[-1.21474,39.52014],[-1.21335,39.52003],[-1.21162,39.51955],[-1.21098,39.51919],[-1.2098,39.51905],[-1.20874,39.5186],[-1.20837,39.51826],[-1.20774,39.51808],[-1.20649,39.51714],[-1.20524,39.51737],[-1.20452,39.51621],[-1.20262,39.51556],[-1.2013,39.51433],[-1.19962,39.51421],[-1.1992,39.51398],[-1.19886,39.51341],[-1.19875,39.51226],[-1.19807,39.51155],[-1.19799,39.51128],[-1.19345,39.51023],[-1.19214,39.50901],[-1.19034,39.50836],[-1.18983,39.50741],[-1.18869,39.50671],[-1.188,39.50648],[-1.18747,39.50586],[-1.18728,39.50534],[-1.1859,39.50393],[-1.18551,39.50369],[-1.18423,39.50341],[-1.18484,39.50192],[-1.18455,39.50017],[-1.18422,39.49966],[-1.18241,39.49881],[-1.18192,39.49843],[-1.18159,39.49708],[-1.1808,39.49688],[-1.18015,39.49721],[-1.1792,39.49743],[-1.17759,39.49718],[-1.17718,39.49687],[-1.17677,39.49593],[-1.1762,39.49547],[-1.17535,39.49532],[-1.17487,39.49497],[-1.1739,39.49484],[-1.17344,39.4945],[-1.17222,39.49462],[-1.17149,39.49426],[-1.17062,39.49411],[-1.16973,39.49336],[-1.16934,39.49131],[-1.16743,39.49008],[-1.1665,39.49025],[-1.16552,39.48991],[-1.16463,39.49044],[-1.16361,39.49045],[-1.16261,39.49013],[-1.1624,39.48963],[-1.16205,39.48935],[-1.16058,39.48899],[-1.15984,39.48849],[-1.15856,39.48852],[-1.15779,39.48798],[-1.1571,39.48779],[-1.15674,39.48743],[-1.15573,39.48725],[-1.15537,39.48784],[-1.15352,39.48783],[-1.15305,39.48767],[-1.15244,39.48773],[-1.15083,39.48707],[-1.15,39.48605],[-1.14904,39.48521],[-1.14868,39.4846],[-1.14558,39.48338],[-1.1446,39.48234],[-1.14394,39.48194],[-1.14372,39.48127],[-1.14312,39.4813],[-1.14269,39.48104],[-1.1423,39.4803],[-1.14146,39.47938],[-1.13952,39.4795],[-1.13776,39.47921],[-1.13711,39.47864],[-1.13618,39.47822],[-1.13568,39.47771],[-1.13384,39.47776],[-1.13244,39.47682],[-1.13166,39.47607],[-1.12965,39.47492],[-1.12901,39.47473],[-1.12679,39.47263],[-1.12619,39.47227],[-1.1257,39.47167],[-1.12328,39.46973],[-1.12293,39.4691],[-1.12004,39.46928],[-1.1173,39.46923],[-1.11625,39.46899],[-1.11649,39.46845],[-1.11552,39.46733],[-1.11517,39.46578],[-1.11435,39.46459],[-1.11298,39.46436],[-1.1113,39.46356],[-1.11046,39.46365],[-1.10799,39.463],[-1.108,39.46201],[-1.10785,39.46156],[-1.10803,39.46106],[-1.108,39.46043],[-1.10674,39.45928],[-1.10664,39.45871],[-1.10636,39.45867],[-1.10698,39.45662],[-1.10702,39.45577],[-1.10693,39.4554],[-1.1065,39.45488],[-1.10677,39.45358],[-1.10605,39.45106],[-1.10656,39.45031],[-1.10662,39.44892],[-1.10618,39.44819],[-1.10574,39.44688],[-1.10445,39.44673],[-1.103,39.44733],[-1.10155,39.44727],[-1.1009,39.44702],[-1.10012,39.44625],[-1.09878,39.44558],[-1.09629,39.44537],[-1.09577,39.44494],[-1.0955,39.44448],[-1.0954,39.44341],[-1.09495,39.44282],[-1.09484,39.44197],[-1.09408,39.44122],[-1.09405,39.44095],[-1.09378,39.44089],[-1.09379,39.44043],[-1.09458,39.43974],[-1.09508,39.43899],[-1.09613,39.4379],[-1.09699,39.43578],[-1.09728,39.43561],[-1.09859,39.43556],[-1.09919,39.43536],[-1.10076,39.43392],[-1.10192,39.43379],[-1.10309,39.43336],[-1.10321,39.43316],[-1.10311,39.43283],[-1.10334,39.43242],[-1.10398,39.43192],[-1.1061,39.43156],[-1.10671,39.4305],[-1.10663,39.42999],[-1.107,39.42923],[-1.10734,39.42902],[-1.10844,39.42894],[-1.10885,39.42873],[-1.11031,39.42761],[-1.11115,39.42591],[-1.11149,39.42571],[-1.1126,39.42564],[-1.11327,39.4254],[-1.11507,39.42378],[-1.11544,39.42297],[-1.11553,39.42114],[-1.11575,39.42059],[-1.11555,39.41995],[-1.11562,39.41911],[-1.11649,39.41842],[-1.11752,39.41802],[-1.11788,39.41748],[-1.11767,39.41676],[-1.1177,39.41403],[-1.11737,39.41322],[-1.1167,39.41261],[-1.11611,39.41164],[-1.11611,39.41123],[-1.11642,39.41079],[-1.11824,39.41032],[-1.1191,39.41047],[-1.12025,39.41043],[-1.12061,39.40986],[-1.1222,39.40875],[-1.12361,39.40872],[-1.12541,39.40835],[-1.1265,39.40834],[-1.12815,39.40865],[-1.1288,39.40901],[-1.12922,39.40902],[-1.13016,39.408],[-1.13144,39.40733],[-1.13269,39.40698],[-1.13372,39.40605],[-1.13526,39.40591],[-1.13649,39.40438],[-1.13691,39.40283],[-1.13692,39.40167],[-1.13667,39.40085],[-1.13672,39.4],[-1.13693,39.39946],[-1.13675,39.39898],[-1.13674,39.39809],[-1.13684,39.39762],[-1.13722,39.39733],[-1.13656,39.39665],[-1.13627,39.39545],[-1.13629,39.39318],[-1.13515,39.39318],[-1.13435,39.39337],[-1.13164,39.39333],[-1.13232,39.39236],[-1.13278,39.39209],[-1.13315,39.39133],[-1.13315,39.38974],[-1.13269,39.38916],[-1.13239,39.3884],[-1.13268,39.38695],[-1.13233,39.38598],[-1.1319,39.38572],[-1.13139,39.3858],[-1.12992,39.38557],[-1.12885,39.3846],[-1.12827,39.38437],[-1.12812,39.38404],[-1.12746,39.38365],[-1.12511,39.38349],[-1.12306,39.38229],[-1.12231,39.38152],[-1.12102,39.38085],[-1.12099,39.37979],[-1.1213,39.37889],[-1.12114,39.37834],[-1.11917,39.37776],[-1.11806,39.37719],[-1.1168,39.3768],[-1.11483,39.37531],[-1.11309,39.37502],[-1.11095,39.37498],[-1.11111,39.37466],[-1.11106,39.37392],[-1.11141,39.37344],[-1.11232,39.37292],[-1.11225,39.37249],[-1.11263,39.37121],[-1.11406,39.37059],[-1.11601,39.37015],[-1.11612,39.36761],[-1.11646,39.36665],[-1.11692,39.36614],[-1.11714,39.36542],[-1.11747,39.36521],[-1.11837,39.36511],[-1.11906,39.36475],[-1.12035,39.36326],[-1.12249,39.36247],[-1.12285,39.36197],[-1.12303,39.36106],[-1.1249,39.35958],[-1.12512,39.35907],[-1.1267,39.35736],[-1.12721,39.35639],[-1.1279,39.3558],[-1.12869,39.35446],[-1.13066,39.35412],[-1.1303,39.35329],[-1.12971,39.35262],[-1.12882,39.35204],[-1.12832,39.35123],[-1.12762,39.35056],[-1.12759,39.34957],[-1.12789,39.34876],[-1.12793,39.34755],[-1.1251,39.34829],[-1.12369,39.34696],[-1.1232,39.3457],[-1.12232,39.3451],[-1.12306,39.34426],[-1.1234,39.34305],[-1.12345,39.34162],[-1.12252,39.34139],[-1.12053,39.34132],[-1.1198,39.34094],[-1.11882,39.34083],[-1.11863,39.34071],[-1.11843,39.34006],[-1.11679,39.33952],[-1.11555,39.34028],[-1.11482,39.34046],[-1.11364,39.34111],[-1.11194,39.34229],[-1.1105,39.34218],[-1.10939,39.34228],[-1.10879,39.34195],[-1.10823,39.34199],[-1.10792,39.34179],[-1.10769,39.34122],[-1.10702,39.34055],[-1.10713,39.3401],[-1.10674,39.33941],[-1.10673,39.33907],[-1.10783,39.33763],[-1.10796,39.33662],[-1.1083,39.33565],[-1.10952,39.33319],[-1.10986,39.33292],[-1.11064,39.33281],[-1.11088,39.33264],[-1.11102,39.3321],[-1.11151,39.33131],[-1.11158,39.33016],[-1.10798,39.32975],[-1.10747,39.32983],[-1.10685,39.32959],[-1.10654,39.32906],[-1.10563,39.32841],[-1.10515,39.32745],[-1.10365,39.32693],[-1.10277,39.32679],[-1.10223,39.32638],[-1.10215,39.32593],[-1.10267,39.32515],[-1.10269,39.32452],[-1.10236,39.32423],[-1.10137,39.32386],[-1.10094,39.32308],[-1.10037,39.32262],[-1.09969,39.32255],[-1.09898,39.3227],[-1.09826,39.32253],[-1.09649,39.32247],[-1.09538,39.32206],[-1.09465,39.322],[-1.09263,39.322],[-1.0916,39.3224],[-1.08964,39.32232],[-1.08924,39.32083],[-1.0899,39.31891],[-1.09045,39.31789],[-1.09017,39.31776],[-1.08871,39.3174],[-1.08493,39.31757],[-1.08426,39.31751],[-1.08325,39.31712],[-1.08211,39.31726],[-1.08185,39.31714],[-1.08146,39.31649],[-1.08076,39.31619],[-1.07861,39.31611],[-1.07768,39.31628],[-1.07658,39.31608],[-1.0766,39.31517],[-1.07647,39.31505],[-1.07711,39.31443],[-1.07777,39.3128],[-1.07778,39.31174],[-1.07738,39.31142],[-1.0772,39.31076],[-1.0764,39.30981],[-1.076,39.30958],[-1.07512,39.30944],[-1.07379,39.30846],[-1.07311,39.30847],[-1.07261,39.30771],[-1.07189,39.30721],[-1.07233,39.30619],[-1.07348,39.30583],[-1.07405,39.30505],[-1.07502,39.30468],[-1.07531,39.30393],[-1.07615,39.3033],[-1.0771,39.30292],[-1.07766,39.302],[-1.07913,39.3023],[-1.07854,39.30115],[-1.07886,39.3006],[-1.07979,39.30018],[-1.08208,39.2999],[-1.08263,39.2997],[-1.08263,39.29919],[-1.08315,39.29823],[-1.08312,39.2974],[-1.08286,39.29693],[-1.08253,39.29642],[-1.08189,39.29602],[-1.08127,39.29507],[-1.08123,39.29404],[-1.07987,39.29311],[-1.07957,39.29272],[-1.07957,39.29195],[-1.07975,39.29144],[-1.0796,39.28992],[-1.07914,39.28831],[-1.07954,39.28759],[-1.0802,39.28749],[-1.08116,39.2864],[-1.08039,39.28567],[-1.08008,39.28514],[-1.08007,39.28414],[-1.08033,39.28349],[-1.08035,39.28301],[-1.07904,39.28129],[-1.07849,39.27915],[-1.07848,39.27849],[-1.07986,39.27731],[-1.08012,39.27591],[-1.08105,39.27551],[-1.08157,39.27478],[-1.08248,39.27407],[-1.08412,39.2734],[-1.08382,39.27194],[-1.08277,39.27099],[-1.08276,39.27054],[-1.08303,39.27039],[-1.08308,39.26944],[-1.08336,39.26922],[-1.08339,39.2682],[-1.08373,39.26766],[-1.0842,39.26749],[-1.08488,39.26666],[-1.0857,39.26617],[-1.08657,39.26526],[-1.08647,39.26412],[-1.08787,39.26333],[-1.08918,39.26398],[-1.08978,39.26397],[-1.09121,39.26297],[-1.09389,39.26223],[-1.09448,39.26178],[-1.09474,39.2613],[-1.09561,39.26183],[-1.09795,39.26222],[-1.09949,39.26387],[-1.09997,39.26395],[-1.10085,39.26379],[-1.1016,39.26403],[-1.10327,39.26538],[-1.10375,39.26539],[-1.10564,39.26438],[-1.10613,39.26447],[-1.10785,39.2643],[-1.10995,39.26393],[-1.11251,39.26393],[-1.11431,39.26332],[-1.11634,39.26334],[-1.11713,39.26358],[-1.11829,39.2636],[-1.12076,39.26449],[-1.12185,39.26461],[-1.12508,39.26546],[-1.12676,39.26559],[-1.129,39.26683],[-1.13004,39.26658],[-1.13059,39.26687],[-1.1307,39.26794],[-1.13125,39.26885],[-1.13204,39.26945],[-1.13362,39.26926],[-1.13522,39.26972],[-1.13637,39.26933],[-1.13891,39.26926],[-1.13998,39.26852],[-1.14185,39.26796],[-1.14297,39.26701],[-1.14378,39.26716],[-1.14678,39.26677],[-1.14798,39.2668],[-1.14881,39.267],[-1.14975,39.26686],[-1.15051,39.26701],[-1.15112,39.26692],[-1.1525,39.26713],[-1.15313,39.26748],[-1.15515,39.26797],[-1.15814,39.26849],[-1.15885,39.26849],[-1.15953,39.26817],[-1.16001,39.26727],[-1.16074,39.26662],[-1.16151,39.26503],[-1.16261,39.26408],[-1.16361,39.26415],[-1.16429,39.26453],[-1.16645,39.26461],[-1.16725,39.26483],[-1.16896,39.26421],[-1.17062,39.26399],[-1.17229,39.26402],[-1.17322,39.26442],[-1.17578,39.26498],[-1.17596,39.26538],[-1.17665,39.26545],[-1.17689,39.26564],[-1.17785,39.26565],[-1.1792,39.26541],[-1.17983,39.26445],[-1.18127,39.26409],[-1.18144,39.26382],[-1.18138,39.26356],[-1.18048,39.26275],[-1.18012,39.26211],[-1.18009,39.25968],[-1.17979,39.25885],[-1.17891,39.2581],[-1.17813,39.25778],[-1.1795,39.2573],[-1.18063,39.25667],[-1.18131,39.25568],[-1.18166,39.25471],[-1.18166,39.25371],[-1.18009,39.25063],[-1.18045,39.24873],[-1.18081,39.24824],[-1.18232,39.24724],[-1.18347,39.24603],[-1.18433,39.24557],[-1.18764,39.24557],[-1.18792,39.24572],[-1.18812,39.24637],[-1.18859,39.24645],[-1.1897,39.24593],[-1.19142,39.24464],[-1.19152,39.24403],[-1.19127,39.24322],[-1.19128,39.2419],[-1.1916,39.24066],[-1.19136,39.23991],[-1.19139,39.23906],[-1.19175,39.23848],[-1.19246,39.2379],[-1.19399,39.23583],[-1.19404,39.23536],[-1.1938,39.23452],[-1.1939,39.2325],[-1.19438,39.23178],[-1.19484,39.23004],[-1.19652,39.22799],[-1.19714,39.2268],[-1.19714,39.2246],[-1.19658,39.22414],[-1.19535,39.22351],[-1.19489,39.22297],[-1.19388,39.2224],[-1.19355,39.22194],[-1.1936,39.21907],[-1.19341,39.21829],[-1.19375,39.21757],[-1.19447,39.21692],[-1.19463,39.21561],[-1.1951,39.2149],[-1.19548,39.21392],[-1.20046,39.21465],[-1.20702,39.21502],[-1.20932,39.21545],[-1.21253,39.21579],[-1.21459,39.21621],[-1.21713,39.21563],[-1.21949,39.21563],[-1.22165,39.21653],[-1.2236,39.21643],[-1.22414,39.21701],[-1.2246,39.21726],[-1.22758,39.21692],[-1.23088,39.21802],[-1.23515,39.2184],[-1.23659,39.21919],[-1.23834,39.21868],[-1.23913,39.21949],[-1.23978,39.21976],[-1.24165,39.21916],[-1.24498,39.2189],[-1.24614,39.21814],[-1.24767,39.21747],[-1.24945,39.21765],[-1.25019,39.21748],[-1.25159,39.21744],[-1.25349,39.21706],[-1.2543,39.2171],[-1.25486,39.21735],[-1.25535,39.2181],[-1.25616,39.21842],[-1.2589,39.21889],[-1.25953,39.21863],[-1.26007,39.21792],[-1.26056,39.21786],[-1.26178,39.21814],[-1.26257,39.21889],[-1.2632,39.21916],[-1.26446,39.21925],[-1.2651,39.21915],[-1.26601,39.2184],[-1.26766,39.21818],[-1.26904,39.21836],[-1.27027,39.21781],[-1.27137,39.21772],[-1.2726,39.21716],[-1.27385,39.21693],[-1.27534,39.21693],[-1.27651,39.21672],[-1.27797,39.21715],[-1.27956,39.21659],[-1.28085,39.21653],[-1.28247,39.21614],[-1.28483,39.21618],[-1.28593,39.21655],[-1.28808,39.21622],[-1.29069,39.21626],[-1.29242,39.21651],[-1.29468,39.21632],[-1.29522,39.21661],[-1.29567,39.21761],[-1.29616,39.21802],[-1.29712,39.21795],[-1.29792,39.21811],[-1.30032,39.21793],[-1.30388,39.2169],[-1.30671,39.21694],[-1.31045,39.21743],[-1.31414,39.21701],[-1.31686,39.21649],[-1.31837,39.21687],[-1.32149,39.21679],[-1.32244,39.21692],[-1.32329,39.21655],[-1.32458,39.21649],[-1.32766,39.21589],[-1.32865,39.21592],[-1.32947,39.21614],[-1.3313,39.21593],[-1.33293,39.21614],[-1.3337,39.216],[-1.33447,39.21618],[-1.33611,39.21606],[-1.33677,39.21619],[-1.34087,39.21565],[-1.34427,39.21568],[-1.34441,39.21602],[-1.34538,39.21647],[-1.34716,39.21786],[-1.34959,39.21877],[-1.35002,39.22012],[-1.3506,39.2211],[-1.35184,39.22182],[-1.35263,39.22184],[-1.35522,39.22125],[-1.35989,39.22131],[-1.36398,39.22288],[-1.36488,39.22284],[-1.36518,39.22343],[-1.36484,39.22423],[-1.36425,39.22468],[-1.36366,39.22489],[-1.36228,39.22508],[-1.36209,39.22529],[-1.36232,39.22593],[-1.36273,39.22625],[-1.36398,39.22651],[-1.36758,39.22686],[-1.37051,39.22784],[-1.3703,39.22946],[-1.37055,39.2303],[-1.37056,39.23101],[-1.37036,39.23195],[-1.37054,39.23341],[-1.37089,39.23443],[-1.37137,39.23451],[-1.37511,39.2337],[-1.37603,39.23371],[-1.37701,39.23441],[-1.37809,39.23589],[-1.37864,39.23614],[-1.38068,39.23674],[-1.38138,39.2371],[-1.38241,39.23694],[-1.3851,39.23704],[-1.38637,39.238],[-1.3871,39.2382],[-1.38739,39.23843],[-1.38751,39.24099],[-1.38891,39.24304],[-1.38948,39.24351],[-1.39002,39.24371],[-1.39205,39.24317],[-1.39245,39.24325],[-1.39286,39.24357],[-1.39404,39.24361],[-1.39565,39.24302],[-1.39847,39.24235],[-1.4065,39.24245],[-1.40765,39.24204],[-1.40953,39.24204],[-1.41019,39.24233],[-1.41086,39.24396],[-1.41147,39.24448],[-1.414,39.24438],[-1.41423,39.24457],[-1.41436,39.24518],[-1.41492,39.24565],[-1.41852,39.24597],[-1.41925,39.2458],[-1.42075,39.24576],[-1.42144,39.24544],[-1.42148,39.2449],[-1.42108,39.24341],[-1.42135,39.24166],[-1.42201,39.24072],[-1.42663,39.24048],[-1.42748,39.24069],[-1.42983,39.24078],[-1.43066,39.24135],[-1.43181,39.24182],[-1.43307,39.24198],[-1.43408,39.243],[-1.43503,39.24369],[-1.43628,39.2432],[-1.43682,39.24247],[-1.43732,39.24245],[-1.43877,39.24292],[-1.44226,39.24446],[-1.44493,39.24475],[-1.44678,39.24435],[-1.44775,39.24476],[-1.45029,39.24534],[-1.45093,39.2457],[-1.45202,39.24582],[-1.45347,39.24629],[-1.45436,39.24709],[-1.4554,39.24676],[-1.45829,39.24715],[-1.45998,39.24657],[-1.46307,39.24672],[-1.46366,39.24642],[-1.46416,39.24637],[-1.46524,39.24642],[-1.46673,39.24685],[-1.46803,39.24686],[-1.47034,39.24638],[-1.47088,39.24581],[-1.47136,39.24561],[-1.47244,39.246],[-1.47452,39.24609],[-1.47592,39.2465],[-1.47751,39.24637],[-1.47895,39.24774],[-1.47936,39.24834],[-1.48089,39.2486],[-1.48276,39.24867],[-1.48332,39.24904],[-1.48381,39.24912],[-1.48489,39.2491],[-1.48563,39.24873],[-1.48607,39.24872],[-1.48821,39.2498],[-1.48959,39.24992],[-1.49042,39.25031],[-1.49239,39.25038],[-1.49341,39.25076],[-1.49624,39.25112],[-1.49769,39.25158],[-1.4987,39.25223],[-1.49867,39.25244],[-1.49844,39.25255],[-1.49773,39.25206],[-1.49722,39.25201],[-1.49676,39.25226],[-1.49646,39.25272],[-1.49635,39.25423],[-1.49661,39.2554],[-1.49631,39.2564],[-1.49624,39.25823],[-1.4959,39.25863],[-1.4952,39.25891],[-1.49562,39.25914],[-1.497,39.25927],[-1.4979,39.25993],[-1.4987,39.26132],[-1.49887,39.26208],[-1.49925,39.26254],[-1.49982,39.26269],[-1.50173,39.26368],[-1.50239,39.26364],[-1.50572,39.26407],[-1.50668,39.26464],[-1.50713,39.26473],[-1.50575,39.26614],[-1.50527,39.26728],[-1.50505,39.26749],[-1.50396,39.26823],[-1.50259,39.26832],[-1.5022,39.26857],[-1.50212,39.27009],[-1.50284,39.27083],[-1.50287,39.27108],[-1.50255,39.27158],[-1.50191,39.27223],[-1.50129,39.27258],[-1.50122,39.2728],[-1.50149,39.27296],[-1.50249,39.27288],[-1.50302,39.27365],[-1.50422,39.27445],[-1.50477,39.2753],[-1.50622,39.27583],[-1.50825,39.27719],[-1.50917,39.27803],[-1.50911,39.2792],[-1.50876,39.27979],[-1.50842,39.28019],[-1.50744,39.28042],[-1.50696,39.28132],[-1.50654,39.28175],[-1.50549,39.28439],[-1.50472,39.28556],[-1.50427,39.28731],[-1.50351,39.28846],[-1.50356,39.28869],[-1.50394,39.28901],[-1.50505,39.29262],[-1.50501,39.29469],[-1.50401,39.29536],[-1.50375,39.29637],[-1.50279,39.29698],[-1.50186,39.29785],[-1.50158,39.29832],[-1.50222,39.29886],[-1.50396,39.29903],[-1.50413,39.29992],[-1.50485,39.3011],[-1.5054,39.30246],[-1.5055,39.30354],[-1.5062,39.3054],[-1.50677,39.30759],[-1.50664,39.31363],[-1.50634,39.31396],[-1.50602,39.31404],[-1.50277,39.31396],[-1.50149,39.31299],[-1.50105,39.31227],[-1.50051,39.31222],[-1.49999,39.31383],[-1.49999,39.31504],[-1.50028,39.31625],[-1.50131,39.31772],[-1.50153,39.31836],[-1.50139,39.31925],[-1.50249,39.32131],[-1.50336,39.3223],[-1.50524,39.32355],[-1.50581,39.32431],[-1.50582,39.32466],[-1.50549,39.3254],[-1.50449,39.32631],[-1.5054,39.32661],[-1.50658,39.32675],[-1.50776,39.32741],[-1.50858,39.32835],[-1.50868,39.32986],[-1.50949,39.33258],[-1.5105,39.33378],[-1.51069,39.33474],[-1.51198,39.33562],[-1.51263,39.33661],[-1.51432,39.3377],[-1.51618,39.33793],[-1.51646,39.33882],[-1.51637,39.33934],[-1.51725,39.34052],[-1.51883,39.34192],[-1.5196,39.34222],[-1.52163,39.34345],[-1.52161,39.3439],[-1.52067,39.34484],[-1.52032,39.34504],[-1.51943,39.34515],[-1.5191,39.34544],[-1.51928,39.34824],[-1.51842,39.34945],[-1.51841,39.34992],[-1.51957,39.352],[-1.52015,39.35245],[-1.52114,39.3529],[-1.52147,39.35412],[-1.52374,39.35515],[-1.52425,39.35558],[-1.52445,39.35653],[-1.52602,39.35676],[-1.52825,39.35878],[-1.5283,39.36104],[-1.52853,39.36165],[-1.52856,39.36231],[-1.53127,39.36307],[-1.53222,39.36355],[-1.53253,39.36385],[-1.53262,39.36493],[-1.53297,39.3655],[-1.53386,39.36586],[-1.53445,39.36639],[-1.53612,39.36652],[-1.53686,39.3676],[-1.53749,39.36782],[-1.53907,39.36743],[-1.54001,39.36741],[-1.54011,39.3672],[-1.54074,39.36718],[-1.5411,39.36692],[-1.54165,39.36595],[-1.54289,39.36579],[-1.54436,39.36514],[-1.54515,39.3644],[-1.54639,39.36402],[-1.54676,39.36354],[-1.5469,39.36246],[-1.5472,39.36155],[-1.54755,39.36106],[-1.5497,39.36036],[-1.55068,39.36037],[-1.55141,39.36075],[-1.55286,39.36089],[-1.55399,39.36169],[-1.55598,39.36183],[-1.55561,39.36234],[-1.55556,39.36289],[-1.55633,39.36392],[-1.55678,39.36489],[-1.55711,39.3651],[-1.5585,39.36543],[-1.55934,39.366],[-1.56027,39.36627],[-1.56199,39.36617],[-1.56181,39.36748],[-1.562,39.36761],[-1.56372,39.36785],[-1.56441,39.36753],[-1.566,39.36746],[-1.56672,39.36712],[-1.56795,39.36731],[-1.56966,39.36711],[-1.5705,39.36721],[-1.57104,39.36771],[-1.57118,39.36862],[-1.57245,39.36976],[-1.57364,39.37144],[-1.57626,39.37205],[-1.57649,39.37235],[-1.57656,39.37336],[-1.57715,39.37434],[-1.57817,39.37476],[-1.57895,39.37551],[-1.57961,39.37547],[-1.58073,39.37451],[-1.58181,39.37441],[-1.58247,39.37407],[-1.58349,39.37387],[-1.58408,39.37421],[-1.5848,39.37387],[-1.58551,39.37385],[-1.58593,39.37409],[-1.58643,39.37467],[-1.58758,39.37514],[-1.58963,39.37506],[-1.59017,39.376],[-1.59045,39.37613],[-1.59195,39.37633],[-1.59304,39.3756],[-1.59352,39.37552],[-1.59464,39.37582],[-1.59568,39.37659],[-1.59644,39.37687],[-1.59714,39.37686],[-1.59802,39.37631],[-1.59848,39.37624],[-1.59919,39.37629],[-1.60051,39.37668],[-1.6018,39.37678],[-1.60224,39.37705],[-1.60329,39.37818],[-1.6035,39.37913],[-1.60528,39.37966],[-1.61236,39.37979],[-1.61388,39.38024],[-1.61663,39.38031],[-1.61765,39.38113],[-1.61867,39.38154],[-1.61947,39.38229],[-1.62215,39.3828],[-1.62507,39.38309],[-1.62588,39.38421],[-1.6259,39.38588],[-1.62614,39.38655],[-1.62615,39.38814],[-1.62635,39.38878],[-1.62563,39.38948],[-1.62516,39.39039],[-1.62469,39.39089],[-1.6245,39.39156],[-1.62408,39.392],[-1.62394,39.39379],[-1.6234,39.39477],[-1.62341,39.3953],[-1.62365,39.39573],[-1.62364,39.39708],[-1.62398,39.39757],[-1.62441,39.39787],[-1.62523,39.39963],[-1.62493,39.39997],[-1.62418,39.40027],[-1.62551,39.40073],[-1.62648,39.4017],[-1.62777,39.40223],[-1.62871,39.40246],[-1.62952,39.40231],[-1.63045,39.40247],[-1.6312,39.40237],[-1.63357,39.40332],[-1.63413,39.40385],[-1.63523,39.40376],[-1.63783,39.40447],[-1.64143,39.40658],[-1.64312,39.40927],[-1.64304,39.41041],[-1.64206,39.41087],[-1.64192,39.41158],[-1.64201,39.41205],[-1.64269,39.41265],[-1.64303,39.41324],[-1.64303,39.41462],[-1.64275,39.41535],[-1.64272,39.41604],[-1.64327,39.41732],[-1.64429,39.41689],[-1.64586,39.41732],[-1.64746,39.41741],[-1.64837,39.41769],[-1.64886,39.41844],[-1.64975,39.41932],[-1.6509,39.41922],[-1.65235,39.4195],[-1.65329,39.41976],[-1.65463,39.42076],[-1.65675,39.42107],[-1.65784,39.42105],[-1.65938,39.42059],[-1.66148,39.41875],[-1.66319,39.41985],[-1.66382,39.42079],[-1.66456,39.42105],[-1.6648,39.42227],[-1.66679,39.42403],[-1.66739,39.42439],[-1.6679,39.42519],[-1.66866,39.42591],[-1.6683,39.4267],[-1.6673,39.42737],[-1.66651,39.42835],[-1.6655,39.42891],[-1.66541,39.42944],[-1.66599,39.43072],[-1.66676,39.43146],[-1.66705,39.43222],[-1.66714,39.43301],[-1.66735,39.43323],[-1.66784,39.4333],[-1.66862,39.43278],[-1.66895,39.43276],[-1.66988,39.43301],[-1.67137,39.43408],[-1.67133,39.43552],[-1.66996,39.43697],[-1.67003,39.43713],[-1.67036,39.43722],[-1.67149,39.43707],[-1.67188,39.43742],[-1.67167,39.43797],[-1.67157,39.43906],[-1.67107,39.4402],[-1.6715,39.44076],[-1.6721,39.44239],[-1.67102,39.44367],[-1.67118,39.44433],[-1.67096,39.44508],[-1.67116,39.44569],[-1.67069,39.44638],[-1.6708,39.44702],[-1.67049,39.44729],[-1.66984,39.44746],[-1.66931,39.44841],[-1.66801,39.44929],[-1.66786,39.45051],[-1.66724,39.45171],[-1.66683,39.45201],[-1.66594,39.45212],[-1.66538,39.45251],[-1.66511,39.45397],[-1.66251,39.45528],[-1.66211,39.45524],[-1.66184,39.4554],[-1.66165,39.45675],[-1.6613,39.45711],[-1.66033,39.45756],[-1.65864,39.45764],[-1.65788,39.45803],[-1.6578,39.45948],[-1.65681,39.4601],[-1.65685,39.46041],[-1.65658,39.4611],[-1.65622,39.46151],[-1.65578,39.46161],[-1.65579,39.46174],[-1.65614,39.46245],[-1.65814,39.46428],[-1.65896,39.46454],[-1.66049,39.46421],[-1.66103,39.46476],[-1.66169,39.46516],[-1.66191,39.46588],[-1.66316,39.46746],[-1.66329,39.46883],[-1.66638,39.47154],[-1.66839,39.4717],[-1.67019,39.47212],[-1.67245,39.4722],[-1.67311,39.47299],[-1.67366,39.47324],[-1.67471,39.47351],[-1.67621,39.47359],[-1.67696,39.47396],[-1.6778,39.47412],[-1.67792,39.47456],[-1.67785,39.47763],[-1.67648,39.47921],[-1.6747,39.47969],[-1.67318,39.48094],[-1.67285,39.48169],[-1.67282,39.48275],[-1.67315,39.4842],[-1.67361,39.48478],[-1.67341,39.48566],[-1.67351,39.48606],[-1.67326,39.48668],[-1.6728,39.48718],[-1.67205,39.48951],[-1.6716,39.48989],[-1.6714,39.49055],[-1.67105,39.49081],[-1.66985,39.49114],[-1.66859,39.49181],[-1.66778,39.49269],[-1.66757,39.4932],[-1.66655,39.49453],[-1.66603,39.49594],[-1.66486,39.49707],[-1.66234,39.49841],[-1.66141,39.50148],[-1.66145,39.50186],[-1.66223,39.5035],[-1.6622,39.50488],[-1.66191,39.50583],[-1.66216,39.50585],[-1.66225,39.50606],[-1.66277,39.50607],[-1.66304,39.50703],[-1.66298,39.50774],[-1.66248,39.50853],[-1.66233,39.50997],[-1.66102,39.51025],[-1.66041,39.51113],[-1.66027,39.51199],[-1.65993,39.51233],[-1.65837,39.51285],[-1.65759,39.51336],[-1.65632,39.51372],[-1.6557,39.51414],[-1.65515,39.51462],[-1.65494,39.51513],[-1.65426,39.51575],[-1.65402,39.51623],[-1.65287,39.5161],[-1.65244,39.51629],[-1.65208,39.51873],[-1.65239,39.51978],[-1.65286,39.52058],[-1.6529,39.52212],[-1.65332,39.52294],[-1.65239,39.52331],[-1.65173,39.52387],[-1.65159,39.52449],[-1.6511,39.52529],[-1.6513,39.52659],[-1.65061,39.52883],[-1.64982,39.52957],[-1.64852,39.52982],[-1.64767,39.53038],[-1.6464,39.53074],[-1.6446,39.53165],[-1.64471,39.53234],[-1.64421,39.53379],[-1.64421,39.53477],[-1.64436,39.53528],[-1.64414,39.53549],[-1.6424,39.53583],[-1.64193,39.53617],[-1.64107,39.5364],[-1.6393,39.53673],[-1.63813,39.53717],[-1.63704,39.5379],[-1.63602,39.53807],[-1.6351,39.53882],[-1.63533,39.53942],[-1.63516,39.54007],[-1.6358,39.54032],[-1.63592,39.54058],[-1.63533,39.54303],[-1.63556,39.54382],[-1.63555,39.54647],[-1.63598,39.54734],[-1.63497,39.548],[-1.63483,39.54908],[-1.63405,39.55047],[-1.63371,39.55167],[-1.63364,39.55299],[-1.6337,39.55357],[-1.63414,39.55408],[-1.63504,39.55643],[-1.63452,39.55677],[-1.6337,39.55902],[-1.63269,39.55943],[-1.63193,39.56013],[-1.63107,39.56049],[-1.63075,39.56079],[-1.629,39.56114],[-1.62804,39.5616],[-1.62683,39.56293],[-1.62656,39.56344],[-1.62698,39.56442],[-1.62698,39.56551],[-1.62616,39.56682],[-1.62603,39.56776],[-1.62585,39.56797],[-1.62535,39.5681],[-1.62476,39.5695],[-1.62358,39.57047],[-1.62282,39.5707],[-1.62183,39.57265],[-1.62017,39.5744],[-1.61985,39.57505],[-1.62008,39.57568],[-1.62008,39.57625],[-1.61972,39.57706],[-1.61842,39.57748],[-1.61811,39.57773],[-1.618,39.57936],[-1.61824,39.58049],[-1.61744,39.58113],[-1.61729,39.58196],[-1.61706,39.58233],[-1.6191,39.58215],[-1.62125,39.58244],[-1.62307,39.58294],[-1.62412,39.5837],[-1.62514,39.5839],[-1.62622,39.58461],[-1.62632,39.58516],[-1.62708,39.58495],[-1.62918,39.58496],[-1.63129,39.58525],[-1.6323,39.58585],[-1.63522,39.58668],[-1.63578,39.58724],[-1.63686,39.5876],[-1.63746,39.58806],[-1.63743,39.58859],[-1.63886,39.59017],[-1.64043,39.59094],[-1.64039,39.59368],[-1.63929,39.59514],[-1.63892,39.59626],[-1.63899,39.59672],[-1.63959,39.59768],[-1.64051,39.59812],[-1.64249,39.59847],[-1.64296,39.59887],[-1.64509,39.59806],[-1.64634,39.59786],[-1.64743,39.59807],[-1.64895,39.59866],[-1.64975,39.59877],[-1.65041,39.59925],[-1.65156,39.60159],[-1.65141,39.60272],[-1.6518,39.60317],[-1.65197,39.60385],[-1.65266,39.60452],[-1.65309,39.60612],[-1.65436,39.60747],[-1.65443,39.60991],[-1.65479,39.61047],[-1.65567,39.61108],[-1.65503,39.61147],[-1.65346,39.61338],[-1.65347,39.61417],[-1.6538,39.61491],[-1.65421,39.61536],[-1.65425,39.61575],[-1.65417,39.61604],[-1.65316,39.61685],[-1.65284,39.61735],[-1.65303,39.61813],[-1.653,39.62089],[-1.65265,39.62198],[-1.65231,39.62216],[-1.65072,39.62218],[-1.64935,39.62241],[-1.64858,39.62302],[-1.64857,39.6247],[-1.64881,39.62552],[-1.64856,39.62644],[-1.64876,39.62659],[-1.64958,39.62651],[-1.65077,39.62747],[-1.65104,39.62834],[-1.65043,39.62922],[-1.64996,39.62957],[-1.64991,39.63065],[-1.65182,39.63363],[-1.65149,39.63426],[-1.65049,39.63485],[-1.65027,39.63559],[-1.64958,39.6364],[-1.64963,39.63667],[-1.65125,39.63684],[-1.65171,39.63743],[-1.65342,39.63768],[-1.65446,39.63734],[-1.65529,39.63752],[-1.65871,39.63759],[-1.65963,39.638],[-1.66175,39.63826],[-1.66286,39.63807],[-1.66291,39.63882],[-1.66391,39.6395],[-1.66489,39.64134],[-1.66534,39.64183],[-1.66567,39.64266],[-1.66566,39.64373],[-1.66789,39.64428],[-1.66905,39.64474],[-1.66982,39.64527],[-1.67046,39.64546],[-1.67199,39.64678],[-1.67199,39.64786],[-1.67554,39.6503],[-1.6767,39.65098],[-1.67747,39.65122],[-1.6784,39.65259],[-1.679,39.65311],[-1.67944,39.65332],[-1.68112,39.65339],[-1.68198,39.65359],[-1.68616,39.65365],[-1.68566,39.65417],[-1.68529,39.6552],[-1.68522,39.65698],[-1.68527,39.65756],[-1.68574,39.65836],[-1.68581,39.65937],[-1.68606,39.65976],[-1.6864,39.65994],[-1.68798,39.66005],[-1.69077,39.66173],[-1.6955,39.66284],[-1.69669,39.6635],[-1.6978,39.66511],[-1.69761,39.66618],[-1.69815,39.66685],[-1.69813,39.66775],[-1.69758,39.6678],[-1.69752,39.66852],[-1.69726,39.66874],[-1.69723,39.66909],[-1.69821,39.66915],[-1.69936,39.66972],[-1.7003,39.66996],[-1.70121,39.66989],[-1.70207,39.6708],[-1.70255,39.67174],[-1.7031,39.67143],[-1.70403,39.67148],[-1.70392,39.67308],[-1.70456,39.67436],[-1.70505,39.67476],[-1.7063,39.67484],[-1.70671,39.67505],[-1.7088,39.6751],[-1.70953,39.67548],[-1.711,39.67586],[-1.71202,39.67637],[-1.714,39.67626],[-1.71551,39.6765],[-1.71704,39.67524],[-1.71858,39.67487],[-1.71943,39.67326],[-1.72126,39.67266],[-1.72323,39.67171],[-1.72428,39.67144],[-1.72542,39.67153],[-1.72569,39.67179],[-1.72607,39.67266],[-1.7264,39.67294],[-1.72793,39.67344],[-1.72979,39.67373],[-1.72954,39.67324],[-1.72935,39.67179],[-1.73008,39.67022],[-1.73059,39.66865],[-1.73115,39.66857],[-1.7329,39.6688],[-1.73386,39.66845],[-1.73495,39.66942],[-1.73587,39.66953],[-1.73638,39.66947],[-1.73685,39.66912],[-1.73833,39.66887],[-1.73889,39.66857],[-1.73916,39.66832],[-1.73931,39.66782],[-1.74041,39.66688],[-1.74007,39.66609],[-1.73962,39.66559],[-1.73921,39.6643],[-1.73821,39.66384],[-1.73791,39.6635],[-1.73872,39.66273],[-1.73878,39.66032],[-1.73853,39.65958],[-1.73852,39.65873],[-1.73903,39.65868],[-1.73921,39.65833],[-1.7415,39.65789],[-1.74585,39.65766],[-1.74762,39.65729],[-1.74912,39.65833],[-1.75041,39.65829],[-1.75178,39.65929],[-1.75378,39.65984],[-1.75548,39.66065],[-1.75674,39.66081],[-1.7579,39.66128],[-1.75842,39.66177],[-1.7614,39.66197],[-1.76194,39.66223],[-1.76218,39.66272],[-1.76395,39.66406],[-1.7647,39.66505],[-1.76625,39.66588],[-1.76744,39.6682],[-1.76751,39.66903],[-1.76828,39.66919],[-1.77574,39.66932],[-1.77617,39.67015],[-1.77629,39.67188],[-1.77782,39.67207],[-1.77888,39.67283],[-1.78015,39.67321],[-1.78153,39.6739],[-1.78141,39.6755],[-1.78201,39.67669],[-1.78261,39.67736],[-1.78444,39.67769],[-1.78482,39.67757],[-1.78513,39.67725],[-1.78614,39.67796],[-1.7863,39.67938],[-1.78685,39.68052],[-1.78789,39.6817],[-1.78821,39.68336],[-1.78783,39.68525],[-1.78681,39.68637],[-1.78667,39.68808],[-1.78822,39.68892],[-1.78918,39.68909],[-1.78996,39.68961],[-1.79091,39.68978],[-1.79169,39.69031],[-1.79268,39.69049],[-1.79304,39.69085],[-1.79386,39.69106],[-1.79585,39.69118],[-1.79636,39.69169],[-1.798,39.69282],[-1.799,39.69318],[-1.79992,39.69398],[-1.80003,39.69484],[-1.80047,39.69557],[-1.80077,39.69654],[-1.80088,39.69784],[-1.80258,39.69923],[-1.8055,39.70051],[-1.80589,39.70105],[-1.80784,39.70141],[-1.80825,39.70164],[-1.80856,39.70202],[-1.8086,39.70319],[-1.8088,39.70362],[-1.80894,39.70305],[-1.80949,39.70259],[-1.81008,39.70253],[-1.8105,39.70275],[-1.81126,39.7036],[-1.81276,39.70458],[-1.8124,39.70511],[-1.8127,39.70584],[-1.81338,39.70649],[-1.81346,39.70705],[-1.81431,39.70726],[-1.81626,39.70739],[-1.81704,39.70791],[-1.81859,39.70831],[-1.81909,39.70882],[-1.81964,39.70907],[-1.82167,39.7096],[-1.82316,39.70945],[-1.82401,39.71],[-1.82474,39.7102],[-1.82526,39.71063],[-1.82545,39.71115],[-1.82612,39.71176],[-1.82658,39.71252],[-1.82732,39.71298],[-1.82736,39.71327],[-1.82765,39.71328],[-1.82819,39.71379],[-1.82821,39.71463],[-1.82866,39.7147],[-1.82888,39.71502],[-1.82927,39.71517],[-1.83009,39.7162],[-1.83333,39.71559],[-1.83693,39.71585],[-1.83702,39.71557],[-1.83735,39.71546],[-1.83915,39.71605],[-1.84054,39.71616],[-1.84205,39.71699],[-1.84269,39.71702],[-1.84334,39.71681],[-1.84403,39.7177],[-1.84502,39.71829],[-1.84547,39.71877],[-1.84639,39.719],[-1.8465,39.71955],[-1.8477,39.71959],[-1.84953,39.72007],[-1.85016,39.72035],[-1.85065,39.72087],[-1.85173,39.72095],[-1.85214,39.72076],[-1.85368,39.72074],[-1.85551,39.72098],[-1.85872,39.72102],[-1.85885,39.72142],[-1.85951,39.72154],[-1.86029,39.72213],[-1.86099,39.72239],[-1.86201,39.72245],[-1.86333,39.72307],[-1.86425,39.72308],[-1.86655,39.7227],[-1.8679,39.72323],[-1.86986,39.72532],[-1.87168,39.7255],[-1.87252,39.72615],[-1.87263,39.72679],[-1.87392,39.72706],[-1.87505,39.72786],[-1.87601,39.72802],[-1.87745,39.72859],[-1.87855,39.72871],[-1.87913,39.72901],[-1.87989,39.72889],[-1.8822,39.72901],[-1.88289,39.72947],[-1.88356,39.72968],[-1.88435,39.73087],[-1.8853,39.73126],[-1.88606,39.7318],[-1.8873,39.73229],[-1.88853,39.73237],[-1.88917,39.73258],[-1.88907,39.73314],[-1.88831,39.73451],[-1.88829,39.73506],[-1.88989,39.73626],[-1.8902,39.73678],[-1.89033,39.7374],[-1.89101,39.73832],[-1.88941,39.7397],[-1.88955,39.74043],[-1.88934,39.74106],[-1.88942,39.74195],[-1.89007,39.74258],[-1.89026,39.74332],[-1.89121,39.74416],[-1.89145,39.74473],[-1.89204,39.74511],[-1.89206,39.74531],[-1.89188,39.74544],[-1.89195,39.74601],[-1.89296,39.74739],[-1.89341,39.74829],[-1.89506,39.74843],[-1.89611,39.74871],[-1.89753,39.74964],[-1.89802,39.75039],[-1.89887,39.75108],[-1.89973,39.75137],[-1.90199,39.7514],[-1.90285,39.75097],[-1.90454,39.75104],[-1.90514,39.75178],[-1.9056,39.7532],[-1.90658,39.75358],[-1.90766,39.75434],[-1.91008,39.75518],[-1.91058,39.75561],[-1.91072,39.75646],[-1.91093,39.75663],[-1.91194,39.7564],[-1.91261,39.75583],[-1.91347,39.75591],[-1.91408,39.75562],[-1.91496,39.75549],[-1.91583,39.75472],[-1.91636,39.75472],[-1.9175,39.75505],[-1.91799,39.75492],[-1.91807,39.75549],[-1.91895,39.75665],[-1.92045,39.7573],[-1.92077,39.75759],[-1.92193,39.75796],[-1.9227,39.7585],[-1.92417,39.75887],[-1.92488,39.75922],[-1.92728,39.75884],[-1.92941,39.75937],[-1.92982,39.7599],[-1.9299,39.7609],[-1.93037,39.76171],[-1.9305,39.76233],[-1.93092,39.76283],[-1.9307,39.7636],[-1.93075,39.76458],[-1.93174,39.76504],[-1.933,39.76588],[-1.93303,39.76712],[-1.93334,39.76785],[-1.934,39.76834],[-1.93412,39.76836],[-1.93418,39.7676],[-1.93463,39.76684],[-1.93631,39.76699],[-1.93854,39.76615],[-1.9396,39.76691],[-1.93965,39.76724],[-1.93944,39.76798],[-1.94014,39.7685],[-1.94034,39.76902],[-1.94062,39.76926],[-1.94187,39.76974],[-1.94502,39.77032],[-1.94547,39.77072],[-1.94628,39.771],[-1.94681,39.7714],[-1.9477,39.7714],[-1.94793,39.77097],[-1.94938,39.77097],[-1.94977,39.77076],[-1.95131,39.77077],[-1.95269,39.7716],[-1.95418,39.77114],[-1.95582,39.76993],[-1.9568,39.76959],[-1.95717,39.76925],[-1.95819,39.76925],[-1.95896,39.76929],[-1.95963,39.76953],[-1.96077,39.77032],[-1.96408,39.77023],[-1.96549,39.77085],[-1.96726,39.77099],[-1.96839,39.77178],[-1.97027,39.77162],[-1.97091,39.7727],[-1.97135,39.77304],[-1.97141,39.77344],[-1.97101,39.77448],[-1.96942,39.77574],[-1.96834,39.77738],[-1.96765,39.77798],[-1.96743,39.77849],[-1.96702,39.77894],[-1.96684,39.77962],[-1.96611,39.7805],[-1.96606,39.78219],[-1.96683,39.78352],[-1.96702,39.78289],[-1.96752,39.78251],[-1.97146,39.78061],[-1.97175,39.78023],[-1.9724,39.77982],[-1.97285,39.77875],[-1.97313,39.77851],[-1.97446,39.77811],[-1.97567,39.77738],[-1.97678,39.77793],[-1.97835,39.77822],[-1.97844,39.77858],[-1.9788,39.77886],[-1.98058,39.77899],[-1.98145,39.77967],[-1.98216,39.78128],[-1.98278,39.782],[-1.98313,39.782],[-1.98381,39.78145],[-1.98492,39.78172],[-1.9881,39.78424],[-1.98836,39.78471],[-1.98829,39.7852],[-1.99099,39.78561],[-1.99191,39.7861],[-1.99262,39.78683],[-1.99357,39.78723],[-1.99416,39.78798],[-1.99494,39.78811],[-1.99561,39.78846],[-1.99713,39.78863],[-1.99739,39.78889],[-1.99758,39.78956],[-1.99814,39.78962],[-2.00096,39.78901],[-2.0021,39.7906],[-2.00166,39.79146],[-2.00057,39.79226],[-1.99982,39.79253],[-1.99971,39.79364],[-1.99983,39.79409],[-2.0007,39.79434],[-2.00288,39.7946],[-2.00411,39.79447],[-2.00817,39.79515],[-2.00822,39.7959],[-2.00869,39.79649],[-2.00879,39.79749],[-2.00941,39.798],[-2.01192,39.79833],[-2.01269,39.79909],[-2.01315,39.80008],[-2.01446,39.80083],[-2.0174,39.80096],[-2.0182,39.80162],[-2.01843,39.80218],[-2.01945,39.8029],[-2.01947,39.80331],[-2.02,39.80364],[-2.02035,39.80458],[-2.02062,39.80484],[-2.02192,39.80536],[-2.02398,39.80572],[-2.02449,39.80623],[-2.02608,39.80716],[-2.02576,39.80761],[-2.02426,39.80875],[-2.0232,39.80912],[-2.02208,39.80998],[-2.0222,39.8109],[-2.02182,39.8116],[-2.02112,39.81192],[-2.02083,39.81279],[-2.02101,39.81353],[-2.02068,39.81426],[-2.01897,39.81442],[-2.01852,39.81462],[-2.01761,39.81535],[-2.01653,39.81677],[-2.01556,39.81756],[-2.01575,39.81826],[-2.01679,39.81917],[-2.0173,39.82012],[-2.01794,39.82039],[-2.01815,39.82104],[-2.01878,39.82154],[-2.01993,39.82196],[-2.01954,39.82241],[-2.01939,39.82349],[-2.01893,39.82422],[-2.01876,39.82482],[-2.01769,39.82528],[-2.01659,39.82638],[-2.01634,39.82694],[-2.01544,39.82745],[-2.01472,39.82813],[-2.01576,39.82952],[-2.01595,39.83028],[-2.01746,39.8319],[-2.01832,39.83217],[-2.02012,39.83203],[-2.02064,39.8323],[-2.02078,39.83265],[-2.02173,39.83349],[-2.02367,39.83392],[-2.02434,39.83485],[-2.02501,39.8348],[-2.02612,39.83499],[-2.02709,39.83555],[-2.02751,39.8364],[-2.02797,39.8369],[-2.02796,39.8373],[-2.02677,39.8385],[-2.02518,39.83908],[-2.02506,39.83952],[-2.02514,39.83981],[-2.02644,39.84117],[-2.02654,39.8427],[-2.02724,39.84382],[-2.02746,39.84454],[-2.0284,39.84473],[-2.02962,39.8453],[-2.03066,39.84518],[-2.03189,39.84557],[-2.03336,39.84544],[-2.03412,39.84642],[-2.03477,39.84683],[-2.03499,39.84733],[-2.03566,39.84794],[-2.03596,39.84867],[-2.03587,39.84935],[-2.03706,39.84955],[-2.03784,39.85031],[-2.03944,39.85132],[-2.04046,39.85256],[-2.0413,39.85327],[-2.04179,39.85352],[-2.04369,39.8536],[-2.04455,39.85385],[-2.04509,39.85423],[-2.04619,39.85426],[-2.0464,39.85455],[-2.04626,39.85482],[-2.04643,39.85525],[-2.04595,39.85592],[-2.04587,39.85628],[-2.0454,39.85662],[-2.0472,39.85773],[-2.04753,39.85822],[-2.04703,39.85943],[-2.04697,39.86039],[-2.04705,39.86087],[-2.0475,39.86125],[-2.04761,39.86224],[-2.04849,39.86344],[-2.04904,39.86392],[-2.04966,39.86434],[-2.05045,39.86446],[-2.05069,39.86465],[-2.05063,39.86571],[-2.04993,39.86653],[-2.04967,39.86709],[-2.04838,39.86814],[-2.04806,39.8687],[-2.04795,39.86952],[-2.04664,39.87032],[-2.04624,39.87138],[-2.04579,39.87146],[-2.04497,39.87197],[-2.04399,39.87233],[-2.04254,39.87324],[-2.04205,39.87459],[-2.04131,39.87528],[-2.04121,39.87584],[-2.03817,39.876],[-2.03732,39.8752],[-2.03622,39.87472],[-2.03601,39.87488],[-2.03589,39.87542],[-2.03501,39.87717],[-2.03473,39.87731],[-2.03428,39.87699],[-2.03341,39.87682],[-2.03283,39.87628],[-2.03072,39.87565],[-2.03052,39.87543],[-2.03056,39.87494],[-2.02852,39.87345],[-2.02833,39.87272],[-2.02809,39.87244],[-2.0259,39.87125],[-2.02538,39.87125],[-2.02472,39.87159],[-2.02209,39.87225],[-2.02048,39.87232],[-2.01973,39.87268],[-2.01914,39.87273],[-2.01809,39.87251],[-2.0161,39.87244],[-2.01254,39.87179],[-2.00938,39.87171],[-2.00827,39.87131],[-2.00618,39.87123],[-2.00543,39.87086],[-2.00319,39.87052],[-2.00312,39.87039],[-2.00409,39.86938],[-2.00446,39.86871],[-2.00447,39.86695],[-2.00382,39.86616],[-2.00141,39.86597],[-2.00089,39.86546],[-1.99996,39.86528],[-1.99889,39.86452],[-1.99792,39.86414],[-1.99715,39.86361],[-1.99554,39.86318],[-1.99465,39.86251],[-1.99435,39.86193],[-1.99228,39.86171],[-1.99122,39.86197],[-1.99062,39.86245],[-1.99053,39.86302],[-1.99105,39.86344],[-1.99087,39.86424],[-1.99163,39.86549],[-1.99162,39.86597],[-1.99137,39.86655],[-1.99134,39.86798],[-1.9918,39.86902],[-1.99051,39.87075],[-1.99034,39.87167],[-1.99,39.8724],[-1.98927,39.87327],[-1.98894,39.87434],[-1.99048,39.87455],[-1.992,39.87514],[-1.99369,39.87548],[-1.99893,39.87732],[-2.0021,39.87881],[-2.00306,39.87897],[-2.00471,39.87996],[-2.00544,39.88015],[-2.00682,39.88113],[-2.0086,39.88142],[-2.00985,39.8811],[-2.01011,39.88146],[-2.00992,39.8822],[-2.01035,39.8827],[-2.01093,39.88418],[-2.01028,39.88541],[-2.00929,39.88623],[-2.00875,39.88699],[-2.00831,39.88723],[-2.00848,39.88789],[-2.01,39.88777],[-2.0111,39.88816],[-2.01197,39.88821],[-2.0135,39.8878],[-2.01452,39.88838],[-2.01548,39.88864],[-2.01834,39.88876],[-2.019,39.88911],[-2.01993,39.88928],[-2.02154,39.8909],[-2.02335,39.89131],[-2.02483,39.8922],[-2.02532,39.89273],[-2.02615,39.8929],[-2.02733,39.89357],[-2.02856,39.89483],[-2.0297,39.89528],[-2.03112,39.89513],[-2.03236,39.89543],[-2.03415,39.89661],[-2.03683,39.8989],[-2.03926,39.89973],[-2.03961,39.9],[-2.03997,39.90119],[-2.03992,39.90392],[-2.03969,39.90442],[-2.03957,39.90542],[-2.03828,39.90672],[-2.03812,39.90735],[-2.03747,39.90674],[-2.03622,39.90656],[-2.03565,39.90611],[-2.0352,39.9054],[-2.03223,39.90387],[-2.03099,39.90284],[-2.03019,39.90263],[-2.02932,39.90263],[-2.02868,39.90293],[-2.02835,39.90292],[-2.02736,39.90223],[-2.02664,39.90197],[-2.02647,39.9013],[-2.0262,39.90105],[-2.02432,39.90052],[-2.02008,39.90047],[-2.01766,39.90148],[-2.01706,39.90154],[-2.01662,39.90144],[-2.01562,39.90071],[-2.01471,39.90078],[-2.0135,39.90021],[-2.01253,39.89996],[-2.01104,39.89987],[-2.01048,39.89949],[-2.00957,39.89947],[-2.00789,39.89986],[-2.00731,39.89952],[-2.00654,39.89964],[-2.00629,39.89945],[-2.00492,39.89918],[-2.00323,39.90082],[-2.0029,39.90133],[-2.00273,39.90202],[-2.00174,39.90283],[-2.0014,39.90357],[-2.00133,39.9054],[-2.00189,39.90659],[-1.99938,39.90571],[-1.99866,39.90568],[-1.99734,39.90597],[-1.99679,39.90653],[-1.99527,39.90735],[-1.99408,39.90713],[-1.99295,39.90633],[-1.9903,39.90551],[-1.98915,39.90473],[-1.98758,39.90466],[-1.98657,39.90638],[-1.98615,39.90682],[-1.98589,39.90749],[-1.98631,39.90823],[-1.98612,39.90896],[-1.98655,39.91039],[-1.98565,39.91111],[-1.98397,39.91162],[-1.98338,39.91265],[-1.98381,39.91427],[-1.98252,39.91503],[-1.98225,39.91527],[-1.98215,39.91565],[-1.98215,39.9161],[-1.98241,39.91654],[-1.9825,39.91784],[-1.9831,39.91829],[-1.98384,39.91848],[-1.98414,39.91886],[-1.98406,39.91919],[-1.98363,39.91964],[-1.98355,39.92013],[-1.98372,39.92095],[-1.98364,39.92145],[-1.98431,39.9225],[-1.98439,39.92288],[-1.98432,39.92716],[-1.98401,39.92851],[-1.98498,39.92912],[-1.98675,39.9297],[-1.98876,39.93073],[-1.99049,39.93087],[-1.991,39.93111],[-1.9909,39.93161],[-1.98986,39.93297],[-1.98975,39.93435],[-1.98943,39.93556],[-1.98882,39.93653],[-1.98697,39.93813],[-1.98571,39.93851],[-1.98535,39.93885],[-1.98512,39.93946],[-1.98557,39.94052],[-1.98557,39.94311],[-1.98568,39.94336],[-1.98693,39.94443],[-1.9867,39.94551],[-1.98703,39.94606],[-1.98892,39.94664],[-1.99171,39.94877],[-1.99319,39.94891],[-1.99383,39.94927],[-1.99482,39.94955],[-1.99443,39.95038],[-1.99387,39.95085],[-1.99345,39.95107],[-1.99234,39.95115],[-1.99195,39.95139],[-1.99047,39.95388],[-1.99074,39.9544],[-1.992,39.95569],[-1.9922,39.9562],[-1.99286,39.95704],[-1.99301,39.95796],[-1.99349,39.95905],[-1.99341,39.95937],[-1.99274,39.95977],[-1.99262,39.96012],[-1.9927,39.96049],[-1.99312,39.96094],[-1.99325,39.96192],[-1.99347,39.96215],[-1.9933,39.96246],[-1.99311,39.96396],[-1.99151,39.96464],[-1.9911,39.96547],[-1.99171,39.96614],[-1.99268,39.96653],[-1.99348,39.96771],[-1.99519,39.9691],[-1.99559,39.96933],[-1.99648,39.96946],[-1.99763,39.97013],[-1.99795,39.97036],[-1.99824,39.97089],[-1.99752,39.97149],[-1.9972,39.972],[-1.99699,39.97313],[-1.99576,39.97345],[-1.99468,39.97473],[-1.99405,39.97514],[-1.99332,39.97532],[-1.99215,39.97616],[-1.99191,39.97642],[-1.99204,39.97689],[-1.99186,39.97743],[-1.99193,39.9778],[-1.99101,39.97814],[-1.99033,39.97877],[-1.99029,39.98099],[-1.99074,39.98186],[-1.99021,39.98228],[-1.98966,39.98239],[-1.98934,39.98359],[-1.98963,39.98526],[-1.98989,39.98551],[-1.99127,39.98563],[-1.99252,39.98668],[-1.99135,39.9887],[-1.99159,39.99028],[-1.9913,39.9911],[-1.99126,39.99277],[-1.99108,39.99291],[-1.9909,39.99353],[-1.99015,39.99403],[-1.98909,39.99644],[-1.9884,39.9969],[-1.9882,39.99755],[-1.9879,39.99787],[-1.98661,39.99854],[-1.98471,39.99859],[-1.98335,39.99907],[-1.98276,39.99975],[-1.98255,40.0005],[-1.98164,40.00137],[-1.97929,40.00172],[-1.97895,40.00192],[-1.97885,40.00222],[-1.97897,40.00274],[-1.97825,40.00345],[-1.97823,40.00483],[-1.97899,40.00587],[-1.97915,40.00655],[-1.97992,40.00731],[-1.98061,40.00751],[-1.98124,40.00802],[-1.98139,40.00914],[-1.98166,40.00949],[-1.98253,40.01014],[-1.98358,40.01034],[-1.98522,40.01133],[-1.98666,40.01147],[-1.98717,40.01169],[-1.98503,40.01361],[-1.98045,40.01707],[-1.97979,40.01833],[-1.97966,40.02023],[-1.97893,40.02089],[-1.97839,40.0219],[-1.9774,40.02226],[-1.97464,40.02404],[-1.97361,40.02422],[-1.97237,40.02491],[-1.97192,40.02562],[-1.97034,40.02734],[-1.97018,40.02978],[-1.96991,40.03019],[-1.96986,40.03225],[-1.9696,40.03266],[-1.9695,40.03388],[-1.96878,40.03477],[-1.96895,40.03537],[-1.96887,40.03611],[-1.96706,40.03753],[-1.96491,40.03765],[-1.96369,40.0386],[-1.96371,40.03885],[-1.96444,40.04003],[-1.96419,40.04088],[-1.96428,40.04131],[-1.96493,40.0418],[-1.96683,40.0424],[-1.96707,40.04265],[-1.96654,40.04336],[-1.96639,40.04465],[-1.96534,40.04538],[-1.9652,40.04691],[-1.96369,40.04832],[-1.96044,40.04901],[-1.96045,40.04957],[-1.95927,40.05204],[-1.95701,40.05386],[-1.95685,40.05539],[-1.95623,40.0555],[-1.95517,40.05506],[-1.9552,40.05573],[-1.95544,40.05634],[-1.95538,40.05718],[-1.95436,40.05834],[-1.95365,40.05843],[-1.9531,40.05958],[-1.95355,40.06036],[-1.95368,40.06122],[-1.95467,40.06234],[-1.95531,40.0637],[-1.95487,40.06401],[-1.95286,40.06432],[-1.95189,40.06479],[-1.95101,40.06569],[-1.95076,40.06618],[-1.94983,40.06636],[-1.94886,40.06695],[-1.94883,40.06766],[-1.94989,40.06838],[-1.95064,40.07004],[-1.95221,40.07229],[-1.95244,40.07292],[-1.95229,40.07353],[-1.95258,40.07406],[-1.95331,40.07471],[-1.954,40.07568],[-1.95501,40.07626],[-1.95675,40.07786],[-1.95678,40.0782],[-1.95413,40.08023],[-1.95276,40.08082],[-1.95206,40.08156],[-1.95077,40.08237],[-1.95029,40.08327],[-1.94961,40.08404],[-1.94483,40.08758],[-1.94375,40.08783],[-1.94147,40.08782],[-1.93815,40.08729],[-1.93748,40.08694],[-1.9367,40.08681],[-1.93612,40.08627],[-1.9346,40.08563],[-1.93409,40.08512],[-1.93168,40.08418],[-1.9299,40.08381],[-1.92788,40.08301],[-1.92664,40.08278],[-1.92607,40.08286],[-1.92515,40.08249],[-1.9251,40.08371],[-1.92484,40.08436],[-1.9247,40.08579],[-1.92387,40.08643],[-1.9219,40.08747],[-1.9201,40.08917],[-1.92013,40.08976],[-1.92423,40.09088],[-1.92474,40.09182],[-1.9251,40.09216],[-1.92693,40.09272],[-1.9277,40.09348],[-1.92874,40.09389],[-1.92902,40.09422],[-1.92913,40.09552],[-1.93031,40.09686],[-1.93116,40.09733],[-1.93213,40.0975],[-1.9332,40.09826],[-1.93473,40.09867],[-1.93566,40.09962],[-1.93637,40.10189],[-1.93734,40.10272],[-1.93763,40.10317],[-1.93781,40.10459],[-1.93867,40.10506],[-1.9394,40.10525],[-1.94016,40.10602],[-1.94089,40.10629],[-1.94086,40.10639],[-1.94041,40.10651],[-1.93706,40.10648],[-1.93644,40.10583],[-1.93587,40.10558],[-1.93463,40.10577],[-1.92895,40.10572],[-1.92843,40.10546],[-1.92822,40.10474],[-1.92796,40.10462],[-1.9271,40.10475],[-1.92637,40.10459],[-1.9242,40.10456],[-1.92303,40.10477],[-1.92357,40.10543],[-1.92359,40.10726],[-1.92375,40.10784],[-1.92274,40.10842],[-1.92241,40.1088],[-1.92233,40.10988],[-1.92206,40.11061],[-1.92202,40.11264],[-1.92156,40.11236],[-1.92107,40.11158],[-1.92018,40.11069],[-1.91751,40.10973],[-1.91452,40.10989],[-1.91176,40.11033],[-1.9066,40.1132],[-1.90622,40.11375],[-1.90575,40.11512],[-1.90436,40.11631],[-1.90058,40.11562],[-1.89956,40.11563],[-1.89714,40.11664],[-1.89476,40.11673],[-1.89211,40.11784],[-1.89024,40.11888],[-1.88916,40.11884],[-1.88854,40.11859],[-1.8882,40.11818],[-1.88598,40.11753],[-1.88419,40.1174],[-1.88312,40.11686],[-1.88216,40.11669],[-1.88141,40.11619],[-1.8796,40.11623],[-1.87875,40.11569],[-1.87729,40.11553],[-1.8767,40.115],[-1.87508,40.1146],[-1.87533,40.11536],[-1.87524,40.11747],[-1.8743,40.11865],[-1.873,40.11991],[-1.87292,40.12024],[-1.87351,40.12086],[-1.87453,40.12129],[-1.87575,40.12248],[-1.87579,40.12323],[-1.87551,40.12397],[-1.87552,40.12468],[-1.87591,40.12519],[-1.87664,40.12528],[-1.8766,40.12682],[-1.87618,40.12791],[-1.87373,40.12797],[-1.87236,40.1283],[-1.87022,40.12816],[-1.86878,40.12857],[-1.86716,40.12837],[-1.86495,40.12917],[-1.86188,40.12921],[-1.86002,40.12989],[-1.85945,40.13173],[-1.85912,40.13224],[-1.85812,40.13305],[-1.8574,40.13401],[-1.85623,40.13476],[-1.85622,40.1359],[-1.85647,40.13662],[-1.85648,40.13784],[-1.85607,40.13897],[-1.85548,40.13942],[-1.85476,40.13958],[-1.85438,40.13992],[-1.85127,40.13999],[-1.85198,40.14078],[-1.85204,40.14337],[-1.85236,40.14366],[-1.8533,40.144],[-1.85369,40.14498],[-1.85282,40.14636],[-1.85276,40.14832],[-1.85247,40.14922],[-1.8524,40.15252],[-1.85223,40.15306],[-1.85237,40.15372],[-1.85209,40.15454],[-1.85203,40.15738],[-1.85174,40.15828],[-1.8517,40.16004],[-1.85207,40.16056],[-1.85368,40.1613],[-1.85395,40.16241],[-1.85373,40.16314],[-1.85399,40.16357],[-1.85402,40.16423],[-1.85424,40.16469],[-1.85416,40.1653],[-1.85347,40.1659],[-1.85326,40.16642],[-1.85296,40.16664],[-1.85117,40.16697],[-1.84964,40.16753],[-1.84826,40.16696],[-1.84765,40.16688],[-1.84179,40.16683],[-1.84042,40.16726],[-1.83983,40.16726],[-1.83978,40.16678],[-1.83927,40.16599],[-1.8396,40.16397],[-1.83959,40.16295],[-1.83938,40.16252],[-1.83887,40.16292],[-1.83785,40.16296],[-1.83637,40.16291],[-1.83543,40.1625],[-1.83383,40.16248],[-1.83259,40.16287],[-1.8301,40.16292],[-1.82945,40.16328],[-1.82845,40.16354],[-1.82815,40.16396],[-1.82841,40.16464],[-1.82841,40.16564],[-1.82829,40.16595],[-1.82811,40.16601],[-1.82807,40.16789],[-1.82768,40.16946],[-1.82451,40.1717],[-1.82394,40.17269],[-1.82406,40.1729],[-1.82493,40.17328],[-1.82605,40.17452],[-1.82698,40.17508],[-1.82763,40.17633],[-1.82723,40.17742],[-1.82625,40.17825],[-1.82722,40.17964],[-1.82689,40.18057],[-1.82668,40.18086],[-1.8265,40.18086],[-1.82473,40.18054],[-1.82367,40.17978],[-1.82214,40.179],[-1.82135,40.17818],[-1.82039,40.17769],[-1.81978,40.17763],[-1.81914,40.17773],[-1.81751,40.17889],[-1.81593,40.17924],[-1.81406,40.18051],[-1.81487,40.18155],[-1.81492,40.18316],[-1.81517,40.18381],[-1.8151,40.18443],[-1.8146,40.18506],[-1.81484,40.18593],[-1.81474,40.18675],[-1.81241,40.18827],[-1.8111,40.18868],[-1.81029,40.18941],[-1.80861,40.18969],[-1.80823,40.1903],[-1.80712,40.19144],[-1.80716,40.19247],[-1.80847,40.19552],[-1.80847,40.19841],[-1.80904,40.19881],[-1.809,40.19942],[-1.80867,40.20017],[-1.80818,40.2006],[-1.80782,40.20139],[-1.80668,40.20096],[-1.80507,40.20087],[-1.80365,40.20024],[-1.79668,40.20015],[-1.79654,40.20078],[-1.79511,40.20211],[-1.79448,40.20253],[-1.79347,40.20287],[-1.79273,40.20366],[-1.79122,40.20475],[-1.78963,40.20533],[-1.78842,40.20597],[-1.78755,40.20666],[-1.78702,40.20745],[-1.78563,40.20849],[-1.7843,40.20898],[-1.7834,40.20909],[-1.78224,40.20963],[-1.78094,40.20989],[-1.7804,40.20915],[-1.78031,40.20859],[-1.78008,40.20853],[-1.78005,40.20834],[-1.77946,40.20788],[-1.77921,40.20785],[-1.77953,40.20703],[-1.77925,40.20585],[-1.77929,40.20331],[-1.77876,40.20281],[-1.77864,40.20228],[-1.77843,40.20221],[-1.77869,40.20135],[-1.77841,40.20009],[-1.77781,40.19912],[-1.77708,40.19846],[-1.77618,40.19701],[-1.77617,40.19661],[-1.7759,40.19648],[-1.7759,40.19591],[-1.77562,40.19585],[-1.77558,40.19544],[-1.77471,40.19329],[-1.77363,40.1918],[-1.77358,40.19132],[-1.7731,40.19046],[-1.77303,40.18922],[-1.77227,40.18797],[-1.77193,40.18591],[-1.77143,40.18474],[-1.77142,40.1837],[-1.77113,40.18366],[-1.77112,40.18307],[-1.77086,40.18287],[-1.77087,40.18209],[-1.77008,40.18134],[-1.76992,40.18079],[-1.76914,40.18004],[-1.76919,40.177],[-1.76873,40.17652],[-1.76855,40.17559],[-1.76822,40.1751],[-1.76699,40.17409],[-1.76662,40.17348],[-1.76618,40.17336],[-1.76563,40.17266],[-1.76498,40.17248],[-1.76375,40.17177],[-1.76199,40.17041],[-1.76108,40.16859],[-1.76026,40.16778],[-1.7586,40.16702],[-1.75687,40.16591],[-1.75606,40.16506],[-1.7551,40.16452],[-1.75446,40.16389],[-1.75394,40.16387],[-1.75343,40.16343],[-1.753,40.16343],[-1.74975,40.16596],[-1.74893,40.16684],[-1.74871,40.16758],[-1.74754,40.16848],[-1.74676,40.16874],[-1.74496,40.16878],[-1.74421,40.16912],[-1.74346,40.169],[-1.74213,40.16924],[-1.74152,40.16967],[-1.74099,40.17047],[-1.74017,40.17112],[-1.73828,40.17184],[-1.73773,40.17262],[-1.73628,40.17353],[-1.73391,40.17357],[-1.73294,40.17323],[-1.73254,40.17469],[-1.73157,40.17553],[-1.73058,40.17612],[-1.73031,40.17682],[-1.72942,40.17749],[-1.72893,40.17755],[-1.72762,40.1772],[-1.72545,40.17773],[-1.72341,40.17785],[-1.72166,40.1789],[-1.72024,40.17999],[-1.71999,40.18055],[-1.71896,40.18166],[-1.71888,40.18242],[-1.7182,40.1828],[-1.71621,40.18287],[-1.71409,40.18325],[-1.71207,40.18329],[-1.70994,40.18373],[-1.70921,40.18407],[-1.7084,40.1839],[-1.70652,40.18386],[-1.70606,40.18426],[-1.70398,40.18505],[-1.70362,40.18554],[-1.70348,40.18617],[-1.70316,40.18646],[-1.70077,40.18723],[-1.69922,40.18833],[-1.69908,40.18883],[-1.69919,40.18931],[-1.70001,40.19004],[-1.70096,40.19059],[-1.70124,40.1912],[-1.70265,40.19207],[-1.70338,40.19227],[-1.70395,40.19277],[-1.7043,40.19285],[-1.70424,40.194],[-1.70394,40.19415],[-1.70271,40.19401],[-1.70179,40.19483],[-1.70085,40.19516],[-1.69992,40.19602],[-1.69938,40.19704],[-1.69773,40.19818],[-1.69825,40.19853],[-1.69841,40.19928],[-1.6994,40.19982],[-1.69975,40.20023],[-1.69861,40.20148],[-1.69836,40.20211],[-1.6984,40.2026],[-1.69518,40.20508],[-1.69327,40.20608],[-1.6931,40.20677],[-1.6925,40.2079],[-1.69176,40.20855],[-1.69094,40.21019],[-1.69032,40.21088],[-1.68985,40.21115],[-1.69013,40.21148],[-1.69011,40.21251],[-1.69101,40.21332],[-1.69183,40.21363],[-1.69285,40.21362],[-1.69348,40.21309],[-1.69395,40.21323],[-1.69508,40.21414],[-1.69607,40.21419],[-1.69733,40.21468],[-1.69869,40.21611],[-1.69931,40.21632],[-1.69964,40.2166],[-1.70043,40.21673],[-1.70083,40.21696],[-1.70221,40.21807],[-1.70259,40.21862],[-1.70313,40.22],[-1.70351,40.22176],[-1.70432,40.22235],[-1.70431,40.22325],[-1.70456,40.2233],[-1.70464,40.22367],[-1.70513,40.22399],[-1.70623,40.22515],[-1.70666,40.22607],[-1.70708,40.22651],[-1.70716,40.22756],[-1.70742,40.22758],[-1.70751,40.22779],[-1.70804,40.2278],[-1.7081,40.22802],[-1.70909,40.22782],[-1.71026,40.22845],[-1.71175,40.22858],[-1.71311,40.22935],[-1.71472,40.22978],[-1.71649,40.231],[-1.7165,40.2318],[-1.71675,40.23206],[-1.7168,40.23255],[-1.71705,40.23279],[-1.71705,40.23323],[-1.71676,40.23333],[-1.71675,40.23352],[-1.71645,40.23352],[-1.71564,40.23449],[-1.71531,40.23521],[-1.71533,40.23547],[-1.71637,40.23696],[-1.71633,40.23743],[-1.71566,40.23907],[-1.71472,40.24023],[-1.71291,40.24162],[-1.71262,40.24223],[-1.71008,40.24436],[-1.7101,40.24456],[-1.71116,40.24576],[-1.71201,40.24757],[-1.71213,40.24821],[-1.71264,40.24857],[-1.71246,40.24871],[-1.71075,40.24873],[-1.71009,40.24847],[-1.70953,40.24792],[-1.70825,40.24762],[-1.70642,40.24632],[-1.70282,40.24456],[-1.69345,40.23889],[-1.69203,40.24008],[-1.69185,40.24099],[-1.69122,40.24195],[-1.68684,40.24535],[-1.685,40.2445],[-1.68341,40.2442],[-1.68196,40.24479],[-1.68115,40.24489],[-1.67987,40.24534],[-1.6789,40.24589],[-1.67895,40.24626],[-1.67972,40.24724],[-1.67971,40.2491],[-1.68013,40.24932],[-1.68147,40.24934],[-1.68201,40.24966],[-1.68258,40.25016],[-1.68314,40.2513],[-1.68313,40.25193],[-1.68278,40.25266],[-1.68174,40.25376],[-1.68128,40.25528],[-1.68079,40.25585],[-1.68076,40.25648],[-1.68151,40.25708],[-1.68187,40.25837],[-1.68237,40.25872],[-1.68233,40.25894],[-1.682,40.25914],[-1.68208,40.25951],[-1.68186,40.26032],[-1.68259,40.26117],[-1.6827,40.26152],[-1.68299,40.26155],[-1.68305,40.26348],[-1.68419,40.26529],[-1.68544,40.26681],[-1.68562,40.26726],[-1.68693,40.26868],[-1.68744,40.26977],[-1.6868,40.27077],[-1.68336,40.27324],[-1.68322,40.2745],[-1.68228,40.27499],[-1.681,40.27534],[-1.68036,40.27592],[-1.68578,40.28154],[-1.68605,40.28292],[-1.68583,40.28346],[-1.68579,40.28422],[-1.68604,40.28504],[-1.68609,40.28613],[-1.68642,40.28694],[-1.68741,40.28851],[-1.6877,40.28977],[-1.68755,40.29031],[-1.68805,40.2923],[-1.68869,40.29302],[-1.68948,40.29294],[-1.69062,40.29328],[-1.69126,40.29399],[-1.69253,40.29483],[-1.69302,40.29557],[-1.69501,40.2976],[-1.69603,40.29719],[-1.69709,40.29647],[-1.69794,40.29677],[-1.69868,40.29643],[-1.69918,40.29639],[-1.69987,40.29646],[-1.70123,40.29724],[-1.70217,40.29751],[-1.70359,40.29758],[-1.70383,40.29797],[-1.70488,40.29881],[-1.70491,40.29922],[-1.70471,40.29973],[-1.70518,40.30066],[-1.70514,40.30143],[-1.70482,40.30196],[-1.70321,40.30322],[-1.70257,40.30394],[-1.70209,40.3053],[-1.70179,40.30561],[-1.70017,40.30651],[-1.69929,40.30659],[-1.69819,40.30734],[-1.69696,40.30767],[-1.69601,40.30814],[-1.69276,40.31038],[-1.69229,40.31084],[-1.69179,40.31106],[-1.69104,40.31177],[-1.6906,40.31173],[-1.68994,40.31103],[-1.6893,40.31076],[-1.6881,40.31063],[-1.68655,40.31014],[-1.6853,40.30911],[-1.68481,40.30935],[-1.68407,40.3103],[-1.68273,40.31047],[-1.68213,40.31091],[-1.68195,40.31159],[-1.68153,40.31204],[-1.68133,40.31272],[-1.68096,40.31323],[-1.68296,40.31415],[-1.68708,40.31567],[-1.68791,40.31624],[-1.6894,40.31683],[-1.68966,40.3176],[-1.69126,40.31925],[-1.69116,40.32123],[-1.68996,40.32211],[-1.68808,40.32269],[-1.68699,40.32343],[-1.68495,40.32392],[-1.68393,40.32386],[-1.68335,40.32362],[-1.68205,40.32237],[-1.68115,40.32187],[-1.68004,40.32187],[-1.6789,40.32226],[-1.67689,40.32229],[-1.67616,40.32245],[-1.67501,40.32228],[-1.67352,40.32286],[-1.67257,40.32262],[-1.67058,40.32175],[-1.66954,40.32175],[-1.66859,40.32194],[-1.66591,40.32188],[-1.66164,40.32067],[-1.66029,40.31989],[-1.65904,40.3194],[-1.65587,40.31873],[-1.65526,40.3188],[-1.65435,40.31845],[-1.65283,40.31819],[-1.65258,40.31829],[-1.65273,40.31882],[-1.65272,40.3208],[-1.65266,40.32148],[-1.65242,40.32203],[-1.65251,40.32234],[-1.65187,40.32261],[-1.65091,40.32264],[-1.64967,40.32219],[-1.64757,40.3221],[-1.64539,40.32125],[-1.64134,40.32043],[-1.64006,40.31921],[-1.63745,40.3191],[-1.63756,40.31894],[-1.63716,40.31856],[-1.63701,40.31797],[-1.63697,40.31583],[-1.63537,40.31488],[-1.63418,40.31474],[-1.63351,40.31449],[-1.63261,40.31373],[-1.6326,40.31198],[-1.63297,40.31085],[-1.63325,40.31054],[-1.63262,40.3102],[-1.62945,40.31042],[-1.62889,40.31006],[-1.62752,40.30993],[-1.62617,40.30941],[-1.62449,40.30831],[-1.62378,40.30756],[-1.62327,40.30725],[-1.61733,40.30863],[-1.61324,40.30981],[-1.61105,40.3106],[-1.61052,40.31114],[-1.60888,40.31362],[-1.60871,40.31453],[-1.60961,40.3156],[-1.61088,40.31629],[-1.61243,40.31679],[-1.61371,40.31746],[-1.61065,40.31739],[-1.60702,40.31792],[-1.60558,40.31796],[-1.6052,40.31825],[-1.60436,40.31844],[-1.60302,40.31868],[-1.60162,40.3187],[-1.60085,40.31902],[-1.59664,40.31838],[-1.59556,40.31843],[-1.59483,40.31877],[-1.59309,40.31857],[-1.59123,40.31878],[-1.59047,40.31848],[-1.58963,40.31732],[-1.58936,40.31655],[-1.5881,40.31606],[-1.5859,40.31601],[-1.58533,40.31663],[-1.58594,40.31704],[-1.58588,40.31794],[-1.58511,40.31825],[-1.58464,40.31809],[-1.58444,40.31837],[-1.58219,40.31963],[-1.58024,40.32002],[-1.57891,40.31997],[-1.57716,40.31953],[-1.57644,40.31902],[-1.57589,40.31801],[-1.57541,40.31757],[-1.57496,40.3165],[-1.57276,40.31396],[-1.57177,40.31356],[-1.5708,40.31271],[-1.57082,40.31168],[-1.57005,40.31053],[-1.56953,40.30932],[-1.56909,40.30786],[-1.56884,40.30565],[-1.56808,40.30461],[-1.56779,40.30364],[-1.56768,40.30234],[-1.56641,40.30151],[-1.56508,40.29983],[-1.56411,40.299],[-1.56403,40.29867],[-1.56283,40.29822],[-1.56116,40.29701],[-1.5605,40.29624],[-1.56014,40.29544],[-1.55947,40.29504],[-1.55944,40.29405],[-1.55977,40.29315],[-1.56015,40.29295],[-1.56024,40.29234],[-1.56008,40.29206],[-1.56003,40.29112],[-1.5597,40.28986],[-1.55818,40.28811],[-1.55798,40.28759],[-1.55728,40.28691],[-1.55724,40.28517],[-1.55698,40.28417],[-1.55704,40.28297],[-1.5574,40.28238],[-1.5591,40.28168],[-1.55839,40.28157],[-1.55775,40.28103],[-1.55659,40.28086],[-1.5561,40.27967],[-1.55514,40.27884],[-1.55438,40.2774],[-1.55382,40.27693],[-1.55314,40.27667],[-1.55232,40.2769],[-1.55073,40.27826],[-1.55042,40.27872],[-1.54992,40.28175],[-1.54901,40.28523],[-1.54808,40.28973],[-1.54748,40.29133],[-1.54767,40.29184],[-1.54735,40.2928],[-1.54638,40.29364],[-1.54601,40.29471],[-1.54561,40.29517],[-1.54477,40.29554],[-1.54459,40.296],[-1.54418,40.29632],[-1.5422,40.29605],[-1.5404,40.29499],[-1.5383,40.2949],[-1.53687,40.29459],[-1.53652,40.29409],[-1.53631,40.29323],[-1.53649,40.29272],[-1.53642,40.29227],[-1.53523,40.29159],[-1.53255,40.2909],[-1.53057,40.29069],[-1.52959,40.29107],[-1.52896,40.2916],[-1.528,40.29161],[-1.52716,40.29107],[-1.52669,40.29054],[-1.52482,40.29044],[-1.52432,40.28962],[-1.52118,40.2888],[-1.51954,40.28782],[-1.51768,40.28742],[-1.51657,40.28749],[-1.51574,40.28777],[-1.51444,40.28875],[-1.5139,40.2893],[-1.51344,40.29014],[-1.51266,40.29236],[-1.51222,40.29258],[-1.51162,40.29361],[-1.51143,40.29367],[-1.50893,40.29247],[-1.50862,40.29217],[-1.5083,40.29147],[-1.5084,40.28927],[-1.50936,40.28765],[-1.51037,40.28663],[-1.51139,40.28482],[-1.51136,40.2842],[-1.51113,40.28362],[-1.51112,40.28172],[-1.51025,40.27939],[-1.50912,40.27905],[-1.50787,40.27959],[-1.5075,40.27958],[-1.5074,40.2787],[-1.50761,40.2779],[-1.50731,40.27743],[-1.50661,40.2771],[-1.5057,40.27695],[-1.50483,40.2771],[-1.50425,40.27695],[-1.50208,40.27706],[-1.50036,40.27777],[-1.49952,40.27658],[-1.49955,40.27519],[-1.49985,40.27423],[-1.4998,40.27384],[-1.49932,40.27321],[-1.49959,40.27244],[-1.49958,40.27144],[-1.49937,40.27125],[-1.49796,40.27091],[-1.49768,40.27066],[-1.49819,40.26963],[-1.49794,40.26778],[-1.49667,40.26711],[-1.49569,40.26608],[-1.49481,40.26622],[-1.4936,40.2661],[-1.49308,40.26566],[-1.49254,40.26455],[-1.49308,40.26361],[-1.49404,40.26262],[-1.49392,40.26248],[-1.49318,40.26226],[-1.48878,40.26222],[-1.4841,40.26278],[-1.48151,40.26335],[-1.48075,40.26371],[-1.4804,40.2644],[-1.47959,40.2644],[-1.47962,40.26465],[-1.47907,40.26487],[-1.47889,40.26487],[-1.47825,40.26424],[-1.47663,40.26374],[-1.47587,40.2633],[-1.47441,40.26189],[-1.4726,40.26071],[-1.46968,40.25822],[-1.46916,40.25762],[-1.46871,40.25649],[-1.4685,40.2564],[-1.46852,40.25611],[-1.46871,40.25581],[-1.46935,40.2556],[-1.46965,40.25517],[-1.46966,40.25475],[-1.46746,40.25176],[-1.46554,40.24964],[-1.46462,40.24551],[-1.46465,40.24466],[-1.46491,40.24376],[-1.46482,40.24266],[-1.46461,40.2425],[-1.46297,40.24236],[-1.45916,40.24253],[-1.45833,40.24276],[-1.45679,40.24263],[-1.45446,40.24135],[-1.45114,40.24063],[-1.44977,40.24],[-1.44951,40.23963],[-1.45144,40.2379],[-1.45167,40.23695],[-1.4521,40.23661],[-1.45246,40.2358],[-1.45254,40.23508],[-1.4521,40.23371],[-1.45065,40.23176],[-1.45045,40.23124],[-1.44923,40.23067],[-1.44859,40.22965],[-1.44856,40.22902],[-1.44882,40.22826],[-1.44832,40.22672],[-1.44835,40.22505],[-1.44859,40.22435],[-1.4483,40.2231],[-1.4474,40.22216],[-1.44672,40.22174],[-1.44639,40.22104],[-1.44503,40.22028],[-1.44438,40.22017],[-1.4433,40.21948],[-1.44283,40.219],[-1.44199,40.21907],[-1.44114,40.21865],[-1.44061,40.21739],[-1.43932,40.2166],[-1.43843,40.21654],[-1.43781,40.21611],[-1.4369,40.21464],[-1.43714,40.21409],[-1.43668,40.21293],[-1.43352,40.21057],[-1.43336,40.20945],[-1.43283,40.20833],[-1.43059,40.20725],[-1.42999,40.20713],[-1.42883,40.20644],[-1.42815,40.20569],[-1.42703,40.20482],[-1.42589,40.2045],[-1.42791,40.20289],[-1.42866,40.20149],[-1.43034,40.19963],[-1.43078,40.19859],[-1.43144,40.19765],[-1.43186,40.19731],[-1.43268,40.19576],[-1.4324,40.19343],[-1.43371,40.19218],[-1.43382,40.19169],[-1.43353,40.19116],[-1.43245,40.19047],[-1.43243,40.18898],[-1.43262,40.18831],[-1.43188,40.18722],[-1.43118,40.18678],[-1.42984,40.18674],[-1.42991,40.18623],[-1.43044,40.18555],[-1.42993,40.18431],[-1.42991,40.18359],[-1.43107,40.18235],[-1.43153,40.18144],[-1.43282,40.1804],[-1.43303,40.17965],[-1.43158,40.17746],[-1.42993,40.17642],[-1.43234,40.17644],[-1.43345,40.17611],[-1.43425,40.17578],[-1.43498,40.17524],[-1.43543,40.17457],[-1.43549,40.17239],[-1.4366,40.17071],[-1.43686,40.17013],[-1.43709,40.16881],[-1.43704,40.16842],[-1.43676,40.16816],[-1.43531,40.16746],[-1.43504,40.16685],[-1.43514,40.16622],[-1.43487,40.16575],[-1.43451,40.16549],[-1.43449,40.16509],[-1.43483,40.16458],[-1.43599,40.16374],[-1.4367,40.16354],[-1.43702,40.16324],[-1.4379,40.16292],[-1.43823,40.16259],[-1.43892,40.1618],[-1.43903,40.16126],[-1.43992,40.16036],[-1.44106,40.15838],[-1.44116,40.15769],[-1.44191,40.15668],[-1.44269,40.15523],[-1.44342,40.15453],[-1.44549,40.1531],[-1.44555,40.1527],[-1.44515,40.15123],[-1.44585,40.15057],[-1.4457,40.14991],[-1.44593,40.14924],[-1.44571,40.14861],[-1.44556,40.14669],[-1.44702,40.14538],[-1.4482,40.1453],[-1.44848,40.14411],[-1.44944,40.14318],[-1.4504,40.1427],[-1.45156,40.14257],[-1.45327,40.14116],[-1.45491,40.13901],[-1.45682,40.13707],[-1.45727,40.1363],[-1.45861,40.13489],[-1.45868,40.13419],[-1.45913,40.13383],[-1.45933,40.13339],[-1.4605,40.13269],[-1.46103,40.13168],[-1.46125,40.1305],[-1.45947,40.13039],[-1.45771,40.13055],[-1.45593,40.12934],[-1.45542,40.12883],[-1.45324,40.12794],[-1.45168,40.12585],[-1.44958,40.12407],[-1.44907,40.12262],[-1.44846,40.12226],[-1.44736,40.12123],[-1.44636,40.12087],[-1.44461,40.11972],[-1.44397,40.11895],[-1.44377,40.11842],[-1.44393,40.11783],[-1.44375,40.11758],[-1.44379,40.11689],[-1.44428,40.11635],[-1.44506,40.11306],[-1.44497,40.1126],[-1.44414,40.11151],[-1.44447,40.11123],[-1.44755,40.11143],[-1.45065,40.11015],[-1.45124,40.10922],[-1.4508,40.10742],[-1.45202,40.1067],[-1.45271,40.10666],[-1.45306,40.10683],[-1.45794,40.10675],[-1.45951,40.10633],[-1.45987,40.10598],[-1.46016,40.10516],[-1.46015,40.10403],[-1.4597,40.10272],[-1.45992,40.10217],[-1.45989,40.10171],[-1.45948,40.10162],[-1.45888,40.10192],[-1.45826,40.10197],[-1.45645,40.10154],[-1.45556,40.1015],[-1.45403,40.10189],[-1.4528,40.10155],[-1.44888,40.1014],[-1.44764,40.10113],[-1.4465,40.10047],[-1.44453,40.09994],[-1.4428,40.09878],[-1.44255,40.09836],[-1.44266,40.09794],[-1.4422,40.09677],[-1.44105,40.09647],[-1.43995,40.09559],[-1.43951,40.09445],[-1.43903,40.09379],[-1.43908,40.0907],[-1.44067,40.09067],[-1.44198,40.09019],[-1.44384,40.08999],[-1.44725,40.08918],[-1.44903,40.08902],[-1.44991,40.08917],[-1.45045,40.0891],[-1.45147,40.08848],[-1.45448,40.08536],[-1.45472,40.08481],[-1.45478,40.08411],[-1.45555,40.08277],[-1.45523,40.08239],[-1.45574,40.08179],[-1.45619,40.08177],[-1.4568,40.08213],[-1.46007,40.08055],[-1.46164,40.08007],[-1.46299,40.07988],[-1.46508,40.07985],[-1.46849,40.08051],[-1.46926,40.08039],[-1.47017,40.08007],[-1.47182,40.07838],[-1.47394,40.07684],[-1.47429,40.07601],[-1.47424,40.07547],[-1.47375,40.07472],[-1.4713,40.07375],[-1.46988,40.07294],[-1.46688,40.07163],[-1.46554,40.07063],[-1.46393,40.06998],[-1.46265,40.06879],[-1.46108,40.06862],[-1.45963,40.06815],[-1.45897,40.06768],[-1.45743,40.06798],[-1.45682,40.06795],[-1.45656,40.06763],[-1.45632,40.06773],[-1.45627,40.06733],[-1.4555,40.06696],[-1.45484,40.06493],[-1.4541,40.06442],[-1.45287,40.06222],[-1.45226,40.06144],[-1.44956,40.05924],[-1.44923,40.05864],[-1.44915,40.05764],[-1.44867,40.05674],[-1.44689,40.05457],[-1.4442,40.05266],[-1.44274,40.05207],[-1.44211,40.05222],[-1.44147,40.05212],[-1.44101,40.05135],[-1.43954,40.05017],[-1.43882,40.04938],[-1.43853,40.04881],[-1.4375,40.04871],[-1.43645,40.04794],[-1.43579,40.04766],[-1.43518,40.04751],[-1.43444,40.04864],[-1.43399,40.04881],[-1.4331,40.04958],[-1.43139,40.0502],[-1.42997,40.0492],[-1.42919,40.049],[-1.42859,40.04903],[-1.42784,40.0495],[-1.42608,40.0499],[-1.4252,40.04934],[-1.42236,40.0486],[-1.42088,40.04984],[-1.4187,40.0504],[-1.41781,40.05107],[-1.41738,40.05302],[-1.41707,40.05298],[-1.41706,40.05454],[-1.41667,40.05357],[-1.41543,40.05251],[-1.413,40.05101],[-1.41194,40.0501],[-1.41096,40.04874],[-1.41035,40.04764],[-1.40909,40.04401],[-1.40892,40.0409],[-1.40806,40.03992],[-1.40737,40.03853],[-1.40688,40.03801],[-1.40556,40.03722],[-1.40534,40.03671],[-1.40468,40.0361],[-1.40345,40.03424],[-1.40183,40.03246],[-1.40124,40.03149],[-1.40114,40.03071],[-1.40069,40.03034],[-1.40011,40.02944],[-1.39973,40.02788],[-1.39788,40.02609],[-1.39643,40.02327],[-1.39586,40.02246],[-1.39448,40.0211],[-1.39415,40.02052],[-1.39412,40.02008],[-1.39365,40.01956],[-1.39151,40.0177],[-1.39045,40.01764],[-1.38871,40.01825],[-1.38557,40.01969],[-1.384,40.02017],[-1.38049,40.02102],[-1.37901,40.0211],[-1.37852,40.01974],[-1.37809,40.01945],[-1.37734,40.01828],[-1.37688,40.018],[-1.37665,40.01744],[-1.37661,40.01568],[-1.3764,40.01531],[-1.37635,40.01459],[-1.37605,40.0138],[-1.37527,40.01309],[-1.37529,40.01176],[-1.37441,40.01073],[-1.37369,40.01026],[-1.37346,40.00969],[-1.37279,40.00908],[-1.37243,40.00851],[-1.3727,40.00762],[-1.37223,40.00719],[-1.37217,40.00666],[-1.37227,40.0063],[-1.37274,40.0058],[-1.37281,40.00492],[-1.37229,40.00442],[-1.37108,40.00459],[-1.37058,40.00439],[-1.3703,40.00412],[-1.37035,40.00377],[-1.36989,40.00296],[-1.36845,40.00136],[-1.36502,39.99958],[-1.36446,39.99845],[-1.36448,39.997],[-1.36461,39.99627],[-1.36565,39.99557],[-1.36514,39.99463],[-1.36359,39.99461],[-1.36279,39.9944],[-1.3588,39.99476],[-1.35676,39.99474],[-1.35611,39.99536],[-1.35598,39.99595],[-1.35564,39.99624],[-1.35457,39.99629],[-1.35361,39.99607],[-1.35239,39.99606],[-1.35152,39.99662],[-1.35042,39.99688],[-1.34925,39.9975],[-1.34843,39.99753],[-1.34721,39.99796],[-1.3465,39.99793],[-1.34582,39.99767],[-1.34333,39.99762],[-1.34043,39.99766],[-1.33958,39.99787],[-1.33766,39.9962],[-1.337,39.995],[-1.33491,39.99337],[-1.33258,39.99241],[-1.3316,39.99251],[-1.33105,39.99226],[-1.33055,39.99174],[-1.32932,39.99155],[-1.32848,39.98942],[-1.32782,39.98917],[-1.3263,39.98909],[-1.32547,39.98886],[-1.32435,39.98895],[-1.32294,39.98876],[-1.32283,39.98817],[-1.32307,39.98747],[-1.32289,39.98674],[-1.32315,39.98597],[-1.32295,39.98548],[-1.32287,39.98448],[-1.32236,39.98393],[-1.32236,39.98373],[-1.32291,39.98311],[-1.32332,39.9822],[-1.32387,39.98169],[-1.32361,39.98116],[-1.32363,39.98036],[-1.32416,39.97927],[-1.32451,39.97803],[-1.32276,39.97628],[-1.32144,39.97541],[-1.32155,39.97462],[-1.32095,39.97348],[-1.32078,39.97242],[-1.32032,39.97186],[-1.32035,39.97123],[-1.32066,39.97073],[-1.32054,39.97018],[-1.31957,39.96772],[-1.31923,39.96613],[-1.3181,39.96494],[-1.31276,39.96123],[-1.31199,39.96114],[-1.31165,39.96064],[-1.31109,39.96068],[-1.30878,39.95999],[-1.3083,39.95922],[-1.30702,39.95841],[-1.3061,39.95733],[-1.30491,39.95687],[-1.30402,39.95679],[-1.30233,39.95628],[-1.30179,39.95602],[-1.30099,39.95521],[-1.29955,39.95445],[-1.29905,39.95392],[-1.29784,39.95319],[-1.2966,39.95279],[-1.29546,39.95202],[-1.29313,39.95138],[-1.29262,39.95021],[-1.29202,39.94985],[-1.29059,39.94848],[-1.29011,39.94765],[-1.28887,39.94687],[-1.28837,39.94584],[-1.28783,39.94536],[-1.28648,39.94489],[-1.28462,39.94504],[-1.28431,39.94444],[-1.28341,39.94348],[-1.28272,39.94311],[-1.28204,39.94236],[-1.28039,39.94115],[-1.28095,39.9399],[-1.28103,39.93923],[-1.28094,39.93875],[-1.28023,39.93763],[-1.28037,39.93715],[-1.28246,39.93714],[-1.28329,39.93754],[-1.28404,39.93761],[-1.28628,39.93741],[-1.288,39.93764],[-1.28958,39.93733],[-1.28996,39.93546],[-1.29141,39.93372],[-1.29223,39.93238],[-1.29232,39.93105],[-1.29198,39.93036],[-1.291,39.92975],[-1.29044,39.92884],[-1.29038,39.92838],[-1.29055,39.92788],[-1.29001,39.92673],[-1.28877,39.92531],[-1.28763,39.9243],[-1.2863,39.92256],[-1.28436,39.92104],[-1.28273,39.92019],[-1.28168,39.9189],[-1.28021,39.91786],[-1.27848,39.91615],[-1.27706,39.9156],[-1.27565,39.91639],[-1.27375,39.9163],[-1.2725,39.91649],[-1.27028,39.91527],[-1.26907,39.91418],[-1.26902,39.91378],[-1.26828,39.91322],[-1.26794,39.91259],[-1.26744,39.91255],[-1.26654,39.91181],[-1.26653,39.911],[-1.2648,39.90927],[-1.26319,39.90837],[-1.26158,39.90692],[-1.26034,39.90614],[-1.25816,39.90294],[-1.25749,39.90257],[-1.25592,39.90227],[-1.256,39.90154],[-1.25502,39.89836],[-1.2551,39.89794],[-1.25487,39.89754],[-1.25488,39.89723],[-1.25502,39.8969],[-1.25601,39.89605],[-1.25649,39.89446],[-1.25683,39.89404],[-1.25737,39.89396],[-1.25748,39.89364],[-1.25744,39.8929],[-1.25663,39.89278],[-1.25626,39.89252],[-1.25593,39.89171],[-1.2559,39.89116],[-1.25561,39.89079],[-1.25548,39.8901],[-1.25553,39.88903],[-1.25619,39.88787],[-1.25624,39.88736],[-1.25613,39.88672],[-1.25557,39.88601],[-1.25563,39.8854],[-1.25585,39.88416],[-1.25645,39.88326],[-1.25796,39.88209],[-1.25898,39.88153],[-1.25926,39.88032],[-1.25992,39.88008],[-1.26195,39.87977],[-1.26333,39.87903],[-1.26386,39.879],[-1.26516,39.87847],[-1.26959,39.87773],[-1.27317,39.87679],[-1.27365,39.87643],[-1.27446,39.87476],[-1.27556,39.87352],[-1.27678,39.87323],[-1.27943,39.87126],[-1.28013,39.87052],[-1.28127,39.86967],[-1.28194,39.86875],[-1.28261,39.86855],[-1.28283,39.86866],[-1.28434,39.86739],[-1.28569,39.86663],[-1.2865,39.86536],[-1.28706,39.86497],[-1.28772,39.86497],[-1.28945,39.863],[-1.29062,39.86203],[-1.29475,39.86099],[-1.29683,39.85993],[-1.29716,39.85951],[-1.29789,39.859],[-1.29752,39.85786],[-1.29931,39.85733],[-1.30175,39.85539],[-1.30229,39.85472],[-1.30213,39.8544],[-1.30076,39.85325],[-1.30046,39.8522],[-1.30041,39.85059],[-1.29938,39.84911],[-1.29939,39.84728],[-1.29951,39.84693],[-1.30111,39.84591],[-1.30248,39.84469],[-1.30277,39.84343],[-1.30325,39.84285],[-1.30374,39.84045],[-1.30324,39.83895],[-1.30193,39.83666],[-1.30202,39.83578],[-1.30174,39.83468],[-1.302,39.83355],[-1.30174,39.8326],[-1.30074,39.8317],[-1.3004,39.83111],[-1.30044,39.82859],[-1.29998,39.82811],[-1.29989,39.82734],[-1.29998,39.82535],[-1.30053,39.82455],[-1.30129,39.82432],[-1.30189,39.82372],[-1.30459,39.82289],[-1.30506,39.82139],[-1.30552,39.82088],[-1.30567,39.82003],[-1.30602,39.81954],[-1.30778,39.81887],[-1.30885,39.81885],[-1.31019,39.81836],[-1.31074,39.81734],[-1.31143,39.81675],[-1.31194,39.81555],[-1.31299,39.81424],[-1.31335,39.81319],[-1.31343,39.81151],[-1.31372,39.81078],[-1.31435,39.81075],[-1.31484,39.81053],[-1.31543,39.80998],[-1.31793,39.8087],[-1.3193,39.80754],[-1.31854,39.80637],[-1.31851,39.80378],[-1.31755,39.80256],[-1.31821,39.80199],[-1.31847,39.80143],[-1.31948,39.8006],[-1.31971,39.8002],[-1.31962,39.79974],[-1.32011,39.79893],[-1.32016,39.79826],[-1.32122,39.79797],[-1.3223,39.797],[-1.32365,39.79623],[-1.3247,39.79524],[-1.32651,39.79472],[-1.32726,39.79431],[-1.3273,39.79391],[-1.32784,39.79359],[-1.32793,39.79227],[-1.32849,39.79112],[-1.32856,39.78974],[-1.32872,39.78928],[-1.32864,39.78883],[-1.32938,39.78791],[-1.32921,39.78721],[-1.32937,39.78659],[-1.32928,39.7862],[-1.3301,39.784],[-1.3303,39.78289],[-1.33106,39.7822],[-1.33427,39.78202],[-1.33609,39.78249],[-1.33777,39.78253],[-1.33784,39.7827],[-1.339,39.78319],[-1.33955,39.78322],[-1.3403,39.78272],[-1.34063,39.7822],[-1.34077,39.78158],[-1.34107,39.78127],[-1.34295,39.78056],[-1.34422,39.77934],[-1.34487,39.77799],[-1.34486,39.77743],[-1.34463,39.77685],[-1.34468,39.77622],[-1.34504,39.77573],[-1.34577,39.77535],[-1.34613,39.77497],[-1.34332,39.77278],[-1.34303,39.77145],[-1.3433,39.77067],[-1.34341,39.76795],[-1.34462,39.76588],[-1.34525,39.76534],[-1.34751,39.76432],[-1.34827,39.76363],[-1.3489,39.76344],[-1.35054,39.7621],[-1.35156,39.76237],[-1.35223,39.76189],[-1.35252,39.76143],[-1.35282,39.76034],[-1.35228,39.75877],[-1.35185,39.75804],[-1.3517,39.75734],[-1.35107,39.75651],[-1.35124,39.75614],[-1.3524,39.75573],[-1.35514,39.75596],[-1.3565,39.75554],[-1.3576,39.75557],[-1.35854,39.75579],[-1.36033,39.75579],[-1.36181,39.75481],[-1.36224,39.75472],[-1.36341,39.75476],[-1.36382,39.75497],[-1.3646,39.75499],[-1.36485,39.7552],[-1.36693,39.75524],[-1.37091,39.75463],[-1.37346,39.75465],[-1.37351,39.75372],[-1.37428,39.75279],[-1.37463,39.75206],[-1.37475,39.75082],[-1.37502,39.75017],[-1.37581,39.75012],[-1.37821,39.74909],[-1.3785,39.74912],[-1.37865,39.74931],[-1.37976,39.74933],[-1.38139,39.74861],[-1.38296,39.74758],[-1.38299,39.74645],[-1.38169,39.74617],[-1.38102,39.7457],[-1.38015,39.74448],[-1.37986,39.74382],[-1.38071,39.74216],[-1.38082,39.74017],[-1.38139,39.73916],[-1.38114,39.73809],[-1.38121,39.73672],[-1.38214,39.73614],[-1.38294,39.73586],[-1.38296,39.73543],[-1.38291,39.73487],[-1.38235,39.73351],[-1.38159,39.73242],[-1.38191,39.7317],[-1.38265,39.73103],[-1.38277,39.73067],[-1.38172,39.7297],[-1.38164,39.72825],[-1.38133,39.7272],[-1.38032,39.72601],[-1.38031,39.72403],[-1.3806,39.7233],[-1.3807,39.72118],[-1.38299,39.71994],[-1.38303,39.71902],[-1.38239,39.71791],[-1.38128,39.71674],[-1.38088,39.71651],[-1.37947,39.71618],[-1.37903,39.71574],[-1.38015,39.71413],[-1.3806,39.71298],[-1.38119,39.71229],[-1.38346,39.71222],[-1.38479,39.71241],[-1.38516,39.71218],[-1.38579,39.71122],[-1.3855,39.70962],[-1.38422,39.70872],[-1.38365,39.70675],[-1.3837,39.70625],[-1.38465,39.7055],[-1.38697,39.70417],[-1.38757,39.70421],[-1.38851,39.70463],[-1.39079,39.70449],[-1.39165,39.70526],[-1.39211,39.70536],[-1.39563,39.70514],[-1.39611,39.70461],[-1.39777,39.70481],[-1.39871,39.70522],[-1.39964,39.70522],[-1.40028,39.70502],[-1.40031,39.70466],[-1.40058,39.70446],[-1.40059,39.70398],[-1.40034,39.7038],[-1.40025,39.70339],[-1.39956,39.70246],[-1.39872,39.70037],[-1.39887,39.69979],[-1.39874,39.69927],[-1.39906,39.69855],[-1.39957,39.69803],[-1.40056,39.698],[-1.40124,39.69776],[-1.40298,39.69654],[-1.40505,39.6959],[-1.40674,39.6956],[-1.4076,39.69506],[-1.40967,39.69419],[-1.41062,39.69413],[-1.4115,39.69428],[-1.41178,39.69412],[-1.41197,39.6924],[-1.41224,39.69175],[-1.4123,39.69061],[-1.41285,39.68945],[-1.41298,39.68821],[-1.41375,39.68728],[-1.41416,39.68599],[-1.4152,39.68522],[-1.41747,39.68516],[-1.41812,39.68481],[-1.41931,39.68448],[-1.42019,39.68395],[-1.42364,39.68354],[-1.42435,39.68383],[-1.42649,39.68548],[-1.42882,39.68609],[-1.42973,39.68669],[-1.43127,39.68708],[-1.43352,39.68876],[-1.43538,39.68886],[-1.4362,39.68948],[-1.43884,39.68982],[-1.44007,39.69062],[-1.44183,39.69099],[-1.44261,39.69138],[-1.44439,39.69146],[-1.44635,39.69211],[-1.44845,39.69216],[-1.44892,39.69239],[-1.45132,39.69243],[-1.45181,39.69264],[-1.45276,39.69267],[-1.45305,39.69171],[-1.45314,39.69041],[-1.4536,39.68921],[-1.45318,39.68818],[-1.4532,39.68725],[-1.45356,39.68667],[-1.45427,39.68608],[-1.45436,39.68579],[-1.45405,39.68478],[-1.4536,39.68442],[-1.45357,39.68409],[-1.45492,39.68294],[-1.45539,39.6818],[-1.45599,39.68114],[-1.45661,39.68085],[-1.45788,39.6804],[-1.45957,39.68009],[-1.46022,39.67975],[-1.46179,39.67973],[-1.46219,39.68032],[-1.46365,39.68136],[-1.46413,39.68218],[-1.46518,39.68258],[-1.46711,39.68395],[-1.46724,39.68491],[-1.4674,39.68515],[-1.46863,39.68542],[-1.47014,39.68549],[-1.47082,39.68574],[-1.47207,39.68644],[-1.47316,39.68749],[-1.47408,39.68753],[-1.47503,39.68734],[-1.47643,39.68756],[-1.47707,39.68736],[-1.47793,39.68682],[-1.47836,39.6861],[-1.47889,39.68568],[-1.48043,39.68555],[-1.48114,39.68511],[-1.48171,39.68442],[-1.48188,39.6835],[-1.48221,39.68299],[-1.48542,39.68059],[-1.48616,39.6805],[-1.4871,39.6807],[-1.48759,39.68065],[-1.48873,39.67942],[-1.48968,39.67911],[-1.49353,39.67714],[-1.49527,39.67569],[-1.49684,39.67525],[-1.49815,39.67526],[-1.49931,39.67548],[-1.49969,39.67543],[-1.49999,39.67519],[-1.5001,39.67441],[-1.50038,39.67432],[-1.50036,39.67394],[-1.49958,39.67311],[-1.49904,39.67191],[-1.49951,39.6713],[-1.49976,39.67059],[-1.49913,39.67],[-1.49889,39.66943],[-1.49829,39.66907],[-1.49753,39.66831],[-1.49654,39.66772],[-1.49597,39.66653],[-1.49613,39.66595],[-1.49586,39.66558],[-1.49495,39.66492],[-1.49377,39.66478],[-1.49307,39.66446],[-1.49285,39.66397],[-1.49357,39.66335],[-1.49394,39.66258],[-1.49313,39.66229],[-1.49265,39.66147],[-1.49086,39.65971],[-1.4909,39.65946],[-1.49135,39.65895],[-1.49138,39.65803],[-1.49036,39.65683],[-1.48995,39.65501],[-1.48952,39.6545],[-1.48946,39.65289],[-1.48905,39.65116],[-1.48979,39.64955],[-1.48994,39.64847],[-1.49063,39.64802],[-1.49069,39.6478],[-1.48825,39.64525],[-1.48823,39.6438],[-1.48847,39.6431],[-1.48765,39.64078],[-1.48619,39.63935],[-1.48467,39.63863],[-1.48372,39.63842],[-1.48276,39.63638],[-1.48122,39.63531],[-1.48092,39.63451],[-1.48107,39.63394],[-1.48061,39.63329],[-1.48056,39.63071],[-1.48006,39.63005],[-1.47792,39.62832],[-1.47762,39.62763],[-1.47788,39.62669],[-1.47843,39.62566],[-1.47765,39.62513],[-1.47695,39.62389],[-1.47595,39.62352],[-1.47477,39.62276],[-1.47474,39.62222],[-1.47525,39.62143],[-1.47519,39.62114],[-1.47465,39.62073],[-1.47402,39.62054],[-1.47369,39.61981],[-1.47181,39.61929],[-1.47057,39.61965],[-1.4697,39.61942],[-1.46926,39.61905],[-1.47089,39.6181],[-1.47111,39.61715],[-1.47157,39.61664],[-1.47164,39.61573],[-1.47122,39.61441],[-1.47275,39.61425],[-1.4736,39.61362],[-1.47389,39.61309],[-1.47479,39.6129],[-1.47542,39.61226],[-1.4759,39.61112],[-1.47642,39.61039],[-1.47643,39.60916],[-1.47581,39.60835],[-1.47424,39.60731],[-1.47324,39.60627],[-1.47229,39.60588],[-1.47355,39.60457],[-1.47366,39.60419],[-1.47359,39.60337],[-1.4726,39.60225],[-1.47176,39.60015],[-1.47209,39.59952],[-1.4728,39.59893],[-1.47304,39.59839],[-1.4735,39.59812],[-1.47328,39.59772],[-1.47315,39.59661],[-1.47172,39.59524],[-1.47068,39.59495],[-1.4688,39.59485],[-1.46721,39.59378],[-1.45805,39.59359],[-1.45613,39.59213],[-1.45549,39.59187],[-1.45291,39.59119],[-1.45194,39.59121],[-1.45112,39.59019],[-1.45023,39.58951],[-1.44869,39.58903],[-1.44651,39.58893],[-1.44538,39.58835],[-1.44421,39.58798],[-1.4441,39.58772],[-1.44462,39.58663],[-1.4446,39.58571],[-1.4442,39.58525],[-1.444,39.58473],[-1.44351,39.58432],[-1.44282,39.58436],[-1.44132,39.58408],[-1.44123,39.58377],[-1.44149,39.58281],[-1.44096,39.58192],[-1.43815,39.58158],[-1.43708,39.58032],[-1.43675,39.58011],[-1.43589,39.57995],[-1.4352,39.57914],[-1.43391,39.57929],[-1.43328,39.57894],[-1.43101,39.57859],[-1.43007,39.5781],[-1.43003,39.5765],[-1.43057,39.57593],[-1.43058,39.57516],[-1.42846,39.57332],[-1.42835,39.57296],[-1.42847,39.57168],[-1.42878,39.57147],[-1.42973,39.57127],[-1.42959,39.57074],[-1.4296,39.56912],[-1.42912,39.56836],[-1.42931,39.56802],[-1.4294,39.56682],[-1.42967,39.56646],[-1.42919,39.56624],[-1.42902,39.56542],[-1.42805,39.56593],[-1.42685,39.56611],[-1.42652,39.56584],[-1.42558,39.56419],[-1.42339,39.5633],[-1.4231,39.56279],[-1.42307,39.5623],[-1.42089,39.56331],[-1.4176,39.56311],[-1.41537,39.56283],[-1.41393,39.56236],[-1.41293,39.56184],[-1.41206,39.56103]]]}},{"type":"Feature","id":"21-0","properties":{"NomSistExp":"Palancia - Los Valles","Subsistema":"Alto y Medio Palancia","Superf km2":1087.44,"Area km2":1087.44,"id":"21-0"},"geometry":{"type":"Polygon","coordinates":[[[-0.31493,39.77617],[-0.31408,39.77588],[-0.31321,39.77515],[-0.31316,39.77424],[-0.31302,39.77419],[-0.31149,39.77426],[-0.30927,39.7738],[-0.3084,39.77381],[-0.30753,39.77429],[-0.30641,39.77577],[-0.30498,39.77599],[-0.30441,39.77654],[-0.30388,39.7776],[-0.30417,39.7784],[-0.30412,39.77882],[-0.30314,39.77904],[-0.30079,39.77869],[-0.29903,39.77811],[-0.29761,39.77806],[-0.29593,39.77741],[-0.29177,39.77748],[-0.29086,39.77693],[-0.28972,39.7759],[-0.28856,39.77521],[-0.28767,39.77492],[-0.28516,39.77509],[-0.28072,39.77422],[-0.27993,39.77373],[-0.27935,39.77266],[-0.2784,39.7716],[-0.27658,39.77052],[-0.27634,39.76739],[-0.2758,39.7653],[-0.27474,39.76328],[-0.27334,39.76169],[-0.27244,39.76028],[-0.27234,39.7596],[-0.27252,39.75906],[-0.27383,39.7572],[-0.27416,39.75623],[-0.27417,39.75536],[-0.2734,39.75295],[-0.27294,39.75209],[-0.27199,39.75061],[-0.27108,39.74989],[-0.26794,39.74877],[-0.26368,39.74551],[-0.26065,39.74421],[-0.25956,39.74327],[-0.25825,39.74292],[-0.25649,39.74273],[-0.25349,39.74271],[-0.24743,39.74306],[-0.24617,39.74297],[-0.24203,39.74065],[-0.24103,39.74036],[-0.23725,39.73982],[-0.23597,39.73911],[-0.2345,39.73854],[-0.23355,39.73925],[-0.23278,39.74025],[-0.22649,39.73654],[-0.2235,39.73522],[-0.21851,39.73352],[-0.21548,39.73225],[-0.20511,39.72848],[-0.20075,39.72674],[-0.19641,39.72528],[-0.19306,39.72375],[-0.19177,39.72359],[-0.19035,39.7229],[-0.18822,39.72229],[-0.18827,39.72191],[-0.18878,39.7218],[-0.18914,39.72081],[-0.18966,39.72087],[-0.19022,39.71997],[-0.19061,39.71785],[-0.19271,39.71203],[-0.19334,39.71161],[-0.19665,39.70274],[-0.19974,39.69251],[-0.19972,39.692],[-0.20195,39.68136],[-0.2023,39.67638],[-0.2023,39.6758],[-0.20177,39.67533],[-0.20124,39.67529],[-0.20111,39.67556],[-0.20096,39.67553],[-0.20076,39.67338],[-0.2009,39.67217],[-0.20114,39.67218],[-0.20109,39.67265],[-0.20124,39.67278],[-0.20104,39.67291],[-0.20101,39.67321],[-0.20106,39.67503],[-0.20295,39.67511],[-0.20309,39.673],[-0.20195,39.67295],[-0.20188,39.67383],[-0.20176,39.67383],[-0.2017,39.67282],[-0.20236,39.67273],[-0.20263,39.67206],[-0.20272,39.67241],[-0.20294,39.67248],[-0.20342,39.6724],[-0.20374,39.67215],[-0.20364,39.67156],[-0.20386,39.67109],[-0.20508,39.66902],[-0.20591,39.66795],[-0.20677,39.66567],[-0.2078,39.66467],[-0.20826,39.66342],[-0.20909,39.65888],[-0.20967,39.65414],[-0.20601,39.65247],[-0.2058,39.65217],[-0.2058,39.65206],[-0.20596,39.65212],[-0.20601,39.64854],[-0.20882,39.64673],[-0.20812,39.64369],[-0.20815,39.6433],[-0.20855,39.6433],[-0.2098,39.64957],[-0.21099,39.65222],[-0.21072,39.65223],[-0.21027,39.65113],[-0.20995,39.65116],[-0.2094,39.65235],[-0.2096,39.65271],[-0.21524,39.65527],[-0.21545,39.65499],[-0.21573,39.65512],[-0.21935,39.65035],[-0.21355,39.64762],[-0.21383,39.64711],[-0.21364,39.6467],[-0.21409,39.64657],[-0.21573,39.64735],[-0.21619,39.64701],[-0.21682,39.64616],[-0.21709,39.64598],[-0.21709,39.64613],[-0.21773,39.64611],[-0.21887,39.64518],[-0.21978,39.64561],[-0.22025,39.64498],[-0.22046,39.64509],[-0.22023,39.64545],[-0.22047,39.64557],[-0.22106,39.64485],[-0.22076,39.64463],[-0.22142,39.64412],[-0.22254,39.64406],[-0.22308,39.64347],[-0.22464,39.64254],[-0.22656,39.64184],[-0.22773,39.64079],[-0.23007,39.63915],[-0.23196,39.63833],[-0.23266,39.63777],[-0.23342,39.63764],[-0.23396,39.6373],[-0.23639,39.6368],[-0.23759,39.63617],[-0.23903,39.63511],[-0.2409,39.63311],[-0.24295,39.63126],[-0.24388,39.63011],[-0.24661,39.6286],[-0.24798,39.62734],[-0.2517,39.62324],[-0.25255,39.62264],[-0.25433,39.62082],[-0.25791,39.61622],[-0.25922,39.61662],[-0.25986,39.6166],[-0.2609,39.61596],[-0.26561,39.61488],[-0.26804,39.61399],[-0.28925,39.62543],[-0.29129,39.62638],[-0.29604,39.62916],[-0.29928,39.62954],[-0.30246,39.63105],[-0.30331,39.63161],[-0.30577,39.63121],[-0.30977,39.63207],[-0.31462,39.63352],[-0.31601,39.63485],[-0.31697,39.63617],[-0.3175,39.63662],[-0.31767,39.63705],[-0.31766,39.63942],[-0.3183,39.64062],[-0.31808,39.64224],[-0.31789,39.6429],[-0.31758,39.6433],[-0.3176,39.64445],[-0.31795,39.6449],[-0.3196,39.64512],[-0.32119,39.64565],[-0.32134,39.64622],[-0.3219,39.64683],[-0.3232,39.64787],[-0.32418,39.64825],[-0.32481,39.64874],[-0.32605,39.65026],[-0.32714,39.65042],[-0.32895,39.64999],[-0.3296,39.64998],[-0.33213,39.65168],[-0.33311,39.6527],[-0.33411,39.65288],[-0.34406,39.64962],[-0.34418,39.64983],[-0.34507,39.65018],[-0.34636,39.65108],[-0.34794,39.65246],[-0.34869,39.65337],[-0.35095,39.65424],[-0.35217,39.65542],[-0.35338,39.65622],[-0.35405,39.65638],[-0.35532,39.65629],[-0.3564,39.65673],[-0.35699,39.65723],[-0.35721,39.65766],[-0.35737,39.65875],[-0.35778,39.65963],[-0.35763,39.66076],[-0.35689,39.66262],[-0.35678,39.66381],[-0.35691,39.66421],[-0.35904,39.66541],[-0.36003,39.66619],[-0.36066,39.6664],[-0.36158,39.66637],[-0.36319,39.6669],[-0.36421,39.66792],[-0.36492,39.66829],[-0.36775,39.66876],[-0.36974,39.6688],[-0.37067,39.66946],[-0.37075,39.67024],[-0.37097,39.67065],[-0.37138,39.67089],[-0.37316,39.67112],[-0.37353,39.67148],[-0.37424,39.67169],[-0.37553,39.67123],[-0.3767,39.67115],[-0.38018,39.67181],[-0.38241,39.67258],[-0.38345,39.67315],[-0.38759,39.67735],[-0.38759,39.67954],[-0.38858,39.68154],[-0.38897,39.6819],[-0.38961,39.68208],[-0.38936,39.68375],[-0.3879,39.6851],[-0.38742,39.68535],[-0.38703,39.68589],[-0.3872,39.68662],[-0.38845,39.68726],[-0.38874,39.68757],[-0.38873,39.68835],[-0.38843,39.68962],[-0.38648,39.691],[-0.384,39.69225],[-0.38553,39.69317],[-0.38636,39.69397],[-0.38663,39.69466],[-0.3865,39.69526],[-0.38532,39.69698],[-0.38527,39.69775],[-0.38585,39.69813],[-0.38676,39.69824],[-0.38942,39.69751],[-0.3921,39.69725],[-0.39471,39.69613],[-0.39542,39.69614],[-0.39763,39.6971],[-0.39965,39.6991],[-0.40018,39.69937],[-0.40161,39.69912],[-0.40232,39.69922],[-0.40266,39.69992],[-0.40361,39.70076],[-0.40429,39.70105],[-0.40655,39.70121],[-0.40966,39.69941],[-0.41202,39.69826],[-0.41267,39.69814],[-0.41304,39.69837],[-0.41339,39.69939],[-0.41409,39.70005],[-0.41551,39.70066],[-0.41585,39.70137],[-0.41686,39.70257],[-0.41743,39.70291],[-0.42154,39.70412],[-0.42516,39.70394],[-0.42625,39.70434],[-0.42854,39.70732],[-0.42958,39.70928],[-0.43036,39.70979],[-0.43449,39.71014],[-0.43908,39.70889],[-0.43971,39.70912],[-0.44055,39.71006],[-0.44089,39.71259],[-0.44191,39.71381],[-0.44196,39.71438],[-0.4415,39.71572],[-0.44167,39.71596],[-0.44343,39.71645],[-0.44472,39.71735],[-0.44511,39.71738],[-0.44584,39.71679],[-0.44638,39.71662],[-0.44713,39.71661],[-0.44813,39.71696],[-0.44908,39.71702],[-0.45014,39.71677],[-0.45238,39.71551],[-0.45479,39.71465],[-0.45614,39.71461],[-0.45849,39.7149],[-0.45927,39.71478],[-0.46178,39.71532],[-0.46257,39.71602],[-0.46298,39.71688],[-0.46286,39.71808],[-0.46258,39.71888],[-0.46625,39.72114],[-0.4666,39.72154],[-0.46675,39.72456],[-0.46768,39.72789],[-0.46771,39.73083],[-0.46803,39.73179],[-0.46926,39.73371],[-0.47003,39.73441],[-0.47271,39.7356],[-0.47431,39.73597],[-0.47656,39.73632],[-0.47876,39.73636],[-0.48292,39.73686],[-0.4846,39.73743],[-0.48513,39.7379],[-0.48629,39.73841],[-0.48748,39.7395],[-0.48911,39.74053],[-0.4899,39.74068],[-0.49096,39.74048],[-0.49203,39.74053],[-0.49276,39.74074],[-0.4932,39.74113],[-0.49331,39.74194],[-0.49307,39.74326],[-0.49363,39.74421],[-0.49897,39.74751],[-0.49905,39.74801],[-0.49947,39.74843],[-0.50009,39.75033],[-0.49959,39.75208],[-0.49826,39.75296],[-0.49624,39.75288],[-0.49672,39.75336],[-0.49765,39.75384],[-0.49865,39.75482],[-0.4999,39.75562],[-0.50212,39.75678],[-0.5052,39.75759],[-0.50594,39.758],[-0.5071,39.75909],[-0.50709,39.76079],[-0.50918,39.76927],[-0.50953,39.77122],[-0.51101,39.77252],[-0.51125,39.77388],[-0.5141,39.77587],[-0.51418,39.77692],[-0.5135,39.77749],[-0.51324,39.77837],[-0.51352,39.77876],[-0.51804,39.78187],[-0.51917,39.78309],[-0.5222,39.78471],[-0.52321,39.78548],[-0.52344,39.7864],[-0.52341,39.78707],[-0.52335,39.78764],[-0.52309,39.78815],[-0.52309,39.78875],[-0.52346,39.78925],[-0.52463,39.79001],[-0.52577,39.79051],[-0.5261,39.79096],[-0.52948,39.79199],[-0.52951,39.79328],[-0.52965,39.79373],[-0.53023,39.79415],[-0.53048,39.79464],[-0.53042,39.79509],[-0.53096,39.79611],[-0.53155,39.79658],[-0.53223,39.79688],[-0.53542,39.79734],[-0.53586,39.79755],[-0.53736,39.79886],[-0.53801,39.79915],[-0.54228,39.79969],[-0.54622,39.80067],[-0.54716,39.80068],[-0.54793,39.80018],[-0.54847,39.79776],[-0.54838,39.79674],[-0.54859,39.79614],[-0.54936,39.7956],[-0.55108,39.79518],[-0.55232,39.79455],[-0.55292,39.79403],[-0.55577,39.79305],[-0.5578,39.79169],[-0.5593,39.79109],[-0.5607,39.79116],[-0.56502,39.79304],[-0.56792,39.79321],[-0.56893,39.79297],[-0.57084,39.79207],[-0.5723,39.79115],[-0.57262,39.7903],[-0.57377,39.78974],[-0.5756,39.78794],[-0.57581,39.78702],[-0.57592,39.78523],[-0.57684,39.78382],[-0.57795,39.78342],[-0.57931,39.78318],[-0.58164,39.78338],[-0.58233,39.78388],[-0.58335,39.785],[-0.58436,39.78745],[-0.58473,39.788],[-0.58651,39.78886],[-0.58693,39.79152],[-0.58897,39.7933],[-0.58901,39.79409],[-0.58936,39.79531],[-0.5898,39.79575],[-0.59073,39.79617],[-0.59114,39.79654],[-0.59129,39.79701],[-0.59087,39.79809],[-0.59089,39.79876],[-0.58986,39.7992],[-0.58936,39.79991],[-0.58945,39.80026],[-0.5899,39.80064],[-0.59135,39.80141],[-0.59173,39.80187],[-0.59201,39.80237],[-0.59227,39.80356],[-0.59363,39.80427],[-0.59594,39.80476],[-0.59743,39.80585],[-0.59924,39.8064],[-0.59959,39.80831],[-0.60028,39.80909],[-0.60455,39.80987],[-0.60469,39.81008],[-0.60344,39.81203],[-0.60286,39.81358],[-0.60353,39.81546],[-0.60285,39.81628],[-0.60094,39.81993],[-0.60184,39.82115],[-0.60279,39.82175],[-0.60468,39.82218],[-0.60596,39.82275],[-0.60636,39.82328],[-0.60631,39.8241],[-0.60726,39.82496],[-0.60725,39.8254],[-0.60558,39.82675],[-0.6057,39.82704],[-0.60677,39.82777],[-0.60761,39.82883],[-0.60831,39.82912],[-0.60989,39.8303],[-0.6121,39.83099],[-0.61298,39.83016],[-0.61423,39.82792],[-0.6147,39.82753],[-0.61643,39.82741],[-0.61887,39.82762],[-0.62453,39.82973],[-0.624,39.82878],[-0.62409,39.82825],[-0.62713,39.82618],[-0.62713,39.82466],[-0.62755,39.82296],[-0.62822,39.82232],[-0.63129,39.82131],[-0.63266,39.8206],[-0.6352,39.82153],[-0.6373,39.82165],[-0.63884,39.82139],[-0.64036,39.81986],[-0.64102,39.81872],[-0.64185,39.81774],[-0.64263,39.81709],[-0.64364,39.81656],[-0.64461,39.81628],[-0.64519,39.81619],[-0.64572,39.81651],[-0.64608,39.81699],[-0.64618,39.81755],[-0.64854,39.82022],[-0.64925,39.8206],[-0.65004,39.82076],[-0.65566,39.8203],[-0.65855,39.81913],[-0.66,39.81918],[-0.66077,39.81893],[-0.66157,39.81858],[-0.66293,39.81755],[-0.66392,39.81742],[-0.66439,39.81821],[-0.66451,39.82],[-0.66542,39.8211],[-0.66678,39.82173],[-0.6687,39.82209],[-0.67123,39.82328],[-0.67279,39.8252],[-0.67403,39.82602],[-0.67703,39.82667],[-0.67792,39.82716],[-0.67846,39.82785],[-0.67855,39.82856],[-0.67833,39.82944],[-0.67574,39.83123],[-0.67385,39.83308],[-0.67371,39.83365],[-0.67384,39.8347],[-0.67364,39.83577],[-0.67396,39.83643],[-0.67499,39.83761],[-0.67579,39.83823],[-0.67785,39.83931],[-0.67981,39.84116],[-0.68007,39.84161],[-0.68025,39.84308],[-0.68051,39.84369],[-0.68098,39.84453],[-0.68214,39.84572],[-0.68307,39.84617],[-0.68661,39.84715],[-0.6882,39.84754],[-0.68888,39.84752],[-0.69315,39.8452],[-0.69515,39.84362],[-0.69565,39.84278],[-0.6959,39.83864],[-0.69619,39.83692],[-0.69726,39.83571],[-0.70011,39.83385],[-0.70108,39.83269],[-0.70138,39.83195],[-0.70196,39.83122],[-0.70271,39.83075],[-0.70302,39.82975],[-0.703,39.82853],[-0.70269,39.827],[-0.70321,39.82619],[-0.70433,39.82534],[-0.70572,39.8248],[-0.7074,39.82457],[-0.70813,39.82462],[-0.70858,39.82478],[-0.70951,39.82574],[-0.71051,39.82635],[-0.71088,39.82916],[-0.71105,39.82962],[-0.71139,39.82997],[-0.71274,39.83028],[-0.71317,39.83017],[-0.71388,39.82972],[-0.71491,39.82946],[-0.71508,39.82927],[-0.71496,39.82855],[-0.71515,39.82831],[-0.71678,39.82817],[-0.71792,39.82845],[-0.71926,39.82905],[-0.72037,39.83066],[-0.72142,39.83163],[-0.72356,39.83158],[-0.72458,39.83191],[-0.72577,39.83258],[-0.72686,39.83357],[-0.72841,39.83636],[-0.73179,39.83827],[-0.73325,39.84173],[-0.73356,39.84191],[-0.73439,39.84184],[-0.73491,39.84202],[-0.73754,39.84383],[-0.73867,39.84696],[-0.73912,39.84791],[-0.73959,39.84833],[-0.74008,39.8487],[-0.74305,39.84902],[-0.74586,39.84993],[-0.74724,39.85156],[-0.74937,39.85262],[-0.74941,39.85309],[-0.74905,39.85359],[-0.74866,39.85494],[-0.74887,39.85569],[-0.7494,39.85619],[-0.75114,39.85641],[-0.7529,39.8563],[-0.75608,39.85696],[-0.75661,39.85752],[-0.75678,39.85827],[-0.75632,39.85981],[-0.75639,39.86107],[-0.75586,39.86268],[-0.75573,39.86376],[-0.75596,39.86579],[-0.75699,39.86714],[-0.75832,39.86835],[-0.75953,39.86912],[-0.76051,39.86962],[-0.7642,39.87061],[-0.76718,39.87081],[-0.77063,39.87039],[-0.77208,39.87045],[-0.77377,39.86972],[-0.77433,39.86922],[-0.77499,39.86737],[-0.77549,39.86709],[-0.77704,39.86673],[-0.77888,39.86697],[-0.7816,39.86862],[-0.784,39.86968],[-0.7858,39.87003],[-0.78719,39.86993],[-0.7878,39.8701],[-0.78957,39.87199],[-0.79132,39.87309],[-0.79218,39.8733],[-0.79309,39.87398],[-0.79332,39.87508],[-0.79387,39.87606],[-0.79459,39.87646],[-0.7969,39.87684],[-0.79877,39.87788],[-0.79909,39.87991],[-0.79969,39.88073],[-0.8004,39.88127],[-0.80223,39.88337],[-0.80278,39.88462],[-0.80292,39.88529],[-0.80262,39.88687],[-0.80155,39.88917],[-0.80147,39.88982],[-0.80313,39.89179],[-0.80478,39.89247],[-0.80686,39.89283],[-0.80854,39.89439],[-0.81041,39.89573],[-0.81116,39.89613],[-0.81258,39.89636],[-0.81371,39.89707],[-0.81429,39.89721],[-0.81483,39.89715],[-0.81908,39.89592],[-0.81974,39.89605],[-0.81993,39.89639],[-0.82098,39.89716],[-0.82108,39.89745],[-0.82108,39.89772],[-0.82021,39.89859],[-0.81992,39.89949],[-0.81991,39.90069],[-0.82025,39.90123],[-0.82135,39.90171],[-0.8247,39.90158],[-0.82526,39.90179],[-0.82736,39.90384],[-0.82799,39.90451],[-0.82835,39.90578],[-0.82867,39.90762],[-0.8285,39.90938],[-0.82905,39.9101],[-0.83035,39.91044],[-0.83114,39.91027],[-0.83428,39.9104],[-0.83505,39.91062],[-0.83547,39.91093],[-0.83507,39.91149],[-0.83315,39.91278],[-0.83264,39.91354],[-0.83248,39.91439],[-0.83376,39.91881],[-0.83487,39.92064],[-0.83593,39.92171],[-0.83608,39.92323],[-0.83585,39.9236],[-0.8343,39.9247],[-0.83378,39.9255],[-0.83283,39.92751],[-0.83145,39.93125],[-0.83308,39.93264],[-0.83486,39.93352],[-0.8375,39.93397],[-0.83871,39.93444],[-0.84219,39.93712],[-0.84305,39.93755],[-0.84349,39.93927],[-0.84334,39.94043],[-0.84228,39.94295],[-0.84265,39.94414],[-0.84336,39.94478],[-0.84493,39.94576],[-0.84582,39.94661],[-0.84641,39.94802],[-0.84643,39.94881],[-0.84493,39.94958],[-0.83869,39.9514],[-0.83588,39.95274],[-0.83487,39.95358],[-0.83455,39.9543],[-0.83426,39.95559],[-0.83432,39.95598],[-0.83393,39.95719],[-0.83299,39.95773],[-0.83237,39.95778],[-0.83209,39.95975],[-0.83246,39.96063],[-0.83311,39.96131],[-0.8349,39.96213],[-0.83557,39.9626],[-0.8378,39.96439],[-0.83873,39.96581],[-0.84062,39.96705],[-0.84247,39.96758],[-0.8426,39.96795],[-0.84233,39.96833],[-0.84032,39.97051],[-0.83972,39.97105],[-0.83815,39.97173],[-0.83872,39.97229],[-0.84114,39.97378],[-0.8426,39.97495],[-0.84361,39.97547],[-0.84468,39.97567],[-0.84546,39.97603],[-0.8461,39.97649],[-0.84615,39.97709],[-0.84491,39.97812],[-0.84471,39.97845],[-0.84471,39.97966],[-0.84489,39.97992],[-0.84488,39.98033],[-0.84358,39.98133],[-0.84247,39.98163],[-0.84112,39.98281],[-0.84076,39.98413],[-0.84076,39.98565],[-0.839,39.98631],[-0.83738,39.98659],[-0.83483,39.98799],[-0.83364,39.99083],[-0.83285,39.99155],[-0.83319,39.99322],[-0.83401,39.99568],[-0.83359,39.99678],[-0.8323,39.9976],[-0.83113,39.99932],[-0.83016,39.99976],[-0.8291,39.99964],[-0.82806,40.0011],[-0.82564,40.00225],[-0.82507,40.00236],[-0.82367,40.00205],[-0.82254,40.00252],[-0.82202,40.00248],[-0.82128,40.00237],[-0.81728,40.00077],[-0.81426,40.00053],[-0.81397,40.00028],[-0.8141,39.99863],[-0.81377,39.99798],[-0.81321,39.99745],[-0.81135,39.99639],[-0.80666,39.99492],[-0.80576,39.99477],[-0.80189,39.99496],[-0.79924,39.99458],[-0.79709,39.9946],[-0.79383,39.99407],[-0.79193,39.99418],[-0.78832,39.99481],[-0.78562,39.99388],[-0.78482,39.99378],[-0.78373,39.99397],[-0.78323,39.99424],[-0.78201,39.99579],[-0.78038,39.99717],[-0.77941,39.99778],[-0.77721,39.99869],[-0.77668,39.9994],[-0.77645,40.00059],[-0.77613,40.00095],[-0.7748,40.0012],[-0.77238,40.00105],[-0.77095,40.00077],[-0.7662,39.99902],[-0.76492,39.99879],[-0.76116,39.99872],[-0.76038,39.99857],[-0.75477,39.99721],[-0.74697,39.99503],[-0.74322,39.99359],[-0.74149,39.99246],[-0.73848,39.98991],[-0.73781,39.9898],[-0.73671,39.98997],[-0.73503,39.99077],[-0.73323,39.9914],[-0.73216,39.99161],[-0.72884,39.99173],[-0.72704,39.99247],[-0.72607,39.99307],[-0.72433,39.99476],[-0.7235,39.99503],[-0.72105,39.99687],[-0.71882,39.99887],[-0.71827,39.99978],[-0.71815,40.00035],[-0.71548,40.00193],[-0.71469,40.00259],[-0.71405,40.00428],[-0.71417,40.00518],[-0.71372,40.00686],[-0.71042,40.00813],[-0.7072,40.00849],[-0.70528,40.00978],[-0.70166,40.01035],[-0.69937,40.01114],[-0.69564,40.01134],[-0.69343,40.01094],[-0.6875,40.01067],[-0.68339,40.01074],[-0.68011,40.01123],[-0.6764,40.01233],[-0.67485,40.01466],[-0.67336,40.01626],[-0.67201,40.01714],[-0.66952,40.01776],[-0.6686,40.01768],[-0.66705,40.01702],[-0.66654,40.01658],[-0.66581,40.01544],[-0.66567,40.01427],[-0.66537,40.01387],[-0.66364,40.01216],[-0.66273,40.01149],[-0.66116,40.01076],[-0.65879,40.01027],[-0.65531,40.009],[-0.65312,40.00848],[-0.65216,40.00863],[-0.6512,40.00854],[-0.64901,40.00904],[-0.64646,40.00934],[-0.64466,40.0091],[-0.64281,40.00836],[-0.64083,40.00825],[-0.63891,40.00853],[-0.63808,40.00851],[-0.63741,40.00808],[-0.63671,40.00714],[-0.63647,40.00614],[-0.63619,40.00582],[-0.63326,40.00423],[-0.63185,40.00379],[-0.63062,40.00406],[-0.63024,40.00447],[-0.63006,40.00561],[-0.62965,40.00667],[-0.62868,40.0083],[-0.62692,40.00887],[-0.62439,40.00936],[-0.62286,40.00928],[-0.62171,40.00862],[-0.62162,40.00821],[-0.62219,40.00594],[-0.62211,40.00526],[-0.62156,40.00387],[-0.6211,40.00314],[-0.61964,40.00212],[-0.61934,40.00161],[-0.61934,40.001],[-0.6197,39.9997],[-0.61914,39.99842],[-0.6182,39.99753],[-0.61684,39.9969],[-0.61477,39.99668],[-0.61367,39.99677],[-0.60894,39.9979],[-0.59996,39.9991],[-0.59709,39.99872],[-0.59445,39.99754],[-0.59074,39.99646],[-0.59019,39.9961],[-0.58998,39.99575],[-0.59042,39.99361],[-0.59014,39.99231],[-0.58853,39.99125],[-0.58778,39.99107],[-0.58655,39.99105],[-0.58257,39.99126],[-0.57529,39.992],[-0.57495,39.99173],[-0.57498,39.99122],[-0.57449,39.99011],[-0.57365,39.98892],[-0.57302,39.98868],[-0.56762,39.98965],[-0.56548,39.98904],[-0.5641,39.98893],[-0.5618,39.98844],[-0.56077,39.98871],[-0.56007,39.98909],[-0.55896,39.99018],[-0.55432,39.99112],[-0.55363,39.99201],[-0.55158,39.99298],[-0.54924,39.99507],[-0.54828,39.99532],[-0.54656,39.99537],[-0.54289,39.99692],[-0.54006,39.99888],[-0.53944,39.99975],[-0.53927,40.00031],[-0.53882,40.00065],[-0.53774,40.0008],[-0.53716,40.00067],[-0.53594,40.00071],[-0.53538,40.00108],[-0.53406,40.00131],[-0.53316,40.00225],[-0.53246,40.00393],[-0.53174,40.00467],[-0.52912,40.00564],[-0.52676,40.00597],[-0.52583,40.00581],[-0.52269,40.00434],[-0.52147,40.00423],[-0.52087,40.00438],[-0.52041,40.00504],[-0.52021,40.00646],[-0.51992,40.00686],[-0.51904,40.00749],[-0.51834,40.00754],[-0.51622,40.00684],[-0.51401,40.0057],[-0.51344,40.00574],[-0.51211,40.00629],[-0.50915,40.00621],[-0.5034,40.00542],[-0.50245,40.00478],[-0.50118,40.00442],[-0.49725,40.0049],[-0.49622,40.00525],[-0.49593,40.00563],[-0.49516,40.00593],[-0.49167,40.00673],[-0.49005,40.00623],[-0.48857,40.00561],[-0.48747,40.00485],[-0.48582,40.00234],[-0.48574,40.00171],[-0.48586,40.00111],[-0.48548,40.00023],[-0.48581,39.99929],[-0.48566,39.99825],[-0.4847,39.99757],[-0.48215,39.99728],[-0.47991,39.99544],[-0.48074,39.99306],[-0.48031,39.99192],[-0.4813,39.99138],[-0.48219,39.99129],[-0.48298,39.99132],[-0.48427,39.99171],[-0.48479,39.99159],[-0.48468,39.99111],[-0.48426,39.99047],[-0.48243,39.9882],[-0.48226,39.98626],[-0.48193,39.98589],[-0.4802,39.98525],[-0.47842,39.98411],[-0.47746,39.98368],[-0.4759,39.98345],[-0.47533,39.98308],[-0.47495,39.9813],[-0.47456,39.98051],[-0.47241,39.97982],[-0.47173,39.97822],[-0.46917,39.97721],[-0.46843,39.97747],[-0.46614,39.97865],[-0.46479,39.98068],[-0.46424,39.98121],[-0.46118,39.98234],[-0.46044,39.98236],[-0.45905,39.98204],[-0.45612,39.98214],[-0.45505,39.9816],[-0.45382,39.98122],[-0.44984,39.98143],[-0.44925,39.98118],[-0.44655,39.98079],[-0.44563,39.98024],[-0.44444,39.97845],[-0.44132,39.97664],[-0.44013,39.9757],[-0.43892,39.97544],[-0.4381,39.9755],[-0.43739,39.97514],[-0.43629,39.97487],[-0.43389,39.97481],[-0.43331,39.97458],[-0.43184,39.97312],[-0.43025,39.97232],[-0.42906,39.97144],[-0.42684,39.97061],[-0.42631,39.97018],[-0.42485,39.96842],[-0.42475,39.96794],[-0.42507,39.96758],[-0.42519,39.96704],[-0.42569,39.96621],[-0.42684,39.96521],[-0.42746,39.96404],[-0.42762,39.96339],[-0.42747,39.96116],[-0.42707,39.9603],[-0.42649,39.95983],[-0.42376,39.95884],[-0.42179,39.95741],[-0.4222,39.95606],[-0.42294,39.95516],[-0.42451,39.95372],[-0.42469,39.95332],[-0.42453,39.95213],[-0.42415,39.95141],[-0.42376,39.95125],[-0.42325,39.95051],[-0.42305,39.94946],[-0.42196,39.9481],[-0.42152,39.94712],[-0.42113,39.9467],[-0.41979,39.9459],[-0.41759,39.94501],[-0.41675,39.94438],[-0.41521,39.94399],[-0.41432,39.94354],[-0.41325,39.94258],[-0.41222,39.94221],[-0.4124,39.94171],[-0.41279,39.94138],[-0.41292,39.94092],[-0.41203,39.93962],[-0.41177,39.93868],[-0.41193,39.93844],[-0.41421,39.93783],[-0.41586,39.93665],[-0.41677,39.9363],[-0.41608,39.93525],[-0.41408,39.93445],[-0.41352,39.93376],[-0.41349,39.93219],[-0.413,39.93068],[-0.41294,39.92967],[-0.41248,39.92887],[-0.41248,39.92795],[-0.41142,39.92763],[-0.4101,39.92662],[-0.40864,39.92601],[-0.40816,39.9246],[-0.40788,39.92429],[-0.40578,39.92347],[-0.40535,39.92306],[-0.40357,39.92299],[-0.40142,39.9219],[-0.39981,39.92178],[-0.39895,39.92153],[-0.39858,39.92098],[-0.39778,39.92061],[-0.39519,39.92033],[-0.39369,39.91989],[-0.39114,39.91981],[-0.3911,39.91897],[-0.39025,39.91827],[-0.38945,39.91801],[-0.3895,39.91719],[-0.38869,39.91503],[-0.38815,39.91447],[-0.3882,39.9131],[-0.38851,39.9114],[-0.3875,39.91043],[-0.38742,39.90985],[-0.38711,39.90942],[-0.38643,39.90887],[-0.38537,39.9076],[-0.3823,39.90678],[-0.38151,39.90673],[-0.38102,39.90611],[-0.38037,39.90602],[-0.37977,39.90573],[-0.3786,39.90441],[-0.37667,39.90269],[-0.37605,39.90187],[-0.37595,39.90123],[-0.3747,39.90077],[-0.37297,39.90067],[-0.37132,39.89995],[-0.37049,39.89937],[-0.36809,39.89862],[-0.36415,39.89846],[-0.36186,39.89798],[-0.36119,39.89755],[-0.35984,39.89726],[-0.35996,39.89709],[-0.35968,39.89637],[-0.35941,39.89299],[-0.3589,39.89138],[-0.35924,39.89002],[-0.35926,39.88888],[-0.35821,39.88675],[-0.35864,39.88597],[-0.35964,39.88519],[-0.35982,39.88411],[-0.36112,39.88147],[-0.36192,39.88043],[-0.36103,39.87955],[-0.35817,39.87764],[-0.35632,39.87843],[-0.355,39.87823],[-0.35117,39.87726],[-0.34851,39.87719],[-0.34739,39.87738],[-0.34648,39.87679],[-0.34563,39.87579],[-0.34378,39.87437],[-0.34151,39.87477],[-0.34008,39.87457],[-0.33919,39.87456],[-0.3388,39.87471],[-0.3375,39.87454],[-0.33699,39.87462],[-0.3344,39.87403],[-0.33256,39.87384],[-0.33025,39.87334],[-0.32922,39.87294],[-0.32543,39.87237],[-0.32563,39.87216],[-0.32488,39.87221],[-0.32586,39.87096],[-0.32551,39.86953],[-0.32475,39.86809],[-0.32492,39.86723],[-0.3242,39.86627],[-0.32289,39.8656],[-0.3211,39.8655],[-0.32048,39.86531],[-0.31748,39.86522],[-0.31657,39.86552],[-0.31513,39.86648],[-0.31425,39.86684],[-0.31417,39.8671],[-0.31386,39.86732],[-0.31342,39.86742],[-0.31244,39.86802],[-0.31106,39.86801],[-0.31043,39.86815],[-0.30939,39.86812],[-0.30848,39.86775],[-0.30693,39.86752],[-0.30635,39.86766],[-0.30574,39.86746],[-0.30517,39.86782],[-0.3035,39.86781],[-0.30256,39.86762],[-0.30205,39.86769],[-0.3007,39.86732],[-0.29733,39.86697],[-0.29675,39.86672],[-0.29621,39.86604],[-0.29426,39.86547],[-0.29413,39.86505],[-0.29303,39.86374],[-0.29233,39.86187],[-0.29148,39.86159],[-0.29113,39.86111],[-0.29051,39.86065],[-0.29074,39.8588],[-0.29199,39.85717],[-0.29455,39.85552],[-0.29515,39.8548],[-0.29704,39.85359],[-0.29942,39.85249],[-0.29944,39.85036],[-0.29967,39.84999],[-0.29961,39.84981],[-0.29995,39.84879],[-0.30084,39.84782],[-0.30101,39.84743],[-0.30094,39.84707],[-0.3007,39.84682],[-0.30086,39.84566],[-0.30169,39.84412],[-0.30204,39.8429],[-0.30206,39.84211],[-0.30446,39.84194],[-0.30771,39.84201],[-0.30799,39.84189],[-0.31053,39.83975],[-0.31091,39.83895],[-0.31105,39.83795],[-0.31163,39.83701],[-0.31217,39.83681],[-0.31331,39.83562],[-0.31466,39.83462],[-0.31568,39.83437],[-0.3163,39.83459],[-0.31693,39.83444],[-0.31776,39.83365],[-0.3179,39.83302],[-0.31666,39.83239],[-0.31569,39.83221],[-0.31358,39.83134],[-0.31367,39.82946],[-0.31393,39.82888],[-0.31404,39.82796],[-0.31488,39.82688],[-0.31502,39.8261],[-0.31556,39.82502],[-0.31565,39.82328],[-0.31593,39.82327],[-0.31598,39.82307],[-0.31747,39.82353],[-0.32415,39.82384],[-0.325,39.82414],[-0.32694,39.82448],[-0.32875,39.82383],[-0.32986,39.8237],[-0.33061,39.8239],[-0.33149,39.82463],[-0.33239,39.8258],[-0.33505,39.82686],[-0.33814,39.82942],[-0.33886,39.82951],[-0.34043,39.82926],[-0.34302,39.82943],[-0.34584,39.8309],[-0.3468,39.83194],[-0.34766,39.83235],[-0.34812,39.83237],[-0.34953,39.83223],[-0.35106,39.83169],[-0.35155,39.83135],[-0.35244,39.83144],[-0.35438,39.83075],[-0.35569,39.8307],[-0.35668,39.83048],[-0.35838,39.82956],[-0.35894,39.82968],[-0.35974,39.82942],[-0.36008,39.82911],[-0.36015,39.82765],[-0.3599,39.82698],[-0.36076,39.82598],[-0.36095,39.82484],[-0.36185,39.82418],[-0.36318,39.82365],[-0.36382,39.82305],[-0.36385,39.82257],[-0.36358,39.8216],[-0.36176,39.82025],[-0.36124,39.81917],[-0.35949,39.81824],[-0.35743,39.81764],[-0.3569,39.81734],[-0.35601,39.81648],[-0.35484,39.81454],[-0.35507,39.8144],[-0.35514,39.81409],[-0.35489,39.81369],[-0.35473,39.81264],[-0.35389,39.81197],[-0.35327,39.81117],[-0.3535,39.81027],[-0.35113,39.80883],[-0.35093,39.80849],[-0.35082,39.80806],[-0.35109,39.80505],[-0.35084,39.80467],[-0.35086,39.80381],[-0.35096,39.80344],[-0.35169,39.80264],[-0.35173,39.80239],[-0.34991,39.8008],[-0.34928,39.79929],[-0.34959,39.79825],[-0.34954,39.79701],[-0.34982,39.7962],[-0.35049,39.79219],[-0.35035,39.79128],[-0.34972,39.791],[-0.34824,39.79085],[-0.34646,39.78908],[-0.34588,39.78907],[-0.34551,39.78943],[-0.3448,39.78969],[-0.344,39.78966],[-0.34306,39.78928],[-0.34218,39.78913],[-0.34041,39.78807],[-0.33771,39.78753],[-0.33672,39.78764],[-0.33604,39.7873],[-0.33436,39.78721],[-0.33291,39.7869],[-0.33237,39.78664],[-0.33166,39.78541],[-0.33069,39.78493],[-0.32715,39.78456],[-0.32573,39.78425],[-0.32335,39.78292],[-0.32353,39.78266],[-0.32347,39.78246],[-0.32117,39.78056],[-0.31882,39.7782],[-0.31804,39.77796],[-0.31677,39.77694],[-0.31586,39.7766],[-0.31532,39.7762],[-0.31493,39.77617]]]}}]}